Title,Authors,Year,Date,Link,Journal,DOI,Keywords
"Extragenital Gonorrhea and Chlamydia Positivity and the Potential for Missed Extragenital Gonorrhea With Concurrent Urethral Chlamydia Among Men Who Have Sex With Men Attending Sexually Transmitted Disease Clinics-Sexually Transmitted Disease Surveillance Network, 2015-2019","Abara WE, Llata EL, Schumacher C, Carlos-Henderson J, Peralta AM, Huspeni D, Kerani RP, Elder H, Toevs K, Pathela P, Asbel L, Nguyen TQ, Bernstein KT, Torrone EA, Kirkcaldy RD",2020,2020 Jun,,Sexually Transmitted Diseases,,epidemiology; healthcare delivery; infectious disease; public health monitoring; sexual health; sexually transmitted infection; surveillance
"Brucella Exposure Risk Events in 10 Clinical Laboratories, New York City, USA, 2015 to 2017","Ackelsberg J, Liddicoat A, Burke T, Szymczak WA, Levi MH, Ostrowsky B, Hamula C, Patel G, Kopetz V, Saverimuttu J, Sordillo EM, D'Souza D, Mitchell EA, Lowe W, Khare R, Tang YW, Bianchi AL, Egan C, Perry MJ, Hughes S, Rakeman JL, Adams E, Kharod GA, Tiller R, Saile E, Lee S, Gonzalez E, Hoppe B, Leviton IM, Hacker S, Ni KF, Orsini RL, Jhaveri S, Mazariegos I, Dingle T, Koll B, Stoddard RA, Galloway R, Hoffmaster A, Fine A, Lee E, Dentinger C, Harrison E, Layton M",2020,2020 Jan 28,,Journal of Clinical Microbiology,,brucellosis; healthcare delivery; infectious disease; zoonotic disease
"Substance Use Stigma, Primary Care, and the New York State Prescription Drug Monitoring Program","Allen B, Harocopos A, Chernick R",2020,2020 Jan-Mar,,Behavioral Medicine,,access to care; addiction; behavioral health; discrimination; epidemiology; health equity; infectious disease; preventive care; primary care; public health monitoring; sexual health; sexually transmitted infection; social determinants; substance use; surveillance
Delivering Opioid Overdose Prevention in Bars and Nightclubs: A Public Awareness Pilot in New York City,"Allen B, Sisson L, Dolatshahi J, Blachman-Forshay J, Hurley A, Paone D",2020,2020 May/Jun,,Journal of Public Health Management and Practice,,harm reduction; opioid epidemic; overdose prevention; substance use
"Epidemiology of Cryptosporidiosis, New York City, New York, USA, 1995-20181","Alleyne L, Fitzhenry R, Mergen KA, Espina N, Amoroso E, Cimini D, Balter S, Fireteanu AM, Seeley A, Janus L, Gutelius B, Madison-Antenucci S, Thompson CN",2020,2020 Mar,,Emerging Infectious Diseases,,
Injury Severity and Psychological Distress Sustained in the Aftermath of the Attacks of 11 September 2001 Predict Somatic Symptoms in World Trade Center Health Registry Enrollees Sixteen Years Later,"Alper HE, Gargano LM, Cone JE, Brackbill RM",2020,2020 Jun 13,,International Journal of Environmental Research and Public Health,,9/11 health effects; disaster response; epidemiology; injury prevention; mental health; public health; public health monitoring; respiratory disease; surveillance; trauma
Post-9/11 Mental Health Comorbidity Predicts Self-Reported Confusion or Memory Loss in World Trade Center Health Registry Enrollees,"Alper HE, Tuly RA, Seil K, Brite J",2020,2020 Oct 8,,International Journal of Environmental Research and Public Health,,9/11 health effects; behavioral health; disaster response; disease burden; epidemiology; mental health; morbidity; public health monitoring; respiratory disease; surveillance
"Investigation of Presumptive HIV Transmission Associated with Hospitalization Using Nucleotide Sequence Analysis - New York, 2017","Anderson BJ, Clement E, Collura R, Gallucci A, Westheimer E, Braunstein S, Southwick K, Adams E, Lutterloh E, Gonzalez C, McDonald R, Jia H, Switzer WM, Patel PR, Joyce MP, Oster AM",2020,2020 Mar 13,,MMWR Morbidity and Mortality Weekly Report,,HIV/AIDS; disease burden; epidemiology; healthcare quality; healthcare utilization; hospital care; infectious disease; morbidity; mortality; sexual health; sexually transmitted infection; vital statistics
"Trends in Hepatitis B Surveillance Among Pregnant Women in New York City, 1998-2015","Arciuolo RJ, Lazaroff JE, Rosen JB, Lim S, Zucker JR",2020,2020 Sep/Oct 2020,,Public Health Reports,,epidemiology; hepatitis; infectious disease; liver disease; public health monitoring; surveillance
An Introduction to Probabilistic Record Linkage with a Focus on Linkage Processing for WTC Registries,"Asher J, Resnick D, Brite J, Brackbill R, Cone J",2020,2020 Sep 22,,International Journal of Environmental Research and Public Health,,9/11 health effects; disaster response; infectious disease; mental health; respiratory disease; sexual health; sexually transmitted infection
"Health Behaviors and Outcomes Associated With Personal and Family History of Criminal Justice System Involvement, New York City, 2017","Baquero M, Zweig K, Angell SY, Meropol SB",2020,2020 Mar,,American Journal of Public Health,,criminal justice; health equity; infectious disease; sexual health; sexually transmitted infection; social determinants
Factors associated with household contacts' tuberculosis testing and evaluation,Barroso EG,2020,2020 Sep,,Public Health Nurs,,infectious disease; respiratory infection; sexual health; sexually transmitted infection; tuberculosis
"Cost Comparison Between 2 Responses to Hepatitis A Virus Incidents in Restaurant Food Handlers-New York City, 2015 and 2017","Baum SE, Reddy V, Vora NM, Balter S, Daskalakis D, Barbot O, Misener M, Rakeman J, Rojas J, Starr D, Waechter H, Zucker J, Lee D",2020,2020 Mar/Apr,,Journal of Public Health Management and Practice,,environmental health; food safety; hepatitis; infectious disease; liver disease; regulation
"Cost of Tuberculosis Therapy Directly Observed on Video for Health Departments and Patients in San Francisco, California; and Rhode Island (2017-2018)","Beeler Asay GR, Lam CK, Stewart B, Mangan JM, Romo L, Marks SM, Morris SB, Gummo CL, Keh CE, Hill AN, Thomas A, Macaraig M, St John K, J Ampie T, Chuck C, Burzynski J",2020,2020,,American Journal of Public Health,,infectious disease; respiratory infection; tuberculosis
Impact of Removing Medicaid Fee-for-Service Hepatitis C Virus (HCV) Treatment Restrictions on HCV Provider Experience with Medicaid Managed Care Organizations in New York City,"Behrends CN, Gutkind S, Deming R, Fluegge KR, Bresnahan MP, Schackman BR",2020,2021 Aug,,Journal of Urban Health,,access to care; health insurance; health policy; healthcare delivery; hepatitis; infectious disease; liver disease
Association between racial discrimination and health-related quality of life and the impact of social relationships,"Bergeron G, Lundy De La Cruz N, Gould LH, Liu SY, Levanon Seligson A",2020,2020 Oct,,Quality of Life Research,,discrimination; health disparities; health equity; health outcomes; quality of life; social determinants
Guidelines for reporting case studies and series on drug-induced QT interval prolongation and its complications following acute overdose,"Berling I, Hatten BW, Hoffman RS, Othong R, Roberts DM, Mustafa RA, Yates C, Cormier M, Gosselin S",2020,2020 Jan,,Clin Toxicol (Phila),,data quality; harm reduction; opioid epidemic; overdose prevention; public health infrastructure; substance use; surveillance
Measuring Implementation Strategy Fidelity in HealthyHearts NYC: A Complex Intervention Using Practice Facilitation in Primary Care,"Berry CA, Nguyen AM, Cuthel AM, Cleland CM, Siman N, Pham-Singer H, Shelley DR",2020,2020,,American Journal of Medical Quality,,access to care; healthcare delivery; preventive care; primary care; program evaluation; public health intervention
ZIP Code-Level Estimates from a Local Health Survey: Added Value and Limitations,"Bi Q, He F, Konty K, Gould LH, Immerwahr S, Levanon Seligson A",2020,2020 Aug,,Journal of Urban Health,,epidemiology; infectious disease; sexual health; sexually transmitted infection
"SARS-CoV-2-Associated Deaths Among Persons Aged <21 Years - United States, February 12-July 31, 2020","Bixler D, Miller AD, Mattison CP, Taylor B, Komatsu K, Peterson Pompa X, Moon S, Karmarkar E, Liu CY, Openshaw JJ, Plotzker RE, Rosen HE, Alden N, Kawasaki B, Siniscalchi A, Leapley A, Drenzek C, Tobin-D'Angelo M, Kauerauf J, Reid H, Hawkins E, White K, Ahmed F, Hand J, Richardson G, Sokol T, Eckel S, Collins J, Holzbauer S, Kollmann L, Larson L, Schiffman E, Kittle TS, Hertin K, Kraushaar V, Raman D, LeGarde V, Kinsinger L, Peek-Bullock M, Lifshitz J, Ojo M, Arciuolo RJ, Davidson A, Huynh M, Lash MK, Latash J, Lee EH, Li L, McGibbon E, McIntosh-Beckles N, Pouchet R, Ramachandran JS, Reilly KH, et al",2020,2020 Sep 18,,MMWR Morbidity and Mortality Weekly Report,,COVID-19; disease burden; epidemiology; infectious disease; morbidity; mortality; pandemic; respiratory infection; vital statistics
"Estimating hepatitis C prevalence in New York City using surveillance data, a spreadsheet model, and simulations","Bocour A, Greene SK",2020,2020,,SAGE Research Methods Cases: Medicine and Health,,epidemiology; hepatitis; infectious disease; liver disease; public health monitoring; sexual health; sexually transmitted infection; surveillance
Impact of the Centers for Disease Control and Prevention Recommendation and State Law on Birth Cohort Hepatitis C Screening of New York City Medicaid Recipients,"Bocour A, Moore MS, Winters A",2020,2020 Jun,,American Journal of Preventive Medicine,,access to care; birth outcomes; epidemiology; health insurance; health policy; hepatitis; infectious disease; liver disease; maternal health; reproductive health
"The Mortality After Release from Incarceration Consortium (MARIC): Protocol for a multi-national, individual participant data meta-analysis","Borschmann R, Tibble H, Spittal MJ, Preen D, Pirkis J, Larney S, Rosen DL, Young JT, Love AD, Altice FL, Binswanger IA, Bukten A, Butler T, Chang Z, Chen CY, Clausen T, Christensen PB, Culbert GJ, Degenhardt L, Dirkzwager A, Dolan K, Fazel S, Fischbacher C, Giles M, Graham L, Harding D, Huang YF, Huber F, Karaminia A, Keen C, Kouyoumdjian FG, Lim S, Møller L, Moniruzzaman A, Morenoff J, O'Moore E, Pizzicato LN, Pratt D, Proescholdbell SK, Ranapurwala SI, Shanahan ME, Shaw J, Slaunwhite A, Somers JM, Spaulding AC, Stern MF, Viner KM, Wang N, Willoughby M, Zhao B, Kinner SA",2020,2020 Jan 25,,International Journal of Population Data Science,,criminal justice; health equity; mortality; social determinants; vital statistics
COVID-19 infection among people with HIV in New York City: A population-level analysis of linked surveillance data,"Braunstein SL, Lazar R, Wahnich A, Daskalakis DC, Blackstock OJ",2020,2020,,Clinical Infectious Diseases,,COVID-19; HIV/AIDS; epidemiology; healthcare delivery; infectious disease; pandemic; public health monitoring; respiratory infection; sexually transmitted infection; surveillance
"Drug Overdose Deaths Among People With HIV in New York City, 2007-2017","Braunstein SL, Robbins RS, Ramaswamy C, Daskalakis D",2020,2020,,Journal of Acquired Immune Deficiency Syndromes,,HIV/AIDS; harm reduction; infectious disease; mortality; opioid epidemic; overdose prevention; sexually transmitted infection; substance use; vital statistics
Association Between Socioeconomic Status and Asthma-Related Emergency Department Visits Among World Trade Center Rescue and Recovery Workers and Survivors,"Brite J, Alper HE, Friedman S, Takemoto E, Cone J",2020,2020 Mar 2,,JAMA Network Open,,9/11 health effects; access to care; chronic disease; disaster response; emergency care; health equity; healthcare utilization; mental health; occupational health; poverty; public health; pulmonary health; respiratory disease; social determinants; worker safety
"Erroneous Reporting of Deaths Attributed to Pneumonia and Influenza at 2 New York City Teaching Hospitals, 2013-2014","Brown TS, Dubowski K, Plitt M, Falci L, Lee E, Huynh M, Furuya Y, Vora NM",2020,2020,,Public Health Reports,,data quality; healthcare quality; healthcare utilization; hospital care; infectious disease; influenza; mortality; public health infrastructure; respiratory infection; surveillance; vaccination; vital statistics
Supporting a Comprehensive International Approach to Global Tuberculosis Eradication Is the Right Thing to Do,"Burzynski J, Keshavjee S",2020,2020 Dec 1,,American Journal of Respiratory and Critical Care Medicine,,chronic disease; infectious disease; pulmonary health; respiratory disease; respiratory infection; tuberculosis
Transforming essential services for tuberculosis during the COVID-19 pandemic: lessons from New York City,"Burzynski J, Macaraig M, Nilsen D, Schluger NW",2020,2020 Jul 1,,International Journal of Tuberculosis and Lung Disease,,COVID-19; infectious disease; pandemic; respiratory infection; tuberculosis
"Detection and Genetic Characterization of Community-Based SARS-CoV-2 Infections - New York City, March 2020","Bushman D, Alroy KA, Greene SK, Keating P, Wahnich A, Weiss D, Pathela P, Harrison C, Rakeman J, Langley G, Tong S, Tao Y, Uehara A, Queen K, Paden CR, Szymczak W, Orner EP, Nori P, Lai PA, Jacobson JL, Singh HK, Calfee DP, Westblade LF, Vasovic LV, Rand JH, Liu D, Singh V, Burns J, Prasad N; CDC COVID-19 Surge Laboratory Group; Sell J",2020,2020 Jul 17,,MMWR Morbidity and Mortality Weekly Report,,COVID-19; disease burden; epidemiology; infectious disease; morbidity; mortality; pandemic; respiratory infection; vital statistics
Pandemic diseases preparedness and response in the age of COVID-19-a symposium report,"Cable J, Heymann DL, Uzicanin A, Tomori O, Marinissen MJ, Katz R, Kerr L, Lurie N, Parker GW, Madad S, Maldin Morgenthau B, Osterholm MT, Borio L",2020,2020,,Annals of the New York Academy of Sciences,,COVID-19; infectious disease; pandemic; respiratory infection
Implementing Respondent-Driven Sampling to Recruit Women Who Exchange Sex in New York City: Factors Associated with Recruitment and Lessons Learned,"Carrillo SA, Rivera AV, Braunstein SL",2020,2020 Feb,,AIDS and Behavior,,HIV/AIDS; infectious disease; sexually transmitted infection
"Evidence for Limited Early Spread of COVID-19 Within the United States, January-February 2020","CDC COVID-19 Response Team, Jorden MA, Rudman SL, Villarino E, Hoferka S, Patel MT, Bemis K, Simmons CR, Jespersen M, Iberg Johnson J, Mytty E, Arends KD, Henderson JJ, Mathes RW, Weng CX, Duchin J, Lenahan J, Close N, Bedford T, Boeckh M, Chu HY, Englund JA, Famulare M, Nickerson DA, Rieder MJ, Shendure J, Starita LM",2020,2020 Jun 5,,MMWR Morbidity and Mortality Weekly Report,,COVID-19; disease burden; epidemiology; infectious disease; morbidity; mortality; pandemic; respiratory infection; vital statistics
"The hepatitis C virus care cascade in the New York City jail system during the direct acting antiviral treatment era, 2014-2017","Chan J, Kaba F, Schwartz J, Bocour A, Akiyama MJ, Rosner Z, Winters A, Yang P, MacDonald R",2020,2020 Oct 5,,EClinicalMedicine,,healthcare delivery; hepatitis; infectious disease; liver disease
Outcomes of Hepatitis C Virus Treatment in the New York City Jail Population: Successes and Challenges Facing Scale up of Care,"Chan J, Schwartz J, Kaba F, Bocour A, Akiyama MJ, Hobstetter L, Rosner Z, Winters A, Yang P, MacDonald R",2020,2020 Jun 30,,Open Forum Infectious Diseases,,hepatitis; infectious disease; liver disease
Identifying demographic and health profiles of young adults with frequent jail incarceration in New York City during 2011-2017,"Chan PY, Kaba F, Lim S, Katyal M, MacDonald R",2020,2020 Jun,,Annals of Epidemiology,,criminal justice; health equity; social determinants
Neighborhood-Level Chronic Disease Surveillance: Utility of Primary Care Electronic Health Records and Emergency Department Claims Data,"Chan PY, Perlman SE, Lee DC, Smolen JR, Lim S",2020,2020,,Journal of Public Health Management and Practice,,access to care; emergency care; epidemiology; healthcare utilization; preventive care; primary care; public health monitoring; surveillance
Rethinking Interpreter Functions in Mental Health Services,"Chang DF, Hsieh E, Somerville WB, Dimond J, Thomas M, Nicasio A, Boiler M, Lewis-Fernández R",2020,2020,,Psychiatric Services,,behavioral health; mental health
"Pre-exposure Prophylaxis Use and Detected Sexually Transmitted Infections Among Men Who Have Sex With Men in the United States-National HIV Behavioral Surveillance, 5 US Cities, 2017","Chapin-Bardales J, Johnson Jones ML, Kirkcaldy RD, Bernstein KT, Paz-Bailey G, Phillips C, Papp JR, Raymond HF, Opoku J, Braunstein SL, Spencer EC, Khuwaja S, Wejnert C; NHBS STI Study Group",2020,2020 Dec 1,,Journal of Acquired Immune Deficiency Syndromes,,HIV/AIDS; epidemiology; infectious disease; public health monitoring; sexually transmitted infection; surveillance
The COVID-19 Shadow Pandemic: Meeting Social Needs For A City In Lockdown,"Clapp J, Calvo-Friedman A, Cameron S, Kramer N, Kumar SL, Foote E, Lupi J, Osuntuyi O, Chokshi DA",2020,2020 Sep,,Health Aff (Millwood),,COVID-19; infectious disease; pandemic; respiratory infection
Mobilizing a Public Health Response: Supporting the Perinatal Needs of New Yorkers During the COVID-19 Pandemic,"Claudio E, Donahue J, Niles PM, Pirsch A, Ramos P, Neely I, Conceiçaõ R, Thomas MP, St Vil T, Kaplan D",2020,2020 Sep,,Maternal and Child Health Journal,,COVID-19; child health; infectious disease; maternal health; pandemic; pediatric health; pregnancy; reproductive health; respiratory infection
"Unnamed partners from syphilis partner services interviews, 7 jurisdictions","Cope AB, Bernstein K, Matthias J, Rahman M, Diesel J, Pugsley RA, Schillinger JA, Chew Ng RA, Sachdev D, Shaw R, Nguyen TQ, Klingler EJ, Mobley VL, Samoff E, Peterman TA",2020,2020,,Sexually Transmitted Diseases,,infectious disease; sexual health; sexually transmitted infection
Addressing ethical challenges in US-based HIV phylogenetic research,"Dawson L, Benbow N, Fletcher FE, Kassaye S, Killelea A, Latham SR, Lee LM, Leitner T, Little SJ, Mehta SR, Martinez O, Minalga B, Poon A, Rennie S, Sugarman J, Sweeney P, Torian LV, Wertheim JO",2020,2020 Nov 13,,Journal of Infectious Diseases,,HIV/AIDS; infectious disease; sexually transmitted infection
Continued Decline in Obesity and Severe Obesity Prevalence Among New York City Public School Youth in Grades K-8:,"Day SE, D'Agostino EM, Huang TT, Larkin M, Harr L, Konty KJ",2020,2020,,,,chronic disease; epidemiology; nutrition; obesity
"Use of Capture-Recapture Analysis to Assess Reporting Completeness of Births to Hepatitis B-Positive Women in New York City,","Devinney K, Lazaroff J, Rosen JB, Zimmerman CM, Zucker JR",2020,2020,,,,birth outcomes; data quality; hepatitis; infectious disease; liver disease; maternal health; public health infrastructure; reproductive health; surveillance
"Age and Risk-Factor Based Serologic Screening for Hepatitis C Virus among an Urban, High-Risk Population","Dimova RB, Rude E, Talal AH",2020,2020 Dec,,Journal of Viral Hepatitis,,hepatitis; infectious disease; liver disease
Fentanyl-contaminated cocaine outbreak with laboratory confirmation in New York City in 2019,"DiSalvo P, Cooper G, Tsao J, Romeo M, Laskowski LK, Chesney G, Su MK",2020,2020 Dec 7,,American Journal of Emergency Medicine,,epidemiology; infectious disease; outbreak investigation
Disparities in Sugary Drink Advertising on New York City Streets,"Dowling EA, Roberts C, Adjoian T, Farley SM, Dannefer R",2020,2020 Mar,,American Journal of Preventive Medicine,,health disparities; health equity; social determinants
Large for Gestational Age and Risk for Academic Delays and Learning Disabilities: Assessing Modification by Maternal Obesity and Diabetes. Int. J. Environ. Res,"Duffany KO, McVeigh KH, Lipkind HS, Kershaw TS, Ickovics JR",2020,2020,,Public Health,,chronic disease; diabetes; maternal health; metabolic disorder; nutrition; obesity; pregnancy; reproductive health
A comparison of the four healthy days measures (HRQOL-4) with a single measure of self-rated general health in a population-based health survey in New York City,"Dumas SE, Dongchung TY, Sanderson ML, Bartley K, Levanon Seligson A",2020,2020 Sep 24,,Health and Quality of Life Outcomes,,epidemiology; health outcomes; quality of life
Implementation of HIV Self-Testing Program in New York City,"Edelstein ZR, Hubbard SJ, Myers JE",2020,2020 Apr 1,,JAMA Internal Medicine,,HIV/AIDS; healthcare delivery; infectious disease; sexual health; sexually transmitted infection
"Five Waves of an Online HIV SelfTest Giveaway in New York City, 2015-2018","Edelstein ZR, Wahnich A, Purpura LJ, Salcuni PM, Tsoi BW, Kobrak PH, Santos P, Andaluz A, MacGregor JH, Matsuki JDM, Katz DA, Daskalakis DC, Myers JE",2020,2020 May,,Sexually Transmitted Diseases,,HIV/AIDS; infectious disease; sexually transmitted infection
"First glimpse into the origin and spread of the Asian longhorned tick, Haemaphysalis longicornis, in the United States","Egizi A, Bulaga-Seraphin L, Alt E, Bajwa WI, et al",2020,2020 Sep,,Zoonoses and Public Health,,
"Flavored Tobacco Sales Prohibition (2009) and Noncigarette Tobacco Products in Retail Stores (2017), New York City","Farley SM, Sisti J, Jasek J, Schroth KRJ",2020,2020 May,,American Journal of Public Health,,preventive care; smoking cessation; tobacco use
An expanded HIV screening strategy in the Emergency Department fails to identify most patients with undiagnosed infection: insights from a blinded serosurvey,"Felsen UR, Torian LV, Futterman DC, Stafford S, Xia Q, Allan D, Esses D, Cunningham CO, Weiss JM, Zingman BS",2020,2020 Feb,,AIDS Care,,HIV/AIDS; access to care; emergency care; epidemiology; healthcare utilization; infectious disease; sexually transmitted infection
"The Bard Prison Initiative: Education, Incarceration, and Public Health","Fullilove RE, Cortes A, Gamarra R, Maxis H",2020,2020 Jan,,American Journal of Public Health,,behavior change; criminal justice; health communication; health education; health equity; social determinants
"Hepatitis C infection among men who have sex with men living with HIV in New York City, 2000-2015","Gabai CM, Moore MS, Penrose K, Braunstein S, Bocour A, Neaigus A, Winters A",2020,2020 Sep,,Sexually Transmitted Infections,,HIV/AIDS; hepatitis; infectious disease; liver disease; sexually transmitted infection
Integrating Financial Incentives for Viral Load Suppression into HIV Care Coordination Programs: Considerations for Development and Implementation,"Gambone GF, Feldman MB, Thomas-Ferraioli AY, Shubert V, Ghose T",2020,2020 Sep/Oct,,Journal of Public Health Management and Practice,,HIV/AIDS; healthcare delivery; infectious disease; sexually transmitted infection
Evaluation of recorded video-observed therapy for anti-tuberculosis treatment,"Garfein RS, Liu L, Cuevas-Mota J, Collins K, Catanzaro DG, Muñoz F, Moser K, Chuck C, Higashi J, Bulterys MA, Raab F, Rios P",2020,2020 May 1,,International Journal of Tuberculosis and Lung Disease,,infectious disease; respiratory infection; tuberculosis
The Intentional Self-Medication of 9/11-Related PTSD Symptoms with Alcohol: 15 Years after the Disaster,"Garrey SK, Welch AE, Jacobson MH, Brackbill RM, Gargano LM",2020,2020 Jul 24,,International Journal of Environmental Research and Public Health,,9/11 health effects; PTSD; alcohol use; behavioral health; disaster response; mental health; respiratory disease; substance use; trauma
Accounting for Blood Pressure Seasonality Alters Evaluation of Practice-Level Blood Pressure Control Intervention,"Gepts T, Nguyen AM, Cleland C, Wu W, Pham-Singer H, Shelley D",2020,2020 Mar 13,,American Journal of Hypertension,,cardiovascular disease; chronic disease; hypertension; program evaluation; public health intervention
Confirming mortality in a longitudinal exposure cohort: optimizing National Death Index search result processing,"Giesinger I, Li J, Takemoto E, Brackbill RM, Cone JE, Qiao B, Farfel MR",2020,2021 Apr,,Annals of Epidemiology,,epidemiology; mortality; vital statistics
"Association Between Posttraumatic Stress Disorder and Mortality Among Responders and Civilians Following the September 11, 2001, Disaster","Giesinger I, Li J, Takemoto E, Cone JE, Farfel MR, Brackbill RM",2020,2020 Feb 5,,JAMA Network Open,,9/11 health effects; PTSD; disaster response; injury prevention; mental health; mortality; public health; respiratory disease; trauma; vital statistics
Demographic and psychological moderators of the relationship between neighborhood cigarette advertising and current smoking in New York City,"Giovenco DP, Spillane TE, Baig SA, Dumas SE, Dongchung TY, Sanderson M, Sisti JS, Farley SM, Jasek JP, Seligson AL",2020,2020 Sep 15,,Health & Place,,preventive care; smoking cessation; tobacco use
"COVID-19-Associated Multisystem Inflammatory Syndrome in Children - United States, March-July 2020","Godfred-Cato S, Bryant B, Leung J, Oster ME, Conklin L, Abrams J, Roguski K, Wallace B, Prezzato E, Koumans EH, Lee EH, Geevarughese A, Lash MK, Reilly KH, Pulver WP, Thomas D, Feder KA, Hsu KK, Plipat N, Richardson G, Reid H, Lim S, Schmitz A, Pierce T, Hrapcak S, Datta D, Morris SB, Clarke K, Belay E; California MIS-C Response Team",2020,2020 Aug 14,,MMWR Morbidity and Mortality Weekly Report,,COVID-19; child health; disease burden; epidemiology; infectious disease; morbidity; mortality; pandemic; pediatric health; respiratory infection; vital statistics
Presence of neonatal intensive care services at birth hospital and early intervention enrollment in infants ≤1500 g,"Gogcu S, Aboudi D, Kase J, LaGamma E, Brumberg HL",2020,2020,,Journal of Perinatal Medicine,,birth outcomes; child health; healthcare quality; healthcare utilization; hospital care; infant health; maternal health; pediatric health; pregnancy; program evaluation; public health intervention; reproductive health
Financial Stability as a Goal of Payment Reform-A Lesson From COVID-19,"Gondi S, Chokshi DA",2020,2020 Oct 27,,JAMA,,COVID-19; infectious disease; pandemic; respiratory infection
Design and methods of NYC care calls: An effectiveness trial of telephone-delivered type 2 diabetes self-management support,"Gonzalez JS, Hoogendoorn CJ, Linnell J, Fishman S, Jonas V, Pham-Singer H, Schechter CB, Walker EA, Wu WY",2020,2020,,Contemporary Clinical Trials,,chronic disease; diabetes; healthcare delivery; metabolic disorder
Surveillance to Monitor the Impact of the Trump Administration on the Health of New York City Residents,"Gould LH, Sun E, Germain P, Gallego A, Adams L, Huynh M, Van Wye G, Gwynn RC, Barbot O",2020,2020 Nov/Dec,,Journal of Public Health Management and Practice,,epidemiology; public health monitoring; surveillance
Detecting Drop-offs in Electronic Laboratory Reporting for Communicable Diseases in New York City,"Greene SK, Andrews EM, Evans Lloyd P, Baumgartner J, Peterson ER",2020,2020 Nov/Dec,,Journal of Public Health Management and Practice,,data quality; public health infrastructure; surveillance
"Evaluation of Nowcasting for Real-Time COVID-19 Tracking - New York City, March-May 2020","Greene SK, McGough SF, Culp GM, Graf LE, Lipsitch M, Menzies NA, Kahn R",2020,2020,,medRxiv [Preprint],,COVID-19; infectious disease; pandemic; respiratory infection; sexual health; sexually transmitted infection
Marketing of Tenofovir Disoproxil Fumarate (TDF) Lawsuits and Social Media Misinformation Campaigns' Impact on PrEP Uptake Among Gender and Sexual Minority Individuals,"Grov C, Westmoreland DA, D'Angelo AB, Johnson J, Nash D, Daskalakis DC; Together 5000 team",2020,2020,,AIDS and Behavior,,HIV/AIDS; infectious disease; sexually transmitted infection
"Detection of Recurrent Hepatitis C Viremia Using Surveillance Data, New York City","Guerra K, Bocour A, Moore MS, Winters A",2020,2020,,Journal of Public Health Management and Practice,,epidemiology; hepatitis; infectious disease; liver disease; public health monitoring; surveillance
"Asthma-COPD overlap in World Trade Center Health Registry enrollees, 2015-2016","Haghighi A, Cone JE, Li J, de la Hoz RE",2020,2020,,Journal of Asthma,,9/11 health effects; chronic disease; disaster response; epidemiology; mental health; public health monitoring; pulmonary health; respiratory disease; surveillance
Association between primary heath care and dental service use among supportive housing tenants with behavioral health conditions,"Hall G, Dai WF, Lim S",2020,2020,,Community Dentistry and Oral Epidemiology,,climate change; environmental health; health equity; housing; social determinants
"Post-Traumatic Stress Disorder among Survivors of the September 11, 2001 World Trade Center Attacks: A Review of the Literature","Hamwey MK, Gargano LM, Friedman LG, Leon LF, Petrsoric LJ, Brackbill RM",2020,2020 Jun 17,,International Journal of Environmental Research and Public Health,,9/11 health effects; PTSD; disaster response; injury prevention; mental health; public health; respiratory disease; trauma
"Using Urine Drug Testing to Estimate the Prevalence of Drug Use: Lessons Learned From the New York City Health and Nutrition Examination Survey, 2013-2014","Han BH, Mello E, Tuazon E, Paone D",2020,2020,,Public Health Reports,,addiction; behavioral health; chronic disease prevention; epidemiology; infectious disease; nutrition; public health; sexual health; sexually transmitted infection; substance use
"Trends in inpatient discharges with drug or alcohol admission diagnoses to a skilled nursing facility among older adults, New York City 2008-2014","Han BH, Tuazon E, Kunins HV, Paone D",2020,2020 Dec 10,,Harm Reduction Journal,,HIV prevention; aging; alcohol use; behavioral health; elderly health; geriatrics; harm reduction; healthcare quality; healthcare utilization; hospital care; substance use
"Sex- and Poverty-Specific Patterns in Cardiovascular Disease Mortality Associated With Human Immunodeficiency Virus, New York City, 2007-2017","Hanna DB, Ramaswamy C, Kaplan RC, Kizer JR, Daskalakis D, Anastos K, Braunstein SL",2020,2020 Jul 27,,Clinical Infectious Diseases,,cardiovascular disease; chronic disease; health equity; healthcare delivery; heart health; mortality; poverty; social determinants; vital statistics
Retail Deli Characteristics Associated with Sanitizing Solution Concentrations,"Holst M, Brown LG, Hoover ER, Julian E, Faw BV, Hedeen N, McKelvey W, Nicholas D, Ripley D",2020,2020 Oct 1,,Journal of Food Protection,,infectious disease; sexual health; sexually transmitted infection
Evaluating Race and Ethnicity Reported in Hospital Discharge Data and Its Impact on the Assessment of Health Disparities,"Howland RE, Tsao TY",2020,2020 Mar,,Medical Care,,health disparities; health equity; healthcare quality; healthcare utilization; hospital care; social determinants
"Infectious Disease Hospitalizations, New York City, 2001-2014","Huang CC, Lucero DE, Lim S, Zhao Y, Arciuolo RJ, Burzynski J, Daskalakis D, Fine AD, Kennedy J, Haberling D, Vora NM",2020,2020 Sep/Oct,,Public Health Reports,,healthcare quality; healthcare utilization; hospital care
Hospitalizations Involving an Intensive Care Unit Admission Among Patients Aged 65 Years and Older Within New York City Hospitals During 2000-2014,"Illescas AH, Kache PA, Whittemore K, Lucero DE, Quinn C, Daskalakis D, Vora NM",2020,2020 Jan,,Medical Care,,healthcare quality; healthcare utilization; hospital care
"PROMISE (Program Refinements to Optimize Model Impact and Scalability based on Evidence): a cluster-randomised, stepped-wedge trial assessing effectiveness of the revised versus original Ryan White Part A HIV Care Coordination Programme for patients with barriers to treatment in the USA","Irvine MK, Levin B, Robertson MM, Penrose K, Carmona J, Harriman G, Braunstein SL, Nash D",2020,2020 Jul 27,,BMJ Open,,HIV/AIDS; epidemiology; infectious disease; outbreak investigation; sexually transmitted infection
"Residential mobility and chronic disease among World Trade Center Health Registry enrollees, 2004-2016","Jacobson M, Crossa A, Liu SY, Locke S, Poirot E, Stein C, Lim S",2020,2020 Jan,,Health & Place,,9/11 health effects; disaster response; epidemiology; mental health; public health monitoring; respiratory disease; surveillance
Assessing Air Quality and Public Health Benefits of New York City's Climate Action Plans,"Johnson S, Haney J, Cairone L, Huskey C, Kheirbek I",2020,2020 Aug 18,,Environmental Science & Technology,,air quality; climate change; environmental health; respiratory health
"Tuberculosis Contact Investigations Conducted in New York City Adult Day Care and Senior Centers, 2011-2018","Jordan HT, Calderon M, Pichardo C, Ahuja SD",2020,2022 Feb,,Journal of Applied Gerontology,,infectious disease; respiratory infection; sexual health; sexually transmitted infection; tuberculosis
Environmental Determinants of Aedes albopictus Abundance at a Northern Limit of Its Range in the United States,"Kache PA, Eastwood G, Collins-Palmer K, Katz M, Falco RC, Bajwa WI, Armstrong PM, Andreadis TG, Diuk-Wasser MA",2020,2020 Feb,,American Journal of Tropical Medicine and Hygiene,,
Distinct New York City Aedes albopictus Mosquito Populations Display Differences in Salivary Gland Protein D7 Diversity and Chikungunya Virus Replication,"Kaczmarek ME, Herzog NL, Noval MG, Zuzworsky J, Shah Z, Bajwa WI, Stapleford KA",2020,2020 Jun 28,,Viruses,,firearm injury; infectious disease; injury prevention; sexual health; sexually transmitted infection; violence prevention
Characteristics and outcomes of COVID-19 patients in New York City's public hospital system,"Kalyanaraman Marcello R, Dolle J, Grami S, Adule R, Li Z, Tatem K, Anyaogu C, Apfelroth S, Ayinla R, Boma N, Brady T, Cosme-Thormann BF, Costarella R, Ford K, Gaither K, Jacobson J, Kanter M, Kessler S, Kristal RB, Lieber JJ, Mukherjee V, Rizzo V Jr, Rowell M, Stevens D, Sydney E, Wallach A, Chokshi DA, Davis N; New York City Health + Hospitals COVID-19 Population Health Data Team",2020,2020 Dec 17,,PLOS One,,COVID-19; healthcare quality; healthcare utilization; hospital care; infectious disease; pandemic; respiratory infection; sexual health; sexually transmitted infection
Identifying New York City Neighborhoods at Risk of Being Overlooked for Interventions,"Kang JX, Levanon Seligson A, Dragan KL",2020,2020 Apr 23,,Preventing Chronic Disease,,program evaluation; public health intervention
Increasing Access to Buprenorphine in Safety-Net Primary Care Clinics: The New York City Buprenorphine Nurse Care Manager Initiative,"Kaplan-Dobbs M, Kattan JA, Tuazon E, Jimenez C, Saleh S, Kunins HV",2020,2020,,American Journal of Public Health,,access to care; healthcare delivery; preventive care; primary care
"Physical fitness disparities among New York City public school youth using standardized methods, 2006-2017","Konty KJ, Day SE, Larkin M, Thompson HR, D'Agostino EM",2020,2020 Apr 9,,PLOS One,,health disparities; health equity; social determinants
"Tenofovir Alafenamide for HIV Preexposure Prophylaxis. Ann Intern Med. 2020 Jul 7;173(1):78. 100. Krieger N, Van Wye G, Huynh M, Waterman PD, Maduro G, Li W, Gwynn RC, Barbot O, Bassett MT. Structural Racism, Historical Redlining, and Risk of Preterm Birth in New York City, 2013-2017","Krakower DS, Daskalakis DC, Feinberg J, Marcus JL",2020,2020 Jul,,American Journal of Public Health,,HIV/AIDS; birth outcomes; infectious disease; maternal health; reproductive health; sexually transmitted infection
"Mumps: an Update on Outbreaks, Vaccine Efficacy, and Genomic Diversity","Lam E, Rosen JB, Zucker JR",2020,2020 Feb 26,,Clinical Microbiology Reviews,,epidemiology; healthcare delivery; immunization; infectious disease; measles; outbreak investigation; preventive care; vaccination
Factors Influencing the Prioritization of Injured Patients for Transfer to a Burn or Trauma Center Following a Mass Casualty Event,"Lancet EA, Zhang WW, Roblin P, Arquilla B, Zeig-Owens R, Asaeda G, Kaufman B, Alexandrou NA, Gallagher JJ, Cooper ML, Styles T, Prezant DJ, Quinn C",2020,2020,,Disaster Medicine and Public Health Preparedness,,injury prevention; public health; trauma
"Notes from the Field: Rebound in Routine Childhood Vaccine Administration Following Decline During the COVID19 Pandemic - New York City, March 1-June 27, 2020","Langdon-Embry M, Papadouka V, Cheng I, Almashhadani M, Ternier A, Zucker JR",2020,2020 Jul 31,,MMWR Morbidity and Mortality Weekly Report,,COVID-19; child health; disease burden; epidemiology; immunization; infectious disease; morbidity; mortality; pandemic; pediatric health; preventive care; respiratory infection; vaccination; vital statistics
"Salmonellosis Outbreak Detected by Automated Spatiotemporal Analysis - New York City, May-June 2019","Latash J, Greene SK, Stavinsky F, Li S, McConnell JA, Novak J, Rozza T, Wu J, Omoregie E, Li L, Peterson ER, Gutelius B, Reddy V",2020,2020 Jul 3,,MMWR Morbidity and Mortality Weekly Report,,disease burden; epidemiology; infectious disease; morbidity; mortality; outbreak investigation; vital statistics
"First 12 Months of Life for Infants in New York City, New York, With Possible Congenital Zika Virus Exposure","Lee EH, Cooper H, Iwamoto M, Lash M, Conners EE, Bloch D, Clark S, Hrusa G, Kubinson H, Paladini M, McGibbon E, Rakeman JL, Fine AD, Limberger RJ, Liu D, Slavinski S; New York City Department of Health and Mental Hygiene Zika Working Group [Dominique Balan, Chantal Hall, Scott Harper, Alex Illescas, Marcelle Layton, Christopher Lee, Kristen Lee, Natasha McIntosh, Alhaji Saffa, Alaina Stoute, Corinne Thompson, Don Weiss, Ann Winters]",2020,2020 Jul 13,,J Pediatric Infect Dis Soc,,arboviral disease; birth defects; child health; congenital disorders; infant health; infectious disease; pediatric health; vector-borne disease
Race/Ethnicity Among Children With COVID-19-Associated Multisystem Inflammatory Syndrome,"Lee EH, Kepler KL, Geevarughese A, Paneth-Pollak R, Dorsinville MS, Ngai S, Reilly KH",2020,2020 Nov 2,,JAMA Network Open,,COVID-19; child health; health disparities; health equity; infectious disease; pandemic; pediatric health; respiratory infection; social determinants
Impact of maternal stressors and neonatal clinical factors on post-partum depression screening scores,"Levinson M, Parvez B, Aboudi D, Shah S",2020,2020,,Journal of Maternal-Fetal & Neonatal Medicine,,behavioral health; child health; healthcare delivery; infant health; maternal health; mental health; pediatric health; pregnancy; reproductive health
"Effect of Policy Change to Require Laboratory Reporting With Pregnancy Indicated for Syphilis and Hepatitis B Virus Infection, New York City, January 2013-June 2018","Liao TS, Hashmi A, Lazaroff J, Hennessy RR, Sanders Kim A, Evans Lloyd P, Rosen JB",2020,2020 Jul/Aug,,Public Health Reports,,data quality; health policy; hepatitis; infectious disease; liver disease; maternal health; pregnancy; public health infrastructure; public health law; regulation; reproductive health; sexual health; sexually transmitted infection; surveillance
"Impact of law enforcement-related deaths of unarmed black New Yorkers on emergency department rates, New York 2013-2016","Liu SY, Lim S, Gould LH",2020,2020,,Journal of Epidemiology and Community Health,,access to care; emergency care; healthcare utilization; mortality; vital statistics
"Collective Trauma and Mental Health Hospitalization Rates Among Children in New York State, 1999-2013: Age, Period, and Cohort Effects","Liu SY, Lim S",2020,2020 Oct,,Journal of Trauma and Stress,,behavioral health; child health; epidemiology; healthcare quality; healthcare utilization; hospital care; injury prevention; mental health; pediatric health; public health; trauma
Change in binge drinking behavior after Hurricane Sandy among persons exposed to the 9/11 World Trade Center disaster,"Locke S, Nguyen AM, Friedman L, Gargano LM",2020,2020 Jun 14,,Preventive Medicine Reports,,9/11 health effects; alcohol use; behavioral health; disaster response; mental health; respiratory disease; substance use
Multicenter Evaluation of the Cepheid Xpert Xpress SARS-CoV-2 Test,"Loeffelholz MJ, Alland D, Butler-Wu SM, Pandey U, Perno CF, Nava A, Carroll KC, Mostafa H, Davies E, McEwan A, Rakeman JL, Fowler RC, et al",2020,2020 Jul 23,,Journal of Clinical Microbiology,,COVID-19; healthcare delivery; infectious disease; pandemic; respiratory infection
Bedaquiline for the Treatment of Multidrug-resistant Tuberculosis in the United States,"Mase S, Chorba T, Parks S, Belanger A, Dworkin F, Seaworth B, Warkentin J, Barry P, Shah N",2020,2020 Aug 14,,Clinical Infectious Diseases,,healthcare delivery; infectious disease; respiratory infection; tuberculosis
"Estimating neonatal herpes simplex virus incidence and mortality using capture-recapture, Florida","Matthias J, du Bernard S, Schillinger JA, Hong J, Pearson V, Peterman TA",2020,2020,,Clinical Infectious Diseases,,child health; epidemiology; healthcare delivery; infant health; infectious disease; mortality; pediatric health; sexual health; sexually transmitted infection; vital statistics
From People to Panthera: Natural SARS-CoV-2 Infection in Tigers and Lions at the Bronx Zoo,"McAloose D, Laverack M, Wang L, Killian ML, Caserta LC, Yuan F, Mitchell PK, Queen K, Mauldin MR, Cronk BD, Bartlett SL, Sykes JM, Zec S, Stokol T, Ingerman K, Delaney MA, Fredrickson R, Ivančić M, Jenkins-Moore M, Mozingo K, Franzen K, Bergeson NH, Goodman L, Wang H, Fang Y, Olmstead C, McCann C, Thomas P, Goodrich E, Elvinger F, Smith DC, Tong S, Slavinski S, et al",2020,2020 Oct 13,,mBio,,COVID-19; infectious disease; pandemic; respiratory infection
Identifying profiles of need among psychiatric inpatients approaching discharge in New York City: a latent class analysis,"McDonald KL, Hoenig JM, Norman CC",2020,2020,,Social Psychiatry and Psychiatric Epidemiology,,behavioral health; healthcare quality; healthcare utilization; hospital care; mental health
"Detection of Ciprofloxacin-Resistant, β-Lactamase-Producing Neisseria meningitidis Serogroup Y Isolates - United States, 2019-2020","McNamara LA, Potts C, Blain AE, Retchless AC, Reese N, Swint S, Lonsway D, Karlsson M, Lunquest K, Sweitzer JJ, Wang X, Hariri S, Fox LM; Antimicrobial-Resistant Neisseria meningitidis Team (Keating P, Li S)",2020,2020 Jun 19,,MMWR Morbidity and Mortality Weekly Report,,disease burden; epidemiology; morbidity; mortality; vital statistics
Feasibility of Patient Navigation and Impact on Adherence to Screening Colonoscopy in a Large Diverse Urban Population,"Mendelsohn RB, DeLeon SF, Calo D, Villegas S, Carlesimo M, Wang JJ, Winawer SJ",2020,2020,,Journal of Racial and Ethnic Health Disparities,,health disparities; health equity; social determinants
Ubiquity of Sugary Drinks and Processed Food Throughout Food and Non-Food Retail Settings in NYC,"Mezzacca TA, Anekwe AV, Farley SM, Kessler KA, Rosa MQ, Bragg MA, Rummo PE",2020,2020 Oct,,Journal of Community Health,,
A Retrospective Cohort Study of Urgent Care Visits and Revisits for Headache/Migraine,"Minen M, Zhou K, Lall R, Friedman BW",2020,2020 Oct 1,,Pain Medicine,,epidemiology
"Case Series of Multisystem Inflammatory Syndrome in Adults Associated with SARS-CoV-2 Infection - United Kingdom and United States, March-August 2020","Morris SB, Schwartz NG, Patel P, Abbo L, Beauchamps L, Balan S, Lee EH, Paneth-Pollak R, Geevarughese A, Lash MK, Dorsinville MS, Ballen V, Eiras DP, Newton-Cheh C, Smith E, Robinson S, Stogsdill P, Lim S, Fox SE, Richardson G, Hand J, Oliver NT, Kofman A, Bryant B, Ende Z, Datta D, Belay E, Godfred-Cato S",2020,2020 Oct 9,,MMWR Morbidity and Mortality Weekly Report,,COVID-19; disease burden; epidemiology; infectious disease; morbidity; mortality; pandemic; respiratory infection; vital statistics
The distribution and spread of susceptible and resistant Neisseria gonorrhoeae across demographic groups in a major metropolitan center,"Mortimer TD, Pathela P, Crawley A, Rakeman JL, Lin Y, Harris SR, Blank S, Schillinger JA, Grad YH",2020,2020,,Clinical Infectious Diseases,,healthcare delivery
Multi-center Evaluation of the Cepheid Xpert® Xpress SARS-CoV-2/Flu/RSV Test,"Mostafa HH, Carroll KC, Hicken R, Berry GJ, Manji R, Smith E, Rakeman JL, Fowler RC, Leelawong M, Butler-Wu SM, Quintero D, Umali-Wilcox M, Kwiatkowski RW, Persing DH, Weir F, Loeffelholz MJ",2020,2020,,Journal of Clinical Microbiology,,COVID-19; healthcare delivery; infectious disease; pandemic; respiratory infection
HIV Prevalence Among Women Who Exchange Sex for Money or Drugs-4 U.S. Cities,"Nerlander LM, Handanagic S, Hess KL, Lutnick A, Agnew-Brune CB, Hoots BE, Braunstein SL, Glick SN, Higgins E, Padgett P, Schuette SM, Broz D, Ivy W 3rd, Smith A, Thorson A, Paz-Bailey G; NHBS High Risk Women Study Group",2020,2020 Aug 1,,Journal of Acquired Immune Deficiency Syndromes,,HIV/AIDS; epidemiology; infectious disease; sexually transmitted infection
"[Olson D, Huynh M, Fine A, Baumgartner J, Castro A, Chan HT, Daskalakis D, Devinney K, Guerra K, Harper S, Kennedy J, Konty K, Li W, McGibbon E, Shaff J, Thompson C, Vora NM, Van Wye G.] Preliminary Estimate of Excess Mortality During the COVID-19 Outbreak - New York City, March 11May 2, 2020",New York City Department of Health and Mental Hygiene (DOHMH) COVID-19 Response Team,2020,2020 May15,,MMWR Morbidity and Mortality Weekly Report,,COVID-19; disease burden; epidemiology; infectious disease; morbidity; mortality; outbreak investigation; pandemic; respiratory infection; sexual health; sexually transmitted infection; vital statistics
"Carriage of Neisseria meningitidis in men who have sex with men presenting to public sexual health clinics, New York City","Ngai S, Weiss D, Bell JA, Majrud D, Zayas G, Crawley A, Kornblum J, Rodriguez-Rivera LD, Quinlan T, Halse TA, Retchless AC, MacNeil J, Pathela P",2020,2020,,Sexually Transmitted Diseases,,healthcare delivery
How Practice Facilitation Strategies Differ by Practice Context,"Nguyen AM, Cuthel A, Padgett DK, Niles P, Rogers E, Pham-Singer H, Ferran D, Kaplan SA, Berry C, Shelley D",2020,2020 Mar,,Journal of General Internal Medicine,,
Attributes of High-Performing Small Practices in a Guideline Implementation: A Multiple-Case Study,"Nguyen AM, Cuthel AM, Rogers ES, Van Devanter N, Pham-Singer H, Shih S, Berry CA, Shelley DR",2020,2020 Jan-Dec,,Journal of Primary Care & Community Health,,access to care; epidemiology; healthcare delivery; preventive care; primary care
Health in Action: Evaluation of a Participatory Grant-Making Project in East Harlem,"Nieves CI, Chan J, Dannefer R, De La Rosa C, Diaz-Malvido C, Realmuto L, Libman K, Brown-Dudley L, Manyindo N",2020,2020 Nov,,Health Promotion Practice,,
"Disparities in mortalityto-incidence ratios by race/ethnicity for female breast cancer in New York City, 2002-2016","Nobel TB, Asumeng CK, Jasek J, Van Beck KC, Mathur R, Qiao B, Brown JJ",2020,2020,,Cancer Medicine,,cancer; chronic disease; epidemiology; health disparities; health equity; mortality; oncology; social determinants; vital statistics
Reformulation of oxycodone 80 mg to prevent misuse: A cohort study assessing the impact of a supply-side intervention,"Nolan ML, Harocopos A, Allen B, Paone D",2020,2020 Sep,,International Journal of Drug Policy,,epidemiology; health policy; program evaluation; public health intervention; public health law; regulation
"Self-Reported Speeding Among New York City Adult Drivers, 20152016","Norton JM, Fung L, Stayton C",2020,2020,,Journal of Community Health,,
"Multiple HPV infections among men who have sex with men engaged in anal cancer screening in Abuja, Nigeria","Nowak RG, Schumaker LM, Ambulos NP, Ndembi N, Dauda W, Nnaji CH, Mitchell A, Mathias TJ, Jibrin P, Darragh TM, Oluwole O, Crowell TA, Baral SD, Charurat ME, Bentzen SM, Palefsky JM, Cullen KJ; TRUST/RV368 Study Group (Rodriguez-Hart C)",2020,2020 Dec,,Papillomavirus Research,,cancer; chronic disease; oncology
STEPS to Care: Translating an Evidence-Informed HIV Care Coordination Program Into a Field-Tested Online Practice Improvement Toolkit,"O'Donnell L, Irvine MK, Wilkes AL, Rwan J, Myint-U A, Leow DM, Whittier D, Harriman G, Bessler P, Higa D, Courtenay-Quirk C",2020,2020 Aug,,AIDS Education and Prevention,,HIV/AIDS; behavior change; health communication; health education; infectious disease; sexually transmitted infection
A randomized trial of a one-time pest intervention: impact on childhood asthma outcomes,"Olson C, Leu CS, Alper H, Millican M, Reznik M",2020,2021 May,,Journal of Asthma,,child health; chronic disease; environmental health; pediatric health; program evaluation; public health intervention; pulmonary health; respiratory disease; vector control; zoonotic disease
Surveillance data confirm multiyear predictions of rotavirus dynamics in New York City,"Olson DR, Lopman BA, Konty KJ, Mathes RW, Papadouka V, Ternier A, Zucker JR, Simonsen L, Grenfell BT, Pitzer VE",2020,2020 Feb 26,,Science Advances,,epidemiology; public health monitoring; surveillance
"HIV Treatment Knowledge in the Context of ""Treatment as Prevention"" (TasP)","Paschen-Wolff MM, Campbell ANC, Tross S, Castro M, Berg H, Braunstein S, Borges C, Jarlais DD",2020,2020 Oct,,AIDS and Behavior,,HIV/AIDS; infectious disease; sexually transmitted infection
"National update on measles cases and outbreaks - United States, January 1 - October 1, 2019","Patel M, Lee AD, Clemmons NS, Redd SB, Poser S, Blog D, Zucker JR, Leung J, Link-Gelles R, Pham H, Arciuolo RJ, Rausch-Phung E, Bankamp B, Rota PA, Weinbaum CM, Gastañaduy PA",2020,2020 Jan,,American Journal of Transplantation,,epidemiology; immunization; infectious disease; measles; outbreak investigation; vaccination
The HIV Pre-exposure Prophylaxis (PrEP) Cascade at NYC Sexual Health Clinics: Navigation Is the Key to Uptake,"Pathela P, Jamison K, Blank S, Daskalakis D, Hedberg T, Borges C",2020,2020,,Journal of Acquired Immune Deficiency Syndromes,,HIV/AIDS; healthcare delivery; infectious disease; sexually transmitted infection
Social Vulnerabilities and Reported Discrimination in Health Care Among HIV-Positive Medical Case Management Clients in New York City,"Penrose K, Robertson M, Nash D, Harriman G, Irvine M",2020,2020 May,,Stigma and Health,,HIV/AIDS; discrimination; health equity; infectious disease; sexual health; sexually transmitted infection; social determinants
Lack of antibodies to SARS-CoV-2 in a large cohort of previously infected persons,"Petersen LR, Sami S, Vuong N, Pathela P, Weiss D, Morgenthau BM, Henseler RA, Daskalakis DC, Atas J, Patel A, Lukacs S, Mackey L, Grohskopf LA, Thornburg N, Akinbami LJ",2020,2020,,Clinical Infectious Diseases,,COVID-19; epidemiology; healthcare delivery; infectious disease; pandemic; respiratory infection
Atypical Mutation in Neisseria gonorrhoeae 23S rRNA Associated with High- Level Azithromycin Resistance,"Pham CD, Nash E, Liu H, Schmerer MW, Sharpe S, Woods G, Roland B, Schlanger K, St Cyr SB, Carlson J, Sellers K, Olsen A, Sanon R, Hardin H, Soge OO, Raphael BH, Kersh EN; AR Lab Network Workgroup for GC",2020,2020,,Antimicrob Agents Chemother,,
Using a Customer Relationship Management System to Manage a Quality Improvement Intervention,"Pham-Singer H, Onakomaiya M, Cuthel A, De Leon S, Shih S, Chow S, Shelley D",2020,2020,,American Journal of Medical Quality,,program evaluation; public health intervention
Building a Culture of Health at the Neighborhood Level Through Governance Councils,"Pierre J, Letamendi C, Sleiter L, Bailey Z, Dannefer R, Shiman L, Gutierrez J, Martins E, Sierra R",2020,2020 Aug,,Journal of Community Health,,environmental health; housing; social determinants
"Deaths, Hospitalizations, and Emergency Department Visits From Food-Related Anaphylaxis, New York City,","Poirot E, He F, Gould LH, Hadler JL",2020,2020,,Journal of Public Health Management and Practice,,access to care; emergency care; healthcare quality; healthcare utilization; hospital care; mortality; vital statistics
"Evaluation of a health information exchange system for microcephaly case-finding - New York City, 2013-2015","Poirot E, Mills CW, Fair AD, Graham KA, Martinez E, Schreibstein L, Talati A, McVeigh KH",2020,2020 Aug 17,,PLOS One,,
World Trade Center Exposure and Posttraumatic Growth: Assessing Positive Psychological Change 15 Years after 9/11,"Pollari CD, Brite J, Brackbill RM, Gargano LM, Adams SW, Russo-Netzer P, Davidov J, Banyard V, Cone JE",2020,2020 Dec 25,,International Journal of Environmental Research and Public Health,,9/11 health effects; PTSD; disaster response; injury prevention; mental health; public health; respiratory disease; trauma
"Sodium, calorie, and sugary drink purchasing patterns in chain restaurants: Findings from NYC","Prasad D, Mezzacca TA, Anekwe AV, Lent M, Farley SM, Kessler K, Angell SY",2020,2020 Jan 7,,Preventive Medicine Reports,,environmental health; food safety; regulation
Epidemiology of tuberculosis among healthcare personnel in New York City,"Proops DC, Knorr JA, Meissner JS, Kreiswirth BN, Ahuja SD",2020,2020 Jun 1,,International Journal of Tuberculosis and Lung Disease,,infectious disease; respiratory infection; tuberculosis
Prevalence of Self-Reported Neurologic and Ocular Symptoms in Early Syphilis Cases,"Quilter LAS, de Voux A, Amiya RM, Davies E, Hennessy RR, Kerani RP, Madera R, Matthias J, Pearson VM, Walters JK, Wilson C, Kidd S, Torrone E",2020,2021 Mar 15,,Clinical Infectious Diseases,,epidemiology; healthcare delivery; infectious disease; sexual health; sexually transmitted infection
Sorting by race/ethnicity across HIV genetic transmission networks in three major metropolitan areas in the United States,"Ragonnet-Cronin M, Benbow N, Hayford C, Poortinga K, Ma F, Forgione LA, Sheng Z, Hu Y, Torian L, Wertheim JO",2020,2020,,AIDS Research and Human Retroviruses,,HIV/AIDS; health disparities; health equity; infectious disease; sexually transmitted infection; social determinants
Risk Factors for Tuberculosis and Effect of Preventive Therapy Among Close Contacts of Persons With Infectious Tuberculosis,"Reichler MR, Khan A, Sterling TR, Zhao H, Chen B, Yuan Y, Moran J, McAuley J, Mangura B; Tuberculosis Epidemiologic Studies Consortium Task Order 2 Team",2020,2020 Apr 10,,Clinical Infectious Diseases,,epidemiology; healthcare delivery; infectious disease; respiratory infection; tuberculosis
"Trends in Methamphetamine Use Among Men Who Have Sex with Men in New York City, 2004-2017","Rivera AV, Harriman G, Carrillo SA, Braunstein SL",2020,2020,,AIDS and Behavior,,HIV/AIDS; infectious disease; sexually transmitted infection
Assessing linear CD4 decline Quantifying Diagnosis Delay following HIV seroconversion: Assessing the Linearity Assumption of CD4 Decline,"Robertson MM, Braunstein SL, Hoover DR, Li S, Nash D",2020,2020,,Annals of Epidemiology,,HIV/AIDS; infectious disease; sexually transmitted infection
A Youth-Friendly Pharmacy Initiative: Decreasing Unintended Pregnancies Among Disenfranchised Youth,"Roberts CB, Bedell J",2020,2020 Mar,,Health Promotion Practice,,
Birth characteristics of children who used early intervention and special education services in New York City,"Romo ML, McVeigh KH, Jordan P, Stingone JA, Chan PY, Askew GL Birth characteristics of children who used early intervention and special education services in New York City",2020,2020 Nov 23,,J Public Health (Oxf),,behavior change; birth outcomes; child health; health communication; health education; infectious disease; maternal health; pediatric health; program evaluation; public health intervention; reproductive health; sexual health; sexually transmitted infection
"The impact of change in neighborhood poverty on BMI trajectory of 37,544 New York City youth: a longitudinal study","Schroeder K, Day S, Konty K, Dumenci L, Lipman T",2020,2020 Nov 10,,BMC Public Health,,chronic disease; epidemiology; health equity; nutrition; obesity; poverty; social determinants
Low-level rifampin resistance and rpoB mutations in Mycobacterium tuberculosis: An analysis of whole-genome sequencing and drug susceptibility test data in New York,"Shea J, Halse TA, Kohlerschmidt D, Lapierre P, Modestil HA, Kearns CH, Dworkin FF, Rakeman JL, Escuyer V, Musser KA",2020,2020,,Journal of Clinical Microbiology,,healthcare delivery; infectious disease; respiratory infection; tuberculosis
Cardiovascular Disease Guideline Adherence: An RCT Using Practice Facilitation,"Shelley DR, Gepts T, Siman N, Nguyen AM, Cleland C, Cuthel AM, Rogers ES, Ogedegbe O, PhamSinger H, Wu W, Berry CA",2020,2020,,American Journal of Preventive Medicine,,cardiovascular disease; chronic disease; heart health
Making Injustice Visible: How a Health Department Can Demonstrate the Connection Between Structural Racism and the Health of Whole Neighborhoods,"Shiman LJ, Freeman K, Bedell J, Bassett MT",2020,2020,,Journal of Public Health Management and Practice,,infectious disease; sexual health; sexually transmitted infection
"Examining Trends in Beverage Sales in New York City During Comprehensive Efforts to Reduce Sugary Drink Consumption, 2010-2015","Sisti JS, Mezzacca TA, Anekwe A, Farley SM",2020,2020,,Journal of Community Health,,
"Heterogeneity in Current Cigarette Smoking among Hispanic/Latino Heritage Groups in New York City, 2003-2016","Sisti JS, Jasek JP, Farley SM",2020,2020 Jan 16,,Ethnicity & Disease,,health disparities; health equity; preventive care; smoking cessation; social determinants; tobacco use
Applying an Innovative Model of Disaster Resilience at the Neighborhood Level: The COPEWELL New York City Experience,"Slemp CC, Sisco S, Jean MC, Ahmed MS, Kanarek NF, Erös-Sarnyai M, Gonzalez IA, Igusa T, Lane K, Tirado FP, Tria M, Lin S, Martins VN, Ravi S, Kendra JM, Carbone EG, Links JM",2020,2020 Sep/Oct,,Public Health Reports,,
"Do prescriptions for expedited partner therapy for chlamydia get filled? Findings from a multi-jurisdictional evaluation, United States, 2017-2019","Slutsker JS, Tsang LB, Schillinger JA",2020,2020 Jun,,Sexually Transmitted Diseases,,infectious disease; sexual health; sexually transmitted infection
Assessing Nanopore sequencing for clinical diagnostics: A comparison of NGS methods for Mycobacterium tuberculosis,"Smith C, Halse TA, Shea J, Modestil H, Fowler RC, Musser KA, Escuyer V, Lapierre P",2020,2020,,Journal of Clinical Microbiology,,healthcare delivery; infectious disease; respiratory infection; sexual health; sexually transmitted infection; tuberculosis
Earlier Outbreak Detection-A Generic Model and Novel Methodology to Guide Earlier Detection Supported by Data From Lowand Mid-Income Countries,"Steele L, Orefuwa E, Bino S, Singer SR, Lutwama J, Dickmann P",2020,2020 Sep 11,,Frontiers in Public Health,,epidemiology; health equity; infectious disease; outbreak investigation; poverty; social determinants
"The seasonality of suicide attempts: a single poison control center perspective. Clin Toxicol (Phila). 2020 Nov;58(11):1034-1041. Epub 2020 Mar 6:1-8. 173. Tabaei BP, Howland RE, Gonzalez JS, Chamany S, Walker EA, Schechter CB, Wu WY. Impact of a Telephonic Intervention to Improve Diabetes Control on Health Care Utilization and Cost for Adults in South Bronx, New York","Su MK, Chan PY, Hoffman RS",2020,2020 Apr,,Diabetes Care,,chronic disease; crisis intervention; diabetes; mental health; metabolic disorder; program evaluation; public health intervention; suicide prevention
Cardiovascular Health Risk Behaviors by Occupation in the NYC Labor Force,"Tannis C, Chernov C, Perlman S, McKelvey W, Toprani A",2020,2020 Sep,,Journal of Occupational and Environmental Medicine,,cardiovascular disease; chronic disease; heart health; occupational health; public health; worker safety
Exploring willingness to engage with law enforcement among syringe service program participants in New York City,"Tesfaye Rogoza A, Dolatshahi J, Harocopos A, Paone D",2020,2020 Apr,,International Journal of Drug Policy,,HIV prevention; harm reduction; health policy; public health law; regulation; substance use
"COVID-19 Outbreak - New York City, February 29-June 1, 2020","Thompson CN, Baumgartner J, Pichardo C, Toro B, Li L, Arciuolo R, Chan PY, Chen J, Culp G, Davidson A, Devinney K, Dorsinville A, Eddy M, English M, Fireteanu AM, Graf L, Geevarughese A, Greene SK, Guerra K, Huynh M, Hwang C, Iqbal M, Jessup J, Knorr J, Latash J, Lee E, Lee K, Li W, Mathes R, McGibbon E, McIntosh N, Montesano M, Moore MS, Murray K, Ngai S, Paladini M, Paneth-Pollak R, Parton H, Peterson E, Pouchet R, Ramachandran J, Reilly K, Sanderson Slutsker J, Van Wye G, Wahnich A, Winters A, Layton M, Jones L, Reddy V, Fine A",2020,2020 Nov 20,,MMWR Morbidity and Mortality Weekly Report,,COVID-19; disease burden; epidemiology; infectious disease; morbidity; mortality; outbreak investigation; pandemic; respiratory infection; vital statistics
"Development and validation of a portable, point-of-care canine distemper virus qPCR test","Tomaszewicz Brown A, McAloose D, Calle PP, Auer A, Posautz A, Slavinski S, Brennan R, Walzer C, Seimon TA",2020,2020 Apr 22,,PLOS One,,
Impact of a Citywide Benchmarking Intervention on Colonoscopy Quality Performance,"Uche-Anya EN, Brown JJ, Asumeng C, Striplin J, Carlesimo M, Krauskopf M, Greenwald D, Bernstein B, Itzkowitz S, Schnoll-Sussman F, Lebwohl B",2020,2020 Sep,,Digestive Diseases and Sciences,,infectious disease; program evaluation; public health intervention; sexual health; sexually transmitted infection
"Partner Services Among HIV-Positive Adults Receiving Medical Care in the United States: Medical Monitoring Project, 2013-2014","Udeagu CN, Beer L, Lu JF, Luo Q, Shouse RL",2020,2020 Mar,,AIDS Patient Care and STDs,,HIV/AIDS; epidemiology; infectious disease; public health monitoring; sexual health; sexually transmitted infection; surveillance
The usefulness of HIV partner services in the age of treatment as prevention: a registry-based study,"Udeagu CN, Shah S, Misra K, Xia Q",2020,2020 Jul,,The Lancet HIV,,HIV/AIDS; epidemiology; infectious disease; public health monitoring; sexually transmitted infection; surveillance
The role of syringe exchange programs and sexual identity in awareness of pre-exposure prophylaxis (PrEP) for male persons who inject drugs,"Walters SM, Coston B, Neaigus A, Rivera AV, Starbuck L, Ramirez V, Reilly KH, Braunstein SL",2020,2020 Mar,,International Journal of Drug Policy,,HIV prevention; harm reduction; health policy; public health law; regulation; substance use
"Health Department Efforts to Increase Hepatitis C RNA Testing Among People Appearing Out of Care: Comparison of Outreach Approaches, New York City, 2017","Webster R, Moore MS, Bocour A, Johnson N, Winters A",2020,2020,,Public Health Reports,,hepatitis; infectious disease; liver disease; sexual health; sexually transmitted infection
Combat Stress Management and Resilience: Adapting Department of Defense Combat Lessons Learned to Civilian Healthcare during the COVID19 Pandemic,"Wei EK, Segall J, Linn-Walton R, Eros-Sarnyai M, Fattal O, Toukolehto O, Barron C, Burke A, Benedek DM, West JC, Fisher M, Shmerler D, Cho HJ",2020,2020,,Health Security,,COVID-19; infectious disease; pandemic; respiratory infection
"Evaluation of Rapid Testing Algorithms for Venue-based Anonymous HIV Testing among Non-HIV-Positive Men Who Have Sex with Men, National HIV Behavioral Surveillance (NHBS), 2017","Whitby S, Smith A, Rossetti R, Chapin-Bardales J, Martin A, Wejnert C, Masciotra S; NHBS Study Group (Braunstein S, Rivera A)",2020,2020,,Journal of Community Health,,HIV/AIDS; epidemiology; infectious disease; public health monitoring; sexual health; sexually transmitted infection; surveillance
"Racial and ethnic differences in women's HIV risk and attitudes towards pre-exposure prophylaxis (PrEP) in the context of the substance use, violence, and depression syndemic","Willie TC, Kershaw TS, Blackstock O, Galvao RW, Safon CB, Tekeste M, Ogburn DF, Wilbourn B, Modrakovic D, Taggart T, Kaplan C, Caldwell A, Calabrese SK",2020,2020,,AIDS Care,,HIV/AIDS; addiction; behavioral health; health disparities; health equity; infectious disease; injury prevention; mental health; public health; sexually transmitted infection; social determinants; substance use; violence prevention
Multidrug-Resistant Tuberculosis in Patients with Human Immunodeficiency Virus. Management Considerations within High-resourced Settings,"Wilson JW, Nilsen DM, Marks SM",2020,2020 Jan,,Annals of the American Thoracic Society,,infectious disease; respiratory infection; tuberculosis
"Characteristics of Persons Who Died with COVID-19 - United States, February 12-May 18, 2020","Wortham JM, Lee JT, Althomsons S, Latash J, Davidson A, Guerra K, Murray K, McGibbon E, Pichardo C, Toro B, Li L, Paladini M, Eddy ML, Reilly KH, et al",2020,2020 Jul 17,,MMWR Morbidity and Mortality Weekly Report,,COVID-19; disease burden; epidemiology; infectious disease; morbidity; mortality; pandemic; respiratory infection; sexual health; sexually transmitted infection; vital statistics
"Community-setting pneumonia-associated hospitalizations by level of urbanizationNew York City versus other areas of New York State, 2010-2014","Wu M, Whittemore K, Huang CC, Corrado RE, Culp GM, Lim S, Schluger NW, Daskalakis DC, Lucero DE, Vora NM",2020,2020 Dec 23,,PLOS One,,healthcare quality; healthcare utilization; hospital care
"Monitoring Emergency Department Visits From Puerto Rico in the Aftermath of Hurricane Maria Using Syndromic Surveillance - New York City, 2017","Wong PW, Parton HB",2020,2020 Feb,,Disaster Medicine and Public Health Preparedness,,access to care; emergency care; epidemiology; healthcare utilization; public health monitoring; surveillance
Probable Posttraumatic Stress Disorder and Lower Respiratory Symptoms Among Rescue/Recovery Workers and Community Members After the 9/11 World Trade Center Attacks-A Longitudinal Mediation Analysis,"Wyka K, Friedman SM, Jordan HT",2020,2020 Jan,,Psychosomatic Medicine,,9/11 health effects; PTSD; chronic disease; disaster response; injury prevention; mental health; occupational health; public health; pulmonary health; respiratory disease; trauma; worker safety
Estimating the probability of diagnosis within one year of HIV acquisition,"Xia Q, Lim S, Wu B, Forgione LA, Crossa A, Balaji AB, Braunstein SL, Daskalakis DC, Tsoi BW, Harriman G, Torian LV, Song R",2020,2020,,AIDS,,HIV/AIDS; infectious disease; sexual health; sexually transmitted infection
Calculating Age-Standardized Death Rates Among People With HIV Comparable Across Jurisdictions and Over Time,"Xia Q, Sun Y, Ramaswamy C, Torian LV, Li W",2020,2020,,American Journal of Public Health,,HIV/AIDS; infectious disease; mortality; sexually transmitted infection; vital statistics
Estimating the infection-fatality risk of SARS-CoV-2 in New York City during the spring 2020 pandemic wave: a model-based analysis,"Yang W, Kandula S, Huynh M, Greene SK, Van Wye G, Li W, Chan HT, McGibbon E, Yeung A, Olson D, Fine A, Shaman J",2020,2020,,The Lancet Infectious Diseases,,COVID-19; infectious disease; mortality; pandemic; respiratory infection; sexual health; sexually transmitted infection; vital statistics
Characterising urban immigrants' interactions with the food retail environment,"Yi SS, Russo RG, Liu B, Kum S, Rummo P, Li Y",2020,2020,,Public Health Nutrition,,access to care; chronic disease prevention; health equity; immigrant health; nutrition; public health
Sociodemographic and environmental factors associated with childhood sleep duration,"Yip T, Cheon YM, Wang Y, Deng WQ, Seligson AL",2020,2020,,Sleep Health,,child health; pediatric health
Identification of risk factors for early psychiatric rehospitalization,"Zhao Y, Hoenig JM, Protacio A, Lim S, Norman CC",2020,2020 Jan 21,,Psychiatry Research,,behavioral health; epidemiology; healthcare quality; healthcare utilization; hospital care; mental health
Anxiety and depressive symptoms and missing breast cancer and cervical screening: results from Brazos valley community health survey,"Zhang X, Mkuu R, Samman E, Cummings S, Sherman L, Wigfall LT, Wilkinson L, Burdine JN",2020,2020 Apr,,"Psychology, Health & Medicine",,behavioral health; cancer; chronic disease; epidemiology; mental health; oncology
"Enrollment Length, Service Category, and HIV Health Outcomes Among Low-Income HIV-Positive Persons Newly Enrolled in a Housing Program, New York City, 2014-2017","Zhong Y, Beattie CM, Rojas J, Farquhar XP, Brown PA, Wiewel EW",2020,2020,,American Journal of Public Health,,HIV/AIDS; environmental health; health equity; housing; infectious disease; poverty; sexually transmitted infection; social determinants
"Consequences of Undervaccination - Measles Outbreak, New York City, 20182019","Zucker JR, Rosen JB, Iwamoto M, Arciuolo RJ, Langdon-Embry M, Vora NM, Rakeman JL, Isaac BM, Jean A, Asfaw M, Hawkins SC, Merrill TG, Kennelly MO, Maldin Morgenthau B, Daskalakis DC, Barbot O",2020,2020 Mar 12,,New England Journal of Medicine,,epidemiology; immunization; infectious disease; measles; outbreak investigation; preventive care; vaccination
Impact of COVID-19 on Peer Support Specialists in the United States: Findings From a Cross-Sectional Online Survey,"Adams WE, Rogers ES, Edwards JP, Lord EM, McKnight L, Barbone M",2021,2021,,Psychiatric Services,,COVID-19; behavioral health; epidemiology; infectious disease; mental health; pandemic; respiratory infection
Reinfection with SARSCoV-2 among previously infected healthcare personnel and first responders,"Akinbami LJ, Biggerstaff BJ, Chan PA, McGibbon E, Pathela P, Petersen LR",2021,2021,,Clinical Infectious Diseases,,healthcare delivery
Comparison of prevalence and exposure-disease associations using self-report and hospitalization data among enrollees of the world trade center health registry,"Alper HE, Brite J, Cone JE, Brackbill RM",2021,2021 Aug 10,,BMC Medical Research Methodology,,9/11 health effects; disaster response; epidemiology; healthcare quality; healthcare utilization; hospital care; mental health; public health monitoring; respiratory disease; surveillance
"PopulationBased Estimates of Coronavirus Disease 2019 (COVID-19)-like Illness, COVID-19 Illness, and Rates of Case Ascertainment, Hospitalizations, and Deaths-Noninstitutionalized New York City Residents, March-April 2020","Alroy KA, Crossa A, Dominianni C, Sell J, Bartley K, Sanderson M, Fernandez S, Levanon Seligson A, Lim S, Wang SM, Dumas SE, Perlman SE, Konty K, Olson DR, Gould LH, Greene SK",2021,2021 Nov 2,,Clinical Infectious Diseases,,COVID-19; healthcare delivery; healthcare quality; healthcare utilization; hospital care; infectious disease; mortality; pandemic; respiratory infection; sexual health; sexually transmitted infection; vital statistics
Social Determinants Matter For Hospital Readmission Policy: Insights From New York City,"Baker MC, Alberti PM, Tsao TY, Fluegge K, Howland RE, Haberman M",2021,2021 Apr,,Health Aff (Millwood),,health policy; healthcare quality; healthcare utilization; hospital care; public health law; regulation
"Racial, Ethnic, and Gender Disparities in Awareness of Preexposure Prophylaxis Among HIV-Negative Heterosexually Active Adults at Increased Risk for HIV Infection - 23 Urban Areas, United States, 2019","Baugher AR, Trujillo L, Kanny D, Freeman JQ, Hickey T, Sionean C, Respress E, Bardales JC, Marcus R, Finlayson T, Wejnert C; National HIV Behavioral Surveillance Study Group [Braunstein S, Carrillo S, Rivera A]",2021,2021 Nov 26,,MMWR Morbidity and Mortality Weekly Report,,HIV/AIDS; disease burden; epidemiology; health disparities; health equity; infectious disease; morbidity; mortality; sexually transmitted infection; social determinants; vital statistics
"""I didn't feel like a number"": The impact of nurse care managers on the provision of buprenorphine treatment in primary care settings","Beharie N, Kaplan-Dobbs M, Urmanche A, Paone D, Harocopos A",2021,2021,,Journal of Substance Abuse Treatment,,access to care; preventive care; primary care
Costs of opioid overdose education and naloxone distribution in New York City,"Behrends CN, Gutkind S, Winkelstein E, Wright M, Dolatshahi J, Welch A, Paone D, Kunins HV, Schackman BR",2021,2021,,Substance Abuse,,behavior change; harm reduction; health communication; health education; opioid epidemic; overdose prevention; substance use
Respiratory impedance measured using impulse oscillometry in a healthy urban population,"Berger KI, Wohlleber M, Goldring RM, Reibman J, Farfel MR, Friedman SM, Oppenheimer BW, Stellman SD, Cone JE, Shao Y",2021,2021 Mar 29,,ERJ Open Research,,chronic disease; pulmonary health; respiratory disease
"Candida auris Colonization After Discharge to a Community Setting: New York City, 2017-2019","Bergeron G, Bloch D, Murray K, Kratz M, Parton H, Ackelsberg J, Antwi M, Del Rosso P, Dorsinville M, Kubinson H, Lash M, Rand S, Adams E, Zhu Y, Erazo R, Chaturvedi S, Weiss D",2021,2020 Dec 15,,Open Forum Infectious Diseases,,
Ensuring Progress Toward Ending the HIV Epidemic While Confronting the Dual Pandemics of COVID-19 and Systemic Racism,Blackstock OJ,2021,2021 Aug,,American Journal of Public Health,,COVID-19; HIV/AIDS; epidemiology; infectious disease; outbreak investigation; pandemic; respiratory infection; sexually transmitted infection
A fatal case report of antibody-dependent enhancement of dengue virus type 1 following remote Zika virus infection,"Bonheur AN, Thomas S, Soshnick SH, McGibbon E, Dupuis AP 2nd, Hull R, Slavinski S, Del Rosso PE, Weiss D, Hunt DT, McCabe ME, Dean AB, Folkerth R, Laib AM, Wong SJ",2021,2021 Aug 4,,BMC Infectious Diseases,,arboviral disease; infectious disease; vector-borne disease
Community Perceptions in New York City: Sugar-Sweetened Beverage Policies and Programs in the First 1000 Days,"Braid L, Oliva R, Nichols K, Reyes A, Guzman J, Goldman RE, Woo Baidal JA",2021,2021,,Maternal and Child Health Journal,,child health; maternal health; pediatric health; pregnancy; reproductive health
Survival Among New Yorkers with HIV from 1981 to 2017: Inequities by Race/Ethnicity and Transmission Risk Persist into the Post-HAART Era,"Braunstein SL, Kersanske L, Torian LV, Lazar R, Harriman G",2021,2021,,AIDS and Behavior,,HIV/AIDS; health disparities; health equity; infectious disease; sexually transmitted infection; social determinants
Coronavirus Disease 2019 (COVID-19) Infection Among People With Human Immunodeficiency Virus in New York City: A Population-Level Analysis of Linked Surveillance Data,"Braunstein SL, Lazar R, Wahnich A, Daskalakis DC, Blackstock OJ",2021,2021 Jun 15,,Clinical Infectious Diseases,,COVID-19; epidemiology; healthcare delivery; infectious disease; pandemic; public health monitoring; respiratory infection; surveillance
"Epidemiology of Reported HIV and Other Sexually Transmitted Infections During the COVID-19 Pandemic, New York City","Braunstein SL, Slutsker JS, Lazar R, Shah D, Hennessy RR, Chen SX, Pathela P, Daskalakis DC, Schillinger JA",2021,2021 Sep 1,,Journal of Infectious Diseases,,COVID-19; HIV/AIDS; infectious disease; pandemic; respiratory infection; sexually transmitted infection
Decreased colorectal cancer incidence and mortality in a diverse urban population with increased colonoscopy screening,"Brown JJ, Asumeng CK, Greenwald D, Weissman M, Zauber A, Striplin J, Weng O, List JM, Farley SM, Winawer SJ",2021,2021 Jun 30,,BMC Public Health,,cancer; chronic disease; epidemiology; mortality; oncology; vital statistics
Restaurant Date-Marking Practices Concerning Ready-to-Eat Food Requiring Time and Temperature Control for Safety,"Brown LG, Ebrahim-Zadeh SD, Hoover ER, DiPrete L, Matis B, Viveiros B, Irving DJ, Copeland D, Nicholas D, Hedeen N, Tuttle J, Williams L, Liggans G, Kramer A",2021,2021,,Foodborne Pathogens and Disease,,climate change; environmental health; food safety; foodborne illness; regulation
"Screening, Monitoring, and Referral to Treatment for Young Adolescents at an Urban School-Based Health Center","Burke RE, Hoffman ND, Guy L, Bailey J, Silver EJ",2021,2021 Dec,,Journal of School Health,,child health; epidemiology; pediatric health; public health monitoring; surveillance
"Correction to: Risk Factors for Death Among Hospitalized Patients Aged 21-64 Years Diagnosed with COVID-19-New York City, March 13-April 9, 2020","Bushman D, Davidson A, Pathela P, Greene SK, Weiss D, Reddy V; New York City Fatal CaseControl Study Team, Latash J",2021,2021,,Journal of Racial and Ethnic Health Disparities,,COVID-19; epidemiology; health disparities; health equity; healthcare quality; healthcare utilization; hospital care; infectious disease; mortality; pandemic; respiratory infection; social determinants; vital statistics
"Coronavirus Disease 2019 (COVID-19) Outbreaks at 2 Construction Sites-New York City, October-November 2020","Bushman D, Sekaran J, Jeffery N, Rath C, Ackelsberg J, Weiss D, Wu W, Van Oss K, Johnston K, Huang J, Khatun U, Sheikh T, Sutcliff J, Tsoi B",2021,2021 Jul 15,,Clinical Infectious Diseases,,COVID-19; epidemiology; healthcare delivery; infectious disease; outbreak investigation; pandemic; respiratory infection
Pandemic diseases preparedness and response in the age of COVID-19-a symposium report,"Cable J, Heymann DL, Uzicanin A, Tomori O, Marinissen MJ, Katz R, Kerr L, Lurie N, Parker GW, Madad S, Maldin Morgenthau B, Osterholm MT, Borio L",2021,2021 Apr,,Annals of the New York Academy of Sciences,,COVID-19; infectious disease; pandemic; respiratory infection
Electronic Dissemination of a Web-Based Video Promotes PrEP Contemplation and Conversation Among US Women Engaged in Care at Planned Parenthood,"Calabrese SK, Lane SB, Caldwell A, Kaplan C, Dovidio JF, Galvao RW, Ogburn DF, Safon CB, Tekeste M, Taggart T, Modrakovic D, Wilbourn BC, Blackstock O, Kershaw TS",2021,2021 Aug,,AIDS and Behavior,,HIV/AIDS; infectious disease; sexually transmitted infection
Determining the role of natural SARS-CoV-2 infection in the death of domestic pets: 10 cases (2020-2021).,"Carpenter A, Ghai RR, Gary J, Ritter JM, Carvallo FR, Diel DG, Martins M, Murphy J, Schroeder B, Brightbill K, Tewari D, Boger L, Gabel J, Cobb R, Hennebelle J, Stanton JB, McCullough K, Mosley YC, Naikare HK, Radcliffe R, Parr B, Balsamo G, Robbins B, Smith D, Slavinski S, Williams C, Meckes D, Jones D, Frazier T, Steury K, Rooney J, Torchetti M, Wendling N, Currie D, Behravesh CB, Wallace RM",2021,2021,,Journal of the American Veterinary Medicine Association,,COVID-19; infectious disease; mortality; pandemic; respiratory infection; sexual health; sexually transmitted infection; vital statistics
"Persistent disparities in SARS-CoV-2 test percent positivity by neighborhood in New York City, March 1-July 25, 2020","Chan PY, Greene SK, Lim SW, Fine A, Thompson CN",2021,2021 Nov,,Annals of Epidemiology,,COVID-19; health disparities; health equity; infectious disease; pandemic; respiratory infection; social determinants
Primary Care Implementation of a Mandatory Prescription Drug Monitoring Program in New York City,"Chernick R, Allen B, Harocopos A",2021,2021,,Journal of Behavioral Health Services & Research,,access to care; epidemiology; healthcare delivery; preventive care; primary care; public health monitoring; surveillance
Cardiovascular Disease Risk Factors Among Immigrant and US-Born Adults in New York City,"Chernov C, Wang L, Thorpe LE, Islam N, Freeman A, Trinh-Shevrin C, Kanchi R, Perlman SE",2021,2021,,Public Health Reports,,access to care; cardiovascular disease; chronic disease; epidemiology; health equity; heart health; immigrant health
From Economic Recovery to Health Resilience,Chokshi DA,2021,2021 Feb 23,,JAMA,,
The COVID-19 Shadow Pandemic: Meeting Social Needs For A City In Lockdown,"Clapp J, Calvo-Friedman A, Cameron S, Kramer N, Kumar SL, Foote E, Lupi J, Osuntuyi O, Chokshi DA",2021,2020 Sep,,Health Aff (Millwood),,COVID-19; infectious disease; pandemic; respiratory infection
Cognitive impairment and World Trade Centrerelated exposures,"Clouston SAP, Hall CB, Kritikos M, Bennett DA, DeKosky S, Edwards J, Finch C, Kreisl WC, Mielke M, Peskind ER, Raskind M, Richards M, Sloan RP, Spiro A 3rd, Vasdev N, Brackbill R, Farfel M, Horton M, Lowe S, Lucchini RG, Prezant D, Reibman J, Rosen R, Seil K, Zeig-Owens R, Deri Y, Diminich ED, Fausto BA, Gandy S, Sano M, Bromet EJ, Luft BJ",2021,2021,,Nat Rev Neurol,,cognitive health; dementia; elderly health
9/11 Health Update,"Cone JE, Santiago-Colón A, Lucchini R",2021,2021 Jun 12,,International Journal of Environmental Research and Public Health,,9/11 health effects; disaster response; mental health; respiratory disease
"Effectiveness of syphilis partner notification after adjusting for treatment dates, 7 jurisdictions","Cope AB, Bernstein KT, Matthias J, Rahman M, Diesel JC, Pugsley RA, Schillinger JA, Chew Ng RA, Klingler EJ, Mobley VL, Samoff E, Peterman TA",2021,2021,,Sexually Transmitted Diseases,,data quality; infectious disease; public health infrastructure; sexual health; sexually transmitted infection; surveillance
"Interventions to Disrupt Coronavirus Disease Transmission at a University, Wisconsin, USA, August-October 2020","Currie DW, Moreno GK, Delahoy MJ, Pray IW, Jovaag A, Braun KM, Cole D, Shechter T, Fajardo GC, Griggs C, Yandell BS, Goldstein S, Bushman D, Segaloff HE, Kelly GP, Pitts C, Lee C, Grande KM, KitaYarbro A, Grogan B, Mader S, Baggott J, Bateman AC, Westergaard RP, Tate JE, Friedrich TC, Kirking HL, O'Connor DH, Killerby ME",2021,2021 Sep 29,,Emerging Infectious Diseases,,COVID-19; infectious disease; pandemic; program evaluation; public health intervention; respiratory infection
"Differences in Abortion Rates between Asian Populations by Country of Origin and Nativity Status in New York City, 2011-2015","Desai S, Huynh M, Jones HE",2021,2021 Jun 8,,International Journal of Environmental Research and Public Health,,
Rationale for the design and implementation of interventions addressing institutional racism at a local public health department,"Duerme R, Dorsinville A, McIntosh-Beckles N, Wright-Woolcock S",2021,2021,,Ethnicity & Disease,,health disparities; health equity; healthcare delivery; infectious disease; program evaluation; public health intervention; sexual health; sexually transmitted infection; social determinants
"Latino Children's Obesity Risk Varies by Place of Birth: Findings from New York City Public School Youth, 2006-2017","Flórez KR, Day SE, Huang TT, Konty KJ, D'Agostino EM",2021,2021 Nov,,Childhood Obesity,,birth outcomes; child health; chronic disease; maternal health; nutrition; obesity; pediatric health; reproductive health
Hepatitis A virus infections among men who have sex with men - Eight U.S states,"Foster MA, Hofmeister MG, Albertson JP, Brown KB, Burakoff AW, Gandhi AP, Glenn-Finer RE, Gounder P, Ho PY, Kavanaugh T, Latash J, Lewis RL, Longmire AG, Myrick-West A, Perella DM, Reddy V, Stanislawski ES, Stoltey JE, Sullivan SM, Utah OF, Zipprich J, Teshale EH",2021,2021,,MMWR Morbidity and Mortality Weekly Report,,disease burden; epidemiology; hepatitis; infectious disease; liver disease; morbidity; mortality; vital statistics
"Hospitalizations among World Trade Center Health Registry Enrollees Who Were under 18 Years of Age on 9/11, 2001-2016","Gargano LM, Locke SH, Alper HE, Brite J",2021,2021 Jul 15,,International Journal of Environmental Research and Public Health,,9/11 health effects; disaster response; epidemiology; healthcare quality; healthcare utilization; hospital care; mental health; public health monitoring; respiratory disease; surveillance
"A Mixed-Methods Study After Multiple Disasters: September 11, 2001, World Trade Center Terrorist Attacks and Hurricane Sandy","Garrey SK, Ogunyemi AA, Gargano LM",2021,2021,,Disaster Medicine and Public Health Preparedness,,9/11 health effects; disaster response; epidemiology; mental health; respiratory disease
"Demographic and Epidemiological Characteristics Associated With Reduced Antimicrobial Susceptibility to Neisseria gonorrhoeae in the United States, Strengthening the US Response to Resistant Gonorrhea,","Gieseker KE, Learner ER, Mauk K, Barbee LA, McNeil CJ, Hasty GL, Black JM, Johnson K, Nguyen TQ, Shrestha D, Pham CD, St Cyr S, Schlanger K, Kirkcaldy RD; SURRG Working Group",2021,2018 to,,Sexually Transmitted Diseases,,infectious disease; sexual health; sexually transmitted infection
"Multisystem Inflammatory Syndrome in Infants <12 months of Age, United States, May 2020-January 2021","Godfred-Cato S, Tsang CA, Giovanni J, Abrams J, Oster ME, Lee EH, Lash MK, Le Marchand C, Liu CY, Newhouse CN, Richardson G, Murray MT, Lim S, Haupt TE, Hartley A, Sosa LE, Ngamsnga K, Garcia A, Datta D, Belay ED",2021,2021 Jul 1,,Pediatric Infectious Diseases Journal,,child health; infant health; pediatric health
A practice facilitation-guided intervention in primary care settings to reduce cardiovascular disease risk: a cost analysis,"Gold HT, Siman N, Cuthel AM, Nguyen AM, Pham-Singer H, Berry CA, Shelley DR",2021,2021 Feb 6,,Implementation Science Communications,,access to care; cardiovascular disease; chronic disease; healthcare delivery; heart health; preventive care; primary care; program evaluation; public health intervention
Evaluation of Data Sources for Carbon Monoxide Poisoning Surveillance in New York City,"Goldberg R, McKelvey W, Lane K, Parton H, Su MK",2021,2021,,Journal of Public Health Management and Practice,,epidemiology; public health monitoring; surveillance
"The Organization, Content, and Case-finding Effectiveness of HIV Assisted Partner Services in High HIV Morbidity Areas of the U.S","Golden MR, AugsJoost B, Bender M, Brady KA, Collins LS, Dombrowski JD, Ealey J, Garcia C, George D, Gilliard B, Harris T, Johnson C, Khosropour CM, Rumanes SF, Surita K, Tabidze I, Udeagu CN, Walker-Baban C, Cramer NO",2021,2021,,Journal of Acquired Immune Deficiency Syndromes,,HIV/AIDS; disease burden; epidemiology; infectious disease; morbidity; sexually transmitted infection
Impact of healthcare services on thyroid cancer incidence among World Trade Center-exposed rescue and recovery workers,"Goldfarb DG, Colbeth HL, Skerker M, Webber MP, Prezant DJ, Dasaro CR, Todd AC, Kristjansson D, Li J, Brackbill RM, Farfel MR, Cone JE, Yung J, Kahn AR, Qiao B, Schymura MJ, Boffetta P, Hall CB, Zeig-Owens R",2021,2021,,American Journal of Industrial Medicine,,9/11 health effects; cancer; chronic disease; disaster response; epidemiology; mental health; occupational health; oncology; public health; respiratory disease; worker safety
Cancer survival among World Trade Center rescue and recovery workers: A collaborative cohort study,"Goldfarb DG, Zeig-Owens R, Kristjansson D, Li J, Brackbill RM, Farfel MR, Cone JE, Kahn AR, Qiao B, Schymura MJ, Webber MP, Dasaro CR, Lucchini RG, Todd AC, Prezant DJ, Hall CB, Boffetta P",2021,2021,,American Journal of Industrial Medicine,,9/11 health effects; cancer; chronic disease; disaster response; epidemiology; mental health; occupational health; oncology; public health; respiratory disease; worker safety
Temporal association of prostate cancer incidence with World Trade Center rescue/recovery work,"Goldfarb DG, Zeig-Owens R, Kristjansson D, Li J, Brackbill RM, Farfel MR, Cone JE, Yung J, Kahn AR, Qiao B, Schymura MJ, Webber MP, Dasaro CR, Shapiro M, Todd AC, Prezant DJ, Boffetta P, Hall CB",2021,2021 Oct,,Occupational and Environmental Medicine,,9/11 health effects; cancer; chronic disease; disaster response; epidemiology; mental health; occupational health; oncology; public health; respiratory disease; worker safety
"Alcohol testing and alcohol involvement among violent deaths by state, 2014-2016","Greene N, Tomedi LE, Cox ME, Mello E, Esser MB",2021,2021 Jul,,Preventive Medicine,,alcohol use; behavioral health; infectious disease; mortality; sexual health; sexually transmitted infection; substance use; vital statistics
Reduced COVID-19 Hospitalizations among New York City Residents Following AgeBased SARS-CoV-2 Vaccine Eligibility: Evidence from a Regression Discontinuity Design,"Greene SK, Levin-Rector A, McGibbon E, Baumgartner J, Devinney K, Ternier A, Sell J, Kahn R, Kishore N",2021,2021,,Vaccine X,,COVID-19; healthcare quality; healthcare utilization; hospital care; immunization; infectious disease; pandemic; preventive care; respiratory infection; vaccination
Nowcasting for RealTime COVID-19 Tracking in New York City: Evaluation Study Using Reportable Disease Data From the Early Stages of the Pandemic,"Greene SK, McGough SF, Culp GM, Graf LE, Lipsitch M, Menzies NA, Kahn R",2021,2021,,JMIR Public Health and Surveillance,,COVID-19; epidemiology; infectious disease; pandemic; public health monitoring; respiratory infection; sexual health; sexually transmitted infection; surveillance
"Detecting COVID-19 Clusters at High Spatiotemporal Resolution, New York City, New York, USA, June-July 2020","Greene SK, Peterson ER, Balan D, Jones L, Culp GM, Fine AD, Kulldorff M",2021,2021 May,,Emerging Infectious Diseases,,COVID-19; epidemiology; infectious disease; outbreak investigation; pandemic; respiratory infection
Health Inequity and the Unfair Impact of the COVID-19 Pandemic on Essential Workers,Gwynn RC,2021,2021 Aug,,American Journal of Public Health,,COVID-19; infectious disease; occupational health; pandemic; public health; respiratory infection; worker safety
"Use, Safety Assessment, and Implementation of Two Point-of-Care Tests for COVID-19 Testing","Hahn M, Olsen A, Stokes K, Fowler RC, Gu R, Semple-Lytch S, DeVito A, Kurpiel P, Hughes S, Rakeman JL",2021,2021,,Am J Clin Pathol,,COVID-19; healthcare delivery; infectious disease; pandemic; respiratory infection; sexual health; sexually transmitted infection
Multimorbidity and Inpatient Utilization Among Older Adults with Opioid Use Disorder in New York City,"Han BH, Tuazon E, Y Wei M, Paone D",2021,2021,,Journal of General Internal Medicine,10.1007/s11606021-07130-8,aging; disease burden; elderly health; epidemiology; geriatrics; harm reduction; healthcare quality; healthcare utilization; hospital care; morbidity; opioid epidemic; overdose prevention; substance use
"HIV Infection and HIV-Associated Behaviors Among Persons Who Inject Drugs - 23 Metropolitan Statistical Areas, United States, 2018","Handanagic S, Finlayson T, Burnett JC, Broz D, Wejnert C; National HIV Behavioral Surveillance Study Group [Braunstein S, Carrillo ]",2021,2021 Oct 22,,MMWR Morbidity and Mortality Weekly Report,,HIV/AIDS; disease burden; epidemiology; infectious disease; morbidity; mortality; sexual health; sexually transmitted infection; vital statistics
Global vaccine equity demands reparative justice - not charity,"Harman S, Erfani P, Goronga T, Hickel J, Morse M, Richardson ET",2021,2021 Jun,,BMJ Global Health,,immunization; infectious disease; preventive care; sexual health; sexually transmitted infection; vaccination
Implementing a Methadone Delivery System in New York City in Response to COVID-19,"Harocopos A, Nolan ML, Goldstein GP, Mantha S, O'Neill M, Paone D",2021,2021 Dec,,American Journal of Public Health,,COVID-19; birth outcomes; healthcare delivery; infectious disease; maternal health; pandemic; reproductive health; respiratory infection
Observed Potential Cross-Contamination in Retail Delicatessens,"Holst MM, Brown LG, Viveiros B, Faw BV, Hedeen N, McKelvey W, Nicholas D, Ripley D, Hammons SR",2021,2021 Jun 1,,Journal of Food Protection,,
Extensively Drug-Resistant Typhoid Fever in the United States,"Hughes MJ, Birhane MG, Dorough L, Reynolds JL, Caidi H, Tagg KA, Snyder CM, Yu AT, Altman SM, Boyle MM, Thomas D, Robbins AE, Waechter HA, Cody I, Mintz ED, Gutelius B, Langley G, Francois Watkins LK",2021,2021 Nov 16,,Open Forum Infectious Diseases,,
HIV Care Coordination promotes care re-engagement and viral suppression among people who have been out of HIV medical care: an observational effectiveness study using a surveillance-based contemporaneous comparison group,"Irvine MK, Robertson MM, Nash D, Kulkarni SG, Braunstein SL, Levin B",2021,2021 Oct 12,,AIDS Res Ther,,HIV/AIDS; epidemiology; infectious disease; public health monitoring; sexually transmitted infection; surveillance
"Measles infection in persons with secondary vaccine failure, New York City, 2018-19","Iwamoto M, Hickman CJ, Colley H, Arciuolo RJ, Mahle CE, Deocharan B, Siemetzki-Kapoor U, Zucker JR, Rosen JB",2021,2021,,Vaccine,,immunization; infectious disease; measles; preventive care; vaccination
Incidence rates of systemic lupus erythematosus in the USA: estimates from a meta-analysis of the Centers for Disease Control and Prevention national lupus registries,"Izmirly PM, Ferucci ED, Somers EC, Wang L, Lim SS, Drenkard C, Dall'Era M, McCune WJ, Gordon C, Helmick C, Parton H",2021,2021 Dec,,Lupus Science & Medicine,,epidemiology; infectious disease; sexual health; sexually transmitted infection
Prevalence of Systemic Lupus Erythematosus in the United States: Estimates from a Meta-Analysis of the Centers for Disease Control and Prevention National Lupus Registries,"Izmirly PM, Parton H, Wang L, McCune WJ, Lim SS, Drenkard C, Ferucci ED, Dall'Era M, Gordon C, Helmick CG, Somers EC, Izmirly PM, et al",2021,2021,,Arthritis & Rheumatology,,epidemiology; infectious disease; sexual health; sexually transmitted infection
"Assessment of New York City Urgent Care Centers' Emergency Preparedness and Infection Prevention and Control Practices, 2016-2017","Jacobs-Wingo J, Beatty NL, Jang K, Foote MM",2021,2021,,Disaster Medicine and Public Health Preparedness,,
Metabolic Syndrome Among New York City (NYC) Adults: Change in Prevalence from 2004 to 2013-2014 using New York City Health and Nutrition Examination Survey,"Kanchi R, Perlman SE, Tabaei B, Schwartz M, Islam N, Chernov C, Osinubi A, Thorpe LE",2021,2021,,Annals of Epidemiology,,chronic disease prevention; epidemiology; nutrition; public health
Increasing Access to Buprenorphine in Safety-Net Primary Care Clinics: The New York City Buprenorphine Nurse Care Manager Initiative,"Kaplan-Dobbs M, Kattan JA, Tuazon E, Jimenez C, Saleh S, Kunins HV",2021,2021 Feb,,American Journal of Public Health,,access to care; healthcare delivery; preventive care; primary care
An Automated Syphilis Serology Record Search and Review Algorithm to Prioritize Investigations by Health Departments,"Karki S, Peterman TA, Johnson K, Hennessy RR, Matthias J, Wilson C, Mishra N, Weinstock H",2021,2021 Dec 1,,Sexually Transmitted Diseases,,infectious disease; sexual health; sexually transmitted infection
Increasing access to single-visit contraception in urban health care settings: Findings from a multi-site learning collaborative,"Kawatu J, Clark M, Saul K, Quimby KD, Whitten A, Nelson S, Potter K, Kaplan DL",2021,2021,,Contraception,,health disparities; health equity; social determinants
The Hepatitis C Clinical Exchange Network: A Local Health Department Partnership With Acute Care Hospitals to Promote Screening and Treatment of Hepatitis C Virus Infection,"Kela-Murphy N, Moore MS, Verma CM, Bresnahan MP, Harrison E, Schwartz J, Winters A",2021,2021,,Journal of Public Health Management and Practice,,healthcare delivery; healthcare quality; healthcare utilization; hepatitis; hospital care; infectious disease; liver disease
Multi-Level Socioenvironmental Contributors to Childhood Asthma in New York City: a Cluster Analysis,"Khan S, Bajwa S, Brahmbhatt D, Lovinsky-Desir S, Sheffield PE, Stingone JA, Li S",2021,2021,,Journal of Urban Health,,child health; chronic disease; epidemiology; infectious disease; outbreak investigation; pediatric health; pulmonary health; respiratory disease
Provider Attitudes and Practices on Treating Tobacco Dependence in New York City After 10 years of Comprehensive Tobacco Control Efforts,"Kilgore EA, Waddell EN, Tannert Niang KM, Murphy J, Thihalolipavan S, Chamany S",2021,2021 JanDec,,J Prim Care Community Health,,healthcare delivery; preventive care; smoking cessation; tobacco use
Covid-19 and the Safety Net - Moving from Straining to Sustaining,"Knudsen J, Chokshi DA",2021,2021 Dec 9,,New England Journal of Medicine,,COVID-19; infectious disease; pandemic; respiratory infection
Trajectories of psychological distress among individuals exposed to the 9/11 World Trade Center disaster,"Ko TM, Alper HE, Brackbill RH, Jacobson MH",2021,2021,,Psychological Medicine,,9/11 health effects; disaster response; mental health; respiratory disease
Academic Detailing to Increase Prescribing of HIV Pre-exposure Prophylaxis,"Krakower DS, Naja-Riese GM, Edelstein ZR, Gandhi AD, Wahnich A, Fischer MA",2021,2021 Nov,,American Journal of Preventive Medicine,,HIV/AIDS; infectious disease; sexually transmitted infection
"Excess Deaths in Mexico City and New York City During the COVID-19 Pandemic, March to August 2020","Lajous M, Huerta-Gutiérrez R, Kennedy J, Olson DR, Weinberger DM",2021,2021,,American Journal of Public Health,,COVID-19; infectious disease; mortality; pandemic; respiratory infection; vital statistics
The New York City Prescriber Notification Program: Assessing the Feasibility of a Patient Overdose Death Notification Pilot,"LaSane K, Allen B, Liebman E, Paone D",2021,2021,,Health Promotion Practice,,data quality; harm reduction; mortality; opioid epidemic; overdose prevention; public health infrastructure; substance use; surveillance; vital statistics
"Outcomes of Traditional and Enhanced Gonorrhea Partner Services in the Strengthening the US Response to Resistant Gonorrhea Project, 2017 to 2019","Learner ER, Schlanger K, Mauk K, Pham CD, Mukai R, Mulleavey L, Kerani RP, Albano T, Sessoms B, Holderman JL, Toro B, Sankaran M, Kirkcaldy RD; SURRG Working Group",2021,2021 Dec 1,,Sexually Transmitted Diseases,,infectious disease; sexual health; sexually transmitted infection
SARS-CoV-2 N gene mutations impact detection by clinical molecular diagnostics: reports in two cities in the United States,"Leelawong M, Mitchell SL, Fowler RC, Gonzalez E, Hughes S, Griffith MP, Marsh JW, Harrison LH, Rakeman JL",2021,2021 Nov,,Diagn Microbiol Infect Dis,,COVID-19; healthcare delivery; infectious disease; pandemic; respiratory infection; sexual health; sexually transmitted infection
Cancer Incidence in World Trade Center Rescue and Recovery Workers: 14 Years of Follow-Up,"Li J, Yung J, Qiao B, Takemoto E, Goldfarb DG, Zeig-Owens R, Cone JE, Brackbill RM, Farfel MR, Kahn AR, Schymura MJ, Shapiro MZ, Dasaro CR, Todd AC, Kristjansson D, Prezant DJ, Boffetta P, Hall CB",2021,2021,,Journal of the National Cancer Institute,,9/11 health effects; cancer; chronic disease; disaster response; epidemiology; infectious disease; mental health; occupational health; oncology; public health; respiratory disease; sexual health; sexually transmitted infection; worker safety
Dynamic residential movement and depression among the World Trade Center Health Registry enrollees,"Lim S, Liu SY, Brite J, Crossa A, Locke S, Pollari C, Baquero M",2021,2021,,Social Psychiatry and Psychiatric Epidemiology,,9/11 health effects; behavioral health; disaster response; epidemiology; mental health; public health monitoring; respiratory disease; surveillance
Difference in Hospital Utilization Within the First 12 Months Among Low-Birth-Weight Infants in Medicaid Managed Care Versus Fee-for-Service: A Regression Discontinuity Study,"Liu SY, Lim S",2021,2021,,Maternal and Child Health Journal,,access to care; birth outcomes; child health; epidemiology; health insurance; health policy; healthcare quality; healthcare utilization; hospital care; infant health; maternal health; pediatric health; pregnancy; reproductive health
"Laboratory diagnosis of bacterial meningitis by direct detection, serotyping and Next Generation Sequencing: How 10 years of testing in New York State has evolved to improve laboratory diagnosis and public health","Long JR, Mitchell K, Edwards J, Wroblewski D, Luke E, Dickinson M, Kidney A, Dumas N, DelRosso P, Dorsinville M, Antwi M, Weiss D, Nazarian E, Limberger RJ, Musser KA, Halse TA",2021,2021 Dec 1,,Molecular and Cellular Probes,,infectious disease; sexual health; sexually transmitted infection
Applying a One Health Approach in Global Health and Medicine: Enhancing Involvement of Medical Schools and Global Health Centers,"Machalaba C, Raufman J, Anyamba A, Berrian AM, Berthe FCJ, Gray GC, Jonas O, Karesh WB, Larsen MH, Laxminarayan R, Madoff LC, Martin K, Mazet JAK, Mumford E, Parker T, Pintea L, Rostal MK, de Castañeda RR, Vora NM, Wannous C, Weiss LM",2021,2021 Mar 26,,Ann Glob Health,,
Comment on: clinical experience with titrating doses of digoxin antibodies in acute digoxin poisoning,"Mahonski S, Howland MA, Su MK",2021,2021,,Clin Toxicol (Phila),,healthcare delivery
Racial disparities in criminal legal system involvement among New York City overdose decedents: Implications for diversion programs,"Mantha S, Nolan ML, Harocopos A, Paone D",2021,2021 Sep 1,,Drug and Alcohol Dependence,,alcohol use; behavioral health; harm reduction; health disparities; health equity; opioid epidemic; overdose prevention; social determinants; substance use
"Utilization of Maternal Health Care Among Immigrant Mothers in New York City, 2016-2018","Maru S, Glenn L, Belfon K, Birnie L, Brahmbhatt D, Hadler M, Janevic T, Reynolds S",2021,2021,,Journal of Urban Health,,access to care; health equity; immigrant health; maternal health; pregnancy; reproductive health
Maintenance of measles elimination status in the United States for 20 years despite increasing challenges,"Mathis AD, Clemmons NS, Redd SB, Pham H, Leung J, Wharton AK, Anderson R, McNall RJ, RauschPhung E, Rosen JB, Blog D, Zucker JR, Bankamp B, Rota PA, Patel M, Gastañaduy PA",2021,2021,,Clinical Infectious Diseases,,healthcare delivery; immunization; infectious disease; measles; vaccination
Deaths in Children and Adolescents Associated With COVID-19 and MIS-C in the United States. Pediatric Mortality Investigation Team,"McCormick DW, Richardson LC, Young PR, Viens LJ, Gould CV, Kimball A, Pindyck T, Rosenblum HG, Siegel DA, Vu QM, Komatsu K, Venkat H, Openshaw JJ, Kawasaki B, Siniscalchi AJ, Gumke M, Leapley A, Tobin-D'Angelo M, Kauerauf J, Reid H, White K, Ahmed FS, Richardson G, Hand J, Kirkey K, Larson L, Byers P, Garcia A, Ojo M, Zamcheck A, Lash MK, Lee EH, Reilly KH, Wilson E, de Fijter S, Naqvi OH, Harduar-Morano L, Burch AK, Lewis A, Kolsin J, Pont SJ, Barbeau B, Bixler D, ReaganSteiner S, Koumans EH",2021,2021,,Pediatrics,,COVID-19; child health; infectious disease; mortality; pandemic; pediatric health; respiratory infection; sexual health; sexually transmitted infection; vital statistics
The Magnetic Couples Study: protocol for a mixed methods prospective cohort study of HIV-serodifferent heterosexual couples' perspectives and use of pre-exposure prophylaxis (PrEP),"McMahon JM, Simmons J, Haberer JE, Mannheimer S, Leblanc NM, Torres L, Quiles R, Aedo G, Javier A, Braksmajer A, Harriman G, Trabold N, Pouget ER, Kurth A, Smith MDR, Brasch J, Podsiadly EJ, Anderson PL",2021,2021 Jul 1,,BMJ Open,,HIV/AIDS; epidemiology; infectious disease; sexually transmitted infection
"Successful, Easy to Access, Online Publication of COVID-19 Data During the Pandemic, New York City, 2020","Montesano MPM, Johnson K, Tang A, Slutsker JS, Chan PY, Guerra K, MacGregor J, Grossman J, Kennelly M, Thompson CN",2021,2021 Oct,,American Journal of Public Health,,COVID-19; infectious disease; pandemic; respiratory infection
"Association Between Time to First RNA-Negative Test Result Among People With Hepatitis C Virus Infection and Homelessness or Testing at a Correctional or Substance Use Treatment Facility, New York City","Moore MS, Bocour A",2021,2021,,Public Health Reports,,addiction; behavioral health; health equity; hepatitis; housing; infectious disease; liver disease; sexual health; sexually transmitted infection; social determinants; substance use
The Distribution and Spread of Susceptible and Resistant Neisseria gonorrhoeae Across Demographic Groups in a Major Metropolitan Center,"Mortimer TD, Pathela P, Crawley A, Rakeman JL, Lin Y, Harris SR, Blank S, Schillinger JA, Grad YH",2021,2021 Nov 2,,Clinical Infectious Diseases,,healthcare delivery
"Impact of Anatomic Site, Specimen Collection Timing, and Patient Symptom Status on Neisseria gonorrhoeae Culture Recovery","Nash EE, Pham CD, Raphael B, Learner ER, Mauk K, Weiner J, Mettenbrink C, Thibault CS, Fukuda A, Dobre-Buonya O, Black JM, Johnson K, Sellers K, Schlanger K; SURRG Working Group",2021,2021 Dec 1,,Sexually Transmitted Diseases,,
Targeting Culture Criteria to Maximize Culture Positivity of Neisseria gonorrhoeae in 3 Sexual Health Clinic Settings,"Nguyen TQ, Jamison K, Pfister J, Sankaran M, Amsterdam L, Siemetzk-Kapoor U, Pathela P",2021,2021 Dec 1,,Sexually Transmitted Diseases,,healthcare delivery
"""Come with us for a week, for a month, and see how much food lasts for you"": A Qualitative Exploration of Food Insecurity in East Harlem, New York City","Nieves C, Dannefer R, Zamula A, Sacks R, Ballesteros Gonzalez D, Zhao F",2021,2021,,Journal of the Academy of Nutrition and Dietetics,,chronic disease prevention; food security; nutrition; public health; social determinants
"""Liquid Gold"" Lactation Bundle and Breastfeeding Rates in Racially Diverse Mothers of Extremely Low-Birth-Weight Infants","Obaid M, Igawa T, Maxwell A, Murray YL, Rahman A, Aboudi D, Olivo K, Roeder T, Valdes-Greene R, Brumberg H, Alpan G, Parvez B",2021,2021,,Breastfeeding Medicine,,birth outcomes; breastfeeding; child health; health disparities; health equity; infant health; maternal health; pediatric health; reproductive health; social determinants
"Prevalence of SARSCoV-2 Antibodies in New York City Adults, June-October 2020: A Population-Based Survey","Parrott JC, Maleki AN, Vassor VE, Osahan S, Hsin Y, Sanderson M, Fernandez S, Levanon Seligson A, Hughes S, Wu J, DeVito AK, LaVoie SP, Rakeman JL, Gould LH, Alroy KA",2021,2021 Jul 15,,Journal of Infectious Diseases,,epidemiology
Durable Viral Suppression Among People with HIV and Problem Substance Use in the Era of Universal Antiretroviral Treatment,"Paschen-Wolff MM, Campbell ANC, Tross S, Choo TH, Pavlicova M, Braunstein S, Lazar R, Borges C, Castro M, Berg H, Harriman G, Remien RH, Des Jarlais D",2021,2021,,AIDS and Behavior,,HIV/AIDS; addiction; behavioral health; infectious disease; sexually transmitted infection; substance use
Initiating antiretroviral treatment for newly diagnosed HIV patients in sexual health clinics greatly improves timeliness of viral suppression,"Pathela P, Jamison K, Braunstein SL, Borges CM, Lazar R, Mikati T, Daskalakis D, Blank S",2021,2021 Sep 1,,AIDS,,HIV/AIDS; healthcare delivery; infectious disease; sexually transmitted infection
An Outbreak Investigation of Scombrotoxin Fish Poisoning Illnesses in the United States Linked to Yellowfin Tuna Imported from Vietnam 2019,"Pereira E, Elliot EL, Singleton LS, Otto M, Tesfai A, Doyle M, Hawk H, Bloodgood S, Benner RA, Ross MP, Scott A, Kristof MC, Fox T, Bridgman B, Long N, Livsey K, Rubenstein A, Garner K, Nicholas D, Chuang Y, Viveiros B, Waggener C, Klontz K, Viazis S",2021,2021,,Journal of Food Protection,,epidemiology; infectious disease; outbreak investigation; sexual health; sexually transmitted infection
Use and Visualization of Electronic Health Record Data to Advance Public Health,Perlman SE,2021,2021 Feb,,American Journal of Public Health,,
"Acquisition of ciprofloxacin resistance among an expanding clade of beta-lactamase-positive, serogroup Y Neisseria meningitidis in the United States","Potts CC, Retchless AC, McNamara LA, Marasini D, Reese N, Swint S, Hu F, Sharma S, Blain AE, Lonsway D, Karlsson M, Hariri S, Fox LM, Wang X, Antimicrobial-Resistant Neisseria meningitidis Team",2021,2021,,Clinical infectious diseases,,healthcare delivery
"Antimicrobial Susceptibility of Urogenital and Extragenital Neisseria gonorrhoeae Isolates Among Men Who Have Sex With Men: Strengthening the US Response to Resistant Gonorrhea and Enhanced Gonococcal Isolate Surveillance Project, 2018 to 2019","Quilter LAS, St Cyr SB, Hong J, Asbel L, Bautista I, Carter B, Casimir Y, Denny M, Ervin M, Gomez R, Harvey A, Holderman JL, Johnson K, Kohn RP, Learner ER, Mauk K, Menza T, Mettenbrink C, Nettleton WD, Nicosia KR, Pham CD, Ried C, Schlanger K, Schneider A, Soge OO, Tabidze I, Taylor SN, Tilghman W, Toler C, Weinstock H, Torrone EA",2021,2021 Dec 1,,Sexually Transmitted Diseases,,epidemiology; infectious disease; public health monitoring; sexual health; sexually transmitted infection; surveillance
Implementation and Evaluation of Gradient Strip Antimicrobial Susceptibility Testing in US Public Health Laboratories to Respond to Resistant Gonorrhea,"Raphael BH, Pham CD, Sharpe S, Mauk K, Harvey A, Khubbar M, Triplett L, Soge OO, Denny M, Palavecino EL, Finney R, Olsen A, Carlson J, St Cyr SB, Schlanger K, Kersh EN; Strengthening the US Response to Resistant Gonorrhea Working Group",2021,2021 Dec 1,,Sexually Transmitted Diseases,,healthcare delivery; infectious disease; sexual health; sexually transmitted infection
"PrEP Use and Correlates of Use Among a Large, Urban Sample of Men and Transgender Persons Who Have Sex with Men","Rathakrishnan D, Purpura LJ, Salcuni PM, Myers JE, Wahnich A, Daskalakis DC, Edelstein ZR",2021,2021,,AIDS and Behavior,10.1007/s10461-021-03456-w,HIV/AIDS; infectious disease; sexually transmitted infection
Association between HIV clinic caseloads and viral load suppression in New York City,"Ravikumar S, D'Aquila E, Daud M, Skinner C, Hayes C, Seabrook T, Crittendon E, Daskalakis D, Lim S, Abraham B",2021,2021,,AIDS Care,10.1080/09540121.2021.1896662,HIV/AIDS; healthcare delivery; infectious disease; sexually transmitted infection
"Characteristics of the social network of bike share members in New York City. Journal of Trasport & Health. 2021 Sept; 22:101128. 118. Richardson ET, Malik MM, Darity WA Jr, Mullen AK, Morse ME, Malik M, Maybank A, Bassett MT, Farmer PE, Worden L, Jones JH. Reparations for Black American descendants of persons enslaved in the U.S. and their potential impact on SARS-CoV-2 transmission","Reilly KH, Wang SM, Gould H, Baquero M, Crossa A",2021,2021 May,,Social Science & Medicine,,COVID-19; infectious disease; pandemic; respiratory infection; sexual health; sexually transmitted infection
"Video-based HIV testing services among cisgender men who have sex with men as a component of an HIV behavioural surveillance study during the COVID-19 pandemic in New York City: implementation, feasibility and lessons learned","Rivera A, Martinez P, Braunstein S",2021,2021,,Sexually Transmitted Infections,,COVID-19; HIV/AIDS; epidemiology; healthcare delivery; infectious disease; pandemic; public health monitoring; respiratory infection; sexual health; sexually transmitted infection; surveillance
"Prevalence of U = U Awareness and Its Association with Anticipated HIV Stigma Among Low-Income Heterosexually Active Black and Latino Adults in New York City, 2019","Rivera AV, Carrillo SA, Braunstein SL",2021,2021,,AIDS Patient Care and STDs,,HIV/AIDS; discrimination; epidemiology; health equity; infectious disease; poverty; sexual health; sexually transmitted infection; social determinants
"Trends in Methamphetamine Use Among Men Who Have Sex with Men in New York City, 2004-2017","Rivera AV, Harriman G, Carrillo SA, Braunstein SL",2021,2021 Apr,,AIDS and Behavior,,HIV/AIDS; infectious disease; sexually transmitted infection
Mortality among clients in the New York City HIV Care Coordination Program (CCP): Incidence and Associated Clinical Factors,"Robertson MM, Irvine MK, Penrose K, Harriman G, Braunstein SL, Nash D",2021,2021,,Annals of Epidemiology,,HIV/AIDS; epidemiology; healthcare delivery; infectious disease; mortality; sexually transmitted infection; vital statistics
HIV and Intersectional Stigma Reduction Among Organizations Providing HIV Services in New York City: A Mixed-Methods Implementation Science Project,"Rodriguez-Hart C, Mackson G, Belanger D, West N, Brock V, Phanor J, Weigl S, Ahmed C, Soler J, Rule A, Cournos F, McKinnon K, Sandfort TGM",2021,2021,,AIDS and Behavior,10.1007/s10461-021-03498-0,HIV/AIDS; discrimination; health equity; healthcare delivery; infectious disease; sexual health; sexually transmitted infection; social determinants
"Prevalence of SARS-CoV-2 Antibodies in First Responders and Public Safety Personnel, New York City, New York, USA, MayJuly 2020","Sami S, Akinbami LJ, Petersen LR, Crawley A, Lukacs SL, Weiss D, Henseler RA, Vuong N, Mackey L, Patel A, Grohskopf LA, Morgenthau BM, Daskalakis D, Pathela P",2021,2021 Jan 25,,Emerging Infectious Diseases,,COVID-19; epidemiology; infectious disease; pandemic; respiratory infection
Using Public Deliberation to Set Priorities: The Case of COVID-19 Vaccine Access in New York City,"Scherer M, Kamler A, Weiss L, Blacksher E, Jeavons J, Gold MR",2021,2022 Jan-Feb 01,,Journal of Public Health Management and Practice,,COVID-19; immunization; infectious disease; pandemic; preventive care; respiratory infection; vaccination
Strengthening the US Response to Resistant Gonorrhea: An Overview of a Multisite Program to Enhance Local Response Capacity for Antibiotic-Resistant Neisseria gonorrhoeae,"Schlanger K, Learner ER, Pham CD, Mauk K, Golden M, Wendel KA, Amsterdam L, McNeil CJ, Johnson K, Nguyen TQ, Holderman JL, Hasty GL, St Cyr SB, Town K, Nash EE, Kirkcaldy RD; SURRG Working Group",2021,2021 Dec 1,,Sexually Transmitted Diseases,,infectious disease; sexual health; sexually transmitted infection
"Test of cure return rate and test positivity, Strengthening the U.S Response to Resistant Gonorrhea (SURRG), United States, 2018-2019","Schlanger K, Mauk K, Learner ER, Schillinger JA, Nishiyama M, Kohn R, Thibault C, Hermus H, Dewater J, Pabon V, Black J, St Cyr S, Pham CR, Kirkcaldy RD; SURRG Working Group",2021,2021,,Sexually Transmitted Diseases,,infectious disease; sexual health; sexually transmitted infection
The Association of School Nurse Workload With Student Health and Academic Outcomes: A Cross-Sectional Study,"Schroeder K, Young A, Adman G, Ashmeade AM, Bonas E, Day SE, Konty K",2021,2021,,J Sch Nurs,,epidemiology
Telephone Patient Navigation Increases Follow-Up Hepatitis B Care in the Postpartum Period for Immigrants Living in New York City,"Schwartz J, Bocour A, Tang L, Pene F, Johnson N, Lazaroff J, Moore MS, Winters A",2021,2021,,J Immigr Minor Health,,access to care; health equity; hepatitis; immigrant health; infectious disease; liver disease
Effects of 9/11-related injury on retirement patterns among World Trade Center Registry enrollees,"Seil K, Yu S, Brackbill R, Alper H, Maqsood J",2021,2021,,American Journal of Industrial Medicine,,9/11 health effects; disaster response; epidemiology; injury prevention; mental health; public health; public health monitoring; respiratory disease; surveillance; trauma
Adapting Survey Data Collection to Respond to the COVID-19 Pandemic: Experiences From a Local Health Department,"Seligson AL, Alroy KA, Sanderson M, Maleki AN, Fernandez S, Aviles A, Dumas SE, Perlman SE, Peebles K, Norman CC, Gwynn RC, Gould LH",2021,2021 Dec,,American Journal of Public Health,,COVID-19; epidemiology; infectious disease; pandemic; respiratory infection
Lives saved and hospitalizations averted by COVID-19 vaccination in New York City: a modeling study,"Shoukat A, Vilches TN, Moghadas SM, Sah P, Schneider EC, Shaff J, Ternier A, Chokshi DA, Galvani AP",2021,2021,,The Lancet Regional Health - Americas,,COVID-19; epidemiology; healthcare quality; healthcare utilization; hospital care; immunization; infectious disease; pandemic; preventive care; respiratory infection; vaccination
"Assessing the Burden of Infant Deaths due to Herpes Simplex Virus, Human Immunodeficiency Virus, and Congenital Syphilis - United States, 1995-2017","Slutsker JS, Schillinger JA",2021,2021,,Sexually Transmitted Diseases,,birth defects; child health; congenital disorders; infant health; infectious disease; mortality; pediatric health; sexual health; sexually transmitted infection; vital statistics
"ActionHealthNYC: Effectiveness of a Health Care Access Program for the Uninsured, 2016‒2017","Sood RK, Bae JY, Sabety A, Chan PY, Heindrichs C",2021,2021,,American Journal of Public Health,,
Trends in HIV prevalence by self-report among MSM diagnosed and reported with gonorrhea in six United States jurisdictions from 2010 to 2019,"Stenger MR, Pathela P, Schumacher C, Burghardt N, Amiya R, Madera R, Nguyen TQ, Torrone E",2021,2021 Dec 1,,AIDS,,HIV/AIDS; epidemiology; infectious disease; sexual health; sexually transmitted infection
Access to Contraceptives in School-Based Health Centers: Progress and Opportunities,"Sullivan EE, Love HL, Fisher RL, Schlitt JJ, Cook EL, Soleimanpour S",2021,2021,,American Journal of Preventive Medicine,,health disparities; health equity; social determinants
Failure to Recognize Low Non-Treponemal Titer Syphilis Infections in Pregnancy May Lead to Widespread Under-Treatment. Int,"Swayze EJ, Nielsen-Saines K, Segura ER, Saad E, Yue D, Comulada WS, Cambou MC",2021,2021,,Journal of Infectious Diseases,,child health; environmental health; infectious disease; lead poisoning; maternal health; pregnancy; reproductive health; sexual health; sexually transmitted infection
Association between post-traumatic stress disorder and alcohol-related hospitalizations among World Trade Center Health Registry enrollees,"Takemoto E, Giesinger I, Russell JS, Li J",2021,2021 Feb 26,,Drug and Alcohol Dependence,,9/11 health effects; PTSD; alcohol use; behavioral health; disaster response; epidemiology; healthcare quality; healthcare utilization; hospital care; injury prevention; mental health; public health; public health monitoring; respiratory disease; substance use; surveillance; trauma
Service utilization and HIV outcomes among transgender women receiving Ryan White Part A services in New York City,"Thomas JA, Irvine MK, Xia Q, Harriman GA",2021,2021 Jul 1,,PLOS One,,HIV/AIDS; infectious disease; sexually transmitted infection
Associations between Experiences of Police Contact and Discrimination by the Police and Courts and Health Outcomes in a Representative Sample of Adults in New York City,"Thompson A, Baquero M, English D, Calvo M, Martin-Howard S, Rowell-Cunsolo T, Garretson M, Brahmbhatt D",2021,2021,,Journal of Urban Health,,discrimination; health equity; social determinants
"Acknowledgments: Lall R, Quinn C, Layton M. Rapid Emergence and Epidemiologic Characteristics of the SARS-CoV-2 B.1.526 Variant - New York City, New York, January 1-April 5, 2021","Thompson CN, Hughes S, Ngai S, Baumgartner J, Wang JC, McGibbon E, Devinney K, Luoma E, Bertolino D, Hwang C, Kepler K, Del Castillo C, Hopkins M, Lee H, DeVito , Rakeman JL, Fine AD",2021,2021 May 14,,MMWR Morbidity and Mortality Weekly Report,,COVID-19; disease burden; epidemiology; infectious disease; morbidity; mortality; pandemic; respiratory infection; sexual health; sexually transmitted infection; vital statistics
"The association between student body mass index and tests of flexibility assessed by the FITNESSGRAM®: New York City public school students, 2017-18","Thompson HR, Pavlovic A, D'Agostino E, Napier MD, Konty K, Day SE",2021,2021 Dec 31,,PLOS One,,
Exploring and Comparing the Structure of Sexual Networks Affected by Neisseria gonorrhoeae Using Sexual Partner Services Investigation and Genomic Data,"Town K, Learner ER, Chivukula VL, Mauk K, Reimche JL, Schmerer MW, Black J, Pathela P, Bhattacharyya S, Kerani RP, Gieseker KE, Fukuda A, Sankaran M, McNeil CJ, Spicknall IH, Raphael BH, St Cyr SB, Bernstein K, Kersh EN, Kirkcaldy RD, Schlanger K, Gernert KM; SURRG Working Group",2021,2021 Dec 1,,Sexually Transmitted Diseases,,infectious disease; sexual health; sexually transmitted infection
Initiation of metformin in MELAS patient-a dangerous combination,"Trebach J, Ghazali D, Burke DJ, Mahonski SG, Hoffman RS",2021,2021,,Clin Toxicol (Phila),,
Combating Anti-Asian American/Pacific Islander Racism Through Local Health Departments and Schools of Public Health,"Tsui EK, Huynh M",2021,2021 Aug,,American Journal of Public Health,,
COVID-19 Infections Among Students and Staff in New York City Public Schools,"Varma JK, Thamkittikasem J, Whittemore K, Alexander M, Stephens DH, Arslanian K, Bray J, Long TG",2021,2021 May,,Pediatrics,,COVID-19; child health; infectious disease; pandemic; pediatric health; respiratory infection
Public Health Detailing to Promote HIV Pre- and Postexposure Prophylaxis Among Women's Healthcare Providers in New York City,"Wahnich A, Gandhi AD, Cleghorn E, Estacio K, Blackstock OJ, Myers JE, Abraham B, Edelstein ZR",2021,2021 Nov,,American Journal of Preventive Medicine,,HIV/AIDS; healthcare delivery; infectious disease; sexually transmitted infection
Considerations for the Design of Pre-exposure Prophylaxis (PrEP) Interventions for Women: Lessons Learned from the Implementation of a Novel PrEP Intervention,"Walters SM, Platt J, Anakaraonye A, Golub SA, Cunningham CO, Norton BL, Sevelius JM, Blackstock OJ",2021,2021,,AIDS and Behavior,,HIV/AIDS; healthcare delivery; infectious disease; program evaluation; public health intervention; sexually transmitted infection
"2021;70(32):1100-1102. 153. Wanga V, Chevinsky JR, Dimitrov LV, Gerdes ME, Whitfield GP, Bonacci RA, Nji MAM, HernandezRomieu AC, Rogers-Brown JS, McLeod T, Rushmore J, Lutfy C, Bushman D, Koumans E, Saydah S, Goodman AB, Coleman King SM, Jackson BR, Cope JR. Long-Term Symptoms Among Adults Tested for SARS-CoV-2 - United States, January 2020-April 2021",MMWR Morbidity and mortality weekly report,2021,2021 Sep 10,,MMWR Morbidity and Mortality Weekly Report,,COVID-19; disease burden; epidemiology; infectious disease; morbidity; mortality; pandemic; respiratory infection; vital statistics
"Trends in Heroin Treatment Admissions in the United States by Race, Sex, and Age","Warren EC, Kolodny A",2021,2021 Feb 1,,JAMA Network Open,,health disparities; health equity; healthcare quality; healthcare utilization; hospital care; social determinants
Detection and characterization of the SARSCoV-2 lineage B.1.526 in New York,"West AP Jr, Wertheim JO, Wang JC, Vasylyeva TI, Havens JL, Chowdhury MA, Gonzalez E, Fang CE, Di Lonardo SS, Hughes S, Rakeman JL, Lee HH, Barnes CO, Gnanapragasam PNP, Yang Z, Gaebler C, Caskey M, Nussenzweig MC, Keeffe JR, Bjorkman PJ",2021,2021 Aug 9,,Nature Communications,,
Associations of Health Conditions and HealthRelated Determinants with Disability among New York City Adult Residents,"Wetmore JB, Chernov C, Perlman SE, Borrell LN",2021,2021 Jul 15,,Ethnicity & Disease,,health disparities; health equity; social determinants
"Evaluating Surveillance for and Estimating Administration of Rabies Postexposure Prophylaxis in the United States, 2012-2018","Whitehouse ER, Person MK, Brown CM, Slavinski S, Rao AK, Blanton JD",2021,2021 Oct 25,,PLOS Neglected Tropical Diseases,,epidemiology; infectious disease; public health monitoring; sexual health; sexually transmitted infection; surveillance
Walking distance for vulnerable populations to public health emergency response points of dispensing in New York City,"Whittemore K, Ali M, Schroeder A, Vora NM, Starr D, Daskalakis D, Lucero DE",2021,2021 Nov-Dec,,J Emerg Manag,,
"Hospital-level factors associated with death during pneumonia-associated hospitalization among adults-New York City, 2010-2014","Whittemore K, Garcia KM, Huang CC, Lim S, Daskalakis DC, Vora NM, Lucero DE",2021,2021 Oct 7,,PLOS One,,healthcare quality; healthcare utilization; hospital care; mortality; vital statistics
Logically Inferred Tuberculosis Transmission (LITT): A Data Integration Algorithm to Rank Potential Source Cases,"Winglee K, McDaniel CJ, Linde L, Kammerer S, Cilnis M, Raz KM, Noboa W, Knorr J, Cowan L, Reynolds S, Posey J, Sullivan Meissner J, Poonja S, Shaw T, Talarico S, Silk BJ",2021,2021 Jun 21,,Frontiers in Public Health,,infectious disease; respiratory infection; tuberculosis
A Preparedness Model for Mother-Baby Linked Longitudinal Surveillance for Emerging Threats,"Woodworth KR, Reynolds MR, Burkel V, Gates C, Eckert V, McDermott C, Barton J, Wilburn A, Halai UA, Brown CM, Bocour A, Longcore N, Orkis L, Lopez CD, Sizemore L, Ellis EM, Schillie S, Gupta N, Bowen VB, Torrone E, Ellington SR, Delaney A, Olson SM, Roth NM, Whitehill F, Zambrano LD, Meaney-Delman D, Fehrenbach SN, Honein MA, Tong VT, Gilboa SM",2021,2021,,Maternal and Child Health Journal,,child health; epidemiology; maternal health; pediatric health; pregnancy; public health monitoring; reproductive health; surveillance
Years Since Diagnosis Among People Living With Diagnosed HIV in New York City,"Xia Q, Torian LV, Braunstein SL, Blackstock OJ",2021,2021,,Public Health Reports,,HIV/AIDS; infectious disease; sexually transmitted infection
Estimating the infection-fatality risk of SARS-CoV-2 in New York City during the spring 2020 pandemic wave: a model-based analysis,"Yang W, Kandula S, Huynh M, Greene SK, Van Wye G, Li W, Chan HT, McGibbon E, Yeung A, Olson D, Fine A, Shaman J",2021,2021 Feb,,The Lancet Infectious Diseases,,COVID-19; infectious disease; mortality; pandemic; respiratory infection; sexual health; sexually transmitted infection; vital statistics
"Effectiveness of non-pharmaceutical interventions to contain COVID-19: a case study of the 2020 spring pandemic wave in New York City. J R Soc Interface. 2021 Feb;18(175):20200822. 165. Yi Y, Kennedy J, Chazotte C, Huynh M, Jiang Y, Wildeman C. Paternal Jail Incarceration and Birth Outcomes: Evidence from New York City, 2010-2016","Yang W, Shaff J, Shaman J",2021,2021,,Maternal and Child Health Journal,,COVID-19; birth outcomes; child health; criminal justice; epidemiology; health equity; infectious disease; maternal health; pandemic; pediatric health; pregnancy; program evaluation; public health intervention; reproductive health; respiratory infection; social determinants
Exposure to urban green space may both promote and harm mental health in socially vulnerable neighborhoods: A neighborhood-scale analysis in New York City,"Yoo EH, Roberts JE, Eum Y, Li X, Konty K",2021,2021,,Environmental Research,10.1016/j.envres.2021.112292,behavioral health; mental health
"Stroke hospitalizations, posttraumatic stress disorder, and 9/11-related dust exposure: Results from the World Trade Center Health Registry","Yu S, Alper HE, Nguyen AM, Maqsood J, Brackbill RM",2021,2021 Oct,,American Journal of Industrial Medicine,,9/11 health effects; PTSD; cardiovascular disease; chronic disease; disaster response; epidemiology; healthcare quality; healthcare utilization; heart health; hospital care; injury prevention; mental health; public health; public health monitoring; respiratory disease; surveillance; trauma
Change in 9/11-related post-traumatic stress symptoms following cancer diagnosis,"Yung J, Takemoto E, Cone J, Li J",2021,2021,,Psycho-Oncology,,9/11 health effects; PTSD; cancer; chronic disease; disaster response; injury prevention; mental health; oncology; public health; respiratory disease; trauma
Effectiveness of a serogroup B outer membrane vesicle meningococcal vaccine against gonorrhoea: a retrospective observational study,"Abara WE, Bernstein KT, Lewis FMT, Schillinger JA, Feemster K, Pathela P, Hariri S, Islam A, Eberhart M, Cheng I, Ternier A, Slutsker JS, Mbaeyi S, Madera R, Kirkcaldy RD",2022,2022,,The Lancet Infectious Diseases,,epidemiology; immunization; preventive care; vaccination
Impact of COVID-19 on Peer Support Specialists in the United States: Findings From a Cross-Sectional Online Survey,"Adams WE, Rogers ES, Edwards JP, Lord EM, McKnight L, Barbone M",2022,2022 Jan 1,,Psychiatric Services,,COVID-19; behavioral health; epidemiology; infectious disease; mental health; pandemic; respiratory infection
Reinfection with severe acute respiratory syndrome coronavirus 2 among previously infected healthcare personnel and first responders,"Akinbami LJ, Biggerstaff BJ, Chan PA, McGibbon E, Pathela P, Petersen LR",2022,2022,,Clinical infectious diseases,,COVID-19; chronic disease; healthcare delivery; infectious disease; pandemic; pulmonary health; respiratory disease; respiratory infection
"The Gulf Coast Tick, Amblyomma maculatum (Ixodida: Ixodidae), and Spotted Fever Group Rickettsia in the Highly Urbanized Northeastern United States","Bajwa WI, Tsynman L, Egizi AM, Tokarz R, Maestas LP, Fonseca DM",2022,2022,,Journal of Medical Entomology,,
"Air pollution, children's academic achievement and the potential mediating role of preterm birth","Balalian AA, McVeigh KH, Stingone JA",2022,2022 Jun,,International Journal of Hygiene and Environmental Health,,air quality; behavioral health; birth outcomes; child health; environmental health; maternal health; mental health; pediatric health; reproductive health; respiratory health
"""I didn't feel like a number"": The impact of nurse care managers on the provision of buprenorphine treatment in primary care settings","Beharie N, Kaplan-Dobbs M, Urmanche A, Paone D, Harocopos A",2022,2022 Jan,,Journal of Substance Abuse Treatment,,access to care; preventive care; primary care
"COVID-19 case investigation and contact tracing in New York City, June 1,","Blaney K, Foerster S, Baumgartner J, Benckert M, Blake J, Bray J, Chamany S, Devinney K, Fine A, Gindler M, Guerra L, Johnson A, Keeley C, Lee D, Lipsit M, McKenney S, Misra K, Perl S, Peters D, Ray M, Saad E, Thomas G, Trieu L, Udeagu CC, Watkins J, Wong M, Zielinski L, Long T, Vora NM",2022,"2020, to October 31,",,,,COVID-19; infectious disease; pandemic; respiratory infection; sexual health; sexually transmitted infection
Cancer risk among World Trade Center rescue and recovery workers: A review,"Boffetta P, Hall CB, Todd AC, Goldfarb DG, Schymura MJ, Li J, Cone JE, Zeig-Owens R",2022,2022 Jul,,CA: A Cancer Journal for Clinicians,,9/11 health effects; cancer; chronic disease; disaster response; healthcare delivery; mental health; occupational health; oncology; public health; respiratory disease; worker safety
Beverage Availability and Price: Variations by Neighborhood Poverty Level in New York City,"Bragg MA, Rummo PE, Greene T, Arshonsky J, Anekwe AV, Mezzacca TA, Farley SM",2022,2022 Apr 27,,Health Equity,,health disparities; health equity; poverty; social determinants
Community Perceptions in New York City: Sugar-Sweetened Beverage Policies and Programs in the First 1000 Days,"Braid L, Oliva R, Nichols K, Reyes A, Guzman J, Goldman RE, Woo Baidal JA",2022,2022 Jan,,Maternal and Child Health Journal,,child health; maternal health; pediatric health; pregnancy; reproductive health
Survival Among New Yorkers with HIV from 1981 to 2017: Inequities by Race/Ethnicity and Transmission Risk Persist into the Post-HAART Era,"Braunstein SL, Kersanske L, Torian LV, Lazar R, Harriman G",2022,2022 Jan,,AIDS and Behavior,,HIV/AIDS; health disparities; health equity; infectious disease; sexually transmitted infection; social determinants
Variation and racial/ethnic disparities in Caesarean delivery at New York City hospitals: The contribution of hospital-level factors,"Brazier E, Borrell LN, Huynh M, Kelly EA, Nash D",2022,2022,,Annals of Epidemiology,,birth outcomes; health disparities; health equity; healthcare delivery; healthcare quality; healthcare utilization; hospital care; maternal health; reproductive health; social determinants
In-Person vs Electronic Directly Observed Therapy for Tuberculosis Treatment Adherence: A Randomized Noninferiority Trial,"Burzynski J, Mangan JM, Lam CK, Macaraig M, Salerno MM, deCastro BR, Goswami ND, Lin CY, Schluger NW, Vernon A; eDOT Study Team",2022,2022 Jan 4,,JAMA Network Open,,infectious disease; respiratory infection; tuberculosis
"Risk Factors for Death Among Hospitalized Patients Aged 21-64 Years Diagnosed with COVID-19-New York City, March 13-April 9, 2020","Bushman D, Davidson A, Pathela P, Greene SK, Weiss D, Reddy V, Team NYCFCS, Latash J",2022,2022 Aug,,Journal of Racial and Ethnic Health Disparities,,COVID-19; epidemiology; health disparities; health equity; healthcare quality; healthcare utilization; hospital care; infectious disease; mortality; pandemic; respiratory infection; social determinants; vital statistics
"Interim Analysis of Acute Hepatitis of Unknown Etiology in Children Aged <10 Years - United States, October 2021-June 2022","Cates J, Baker JM, Almendares O, Kambhampati AK, Burke RM, Balachandran N, Burnett E, Potts CC, Reagan-Steiner S, Kirking HL, Sugerman D, Parashar UD, Tate JE; Hepatitis of Unknown Etiology Group [Wills A, Keating P]",2022,2022 Jul 1,,MMWR Morbidity and Mortality Weekly Report,,child health; disease burden; epidemiology; hepatitis; infectious disease; liver disease; morbidity; mortality; pediatric health; vital statistics
Neighborhood-Level Chronic Disease Surveillance: Utility of Primary Care Electronic Health Records and Emergency Department Claims Data,"Chan PY, Perlman SE, Lee DC, Smolen JR, Lim S",2022,2022 Jan-Feb 01,,Journal of Public Health Management and Practice,,access to care; emergency care; epidemiology; healthcare utilization; preventive care; primary care; public health monitoring; surveillance
Pre-exposure Prophylaxis (PrEP) Initiation Among Black and Latina Cisgender Women Receiving HIV Prevention Care Coordination Services in New York City,"Cheek JB, Feldman MB, Montero N, Gambone GF, Hoffman S, Blackstock OJ",2022,2022,,AIDS and Behavior,,HIV/AIDS; infectious disease; sexually transmitted infection
Primary Care Implementation of a Mandatory Prescription Drug Monitoring Program in New York City,"Chernick R, Allen B, Harocopos A",2022,2022 Apr,,Journal of Behavioral Health Services & Research,,access to care; epidemiology; healthcare delivery; preventive care; primary care; public health monitoring; surveillance
Cardiovascular Disease Risk Factors Among Immigrant and US-Born Adults in New York City,"Chernov C, Wang L, Thorpe LE, Islam N, Freeman A, Trinh-Shevrin C, Kanchi R, Perlman SE",2022,2022 May-Jun,,Public Health Reports,,access to care; cardiovascular disease; chronic disease; epidemiology; health equity; heart health; immigrant health
How to Act Upon Racism—not Race—as a Risk Factor,"Chokshi DA, Foote MMK, Morse ME",2022,2022,,JAMA Health Forum,,epidemiology; health disparities; health equity; social determinants
Implementing an STI screening initiative in New York City community colleges,"Cohall A, Cohall R, Rais M, Zucker J, Sanchez D, Carnevale C, Gonzalez-Davila M",2022,2022,,Journal of American College Health,,infectious disease; sexual health; sexually transmitted infection
The use of electronic health records to inform cancer surveillance efforts: a scoping review and test of indicators for public health surveillance of cancer prevention and control,"Conderino S, Bendik S, Richards TB, Pulgarin C, Chan PY, Townsend J, Lim S, Roberts TR, Thorpe LE",2022,2022 Apr 6,,BMC Med Inform Decis Mak,,cancer; chronic disease; epidemiology; oncology; public health monitoring; surveillance
"Effectiveness of Syphilis Partner Notification After Adjusting for Treatment Dates, 7 Jurisdictions","Cope AB, Bernstein KT, Matthias J, Rahman M, Diesel JC, Pugsley RA, Schillinger JA, Chew Ng RA, Klingler EJ, Mobley VL, Samoff E, Peterman TA",2022,2022 Feb 1,,Sexually Transmitted Diseases,,data quality; infectious disease; public health infrastructure; sexual health; sexually transmitted infection; surveillance
"Longitudinal Association between Weight Status, Aerobic Capacity, Muscular Strength, and Endurance among New York City Youth, 2010-2017","D'Agostino EM, Day SE, Konty KJ, Armstrong SC, Skinner AC, Neshteruk CD",2022,2022,,Childhood Obesity,,child health; chronic disease; nutrition; obesity; pediatric health
The New York City Department of Health and Mental Hygiene School Vision Program: A description of program expansion,"Day S, Acquafredda E, Humphrey J, Johnson M, Fitzpatrick M, Spasojevic J, Konty K",2022,2022 Jan 19,,PLOS One,,
E-cigarette Use Among Middle and High School Students in New York City Before and After Passage of Tobacco 21,"Debchoudhury I, Farley SM, Roods K, Talati A, Jasek J",2022,2022 Jan 6,,Tobacco Use Insights,,preventive care; smoking cessation; tobacco use
Biostatistics and Epidemiology for the Toxicologist: Incidence and Prevalence,"DiSalvo P, Su MK",2022,2022 Jan,,Journal of Medical Toxicology,,epidemiology; infectious disease; sexual health; sexually transmitted infection
Improving Childhood Asthma Outcomes in East Harlem: The East Harlem Asthma Center of Excellence's Asthma Counselor Program,"Dreisbach N, Wang H, Campbell S, Correa H, Dickson T, Brown-Dudley L, Escoffery D, Evtimova T, Fonseca A, Myers C, Plasencia S, Manyindo N",2022,2022,,Journal of Asthma,,child health; chronic disease; pediatric health; pulmonary health; respiratory disease
Climate change and the epidemiology of infectious diseases in the United States,"Edelson PJ, Harold R, Ackelsberg J, Duchin JS, Lawrence SJ, Manabe YC, Zahn M, LaRocque RC",2022,2022,,Clinical infectious diseases,,climate change; environmental health; healthcare delivery
"Housing type and secondhand tobacco smoke exposure among non-smoking New York City adults, 2004 and 201314","Farley SM, Jasek J, Debchoudhury I, Van Beck K, Talati A, Perlman SE, Thorpe LE",2022,2022 Apr 27,,Preventive Medicine Reports,,environmental health; health equity; housing; preventive care; smoking cessation; social determinants; tobacco use
Implementing PrEP Services in Diverse Health Care Settings,"Faro EZ, Mantell JE, Gonzalez-Argoti T, Hoffman S, Edelstein Z, Tsoi B, Bauman LJ",2022,2022 Jul 1,,Journal of Acquired Immune Deficiency Syndromes,,
"Latino Children's Obesity Risk Varies by Place of Birth: Findings from New York City Public School Youth, 2006-2017","Flórez KR, Day SE, Huang TT, Konty KJ, D'Agostino EM",2022,2022 Jul,,Childhood Obesity,,birth outcomes; child health; chronic disease; maternal health; nutrition; obesity; pediatric health; reproductive health
Predictors of 1-year mortality after adult lung transplantation: Systematic review and meta-analyses,"Foroutan F, Malik A, Clark KE, Buchan TA, Yang H, Cheong GHL, Pezzutti O, Kim I, Gupta R, Tan C, Samman A, Friesen EL, Akhtar A, Rigobon A, Stein M, et al",2022,2022 Jul,,Journal of Heart and Lung Transplantation,,mortality; vital statistics
"Change in Asthma Is Associated with Change in PTSD in World Trade Center Health Registrants, 2011 to 2016","Friedman SM, Alper H, de la Hoz RE, Osahan S, Farfel MR, Cone J",2022,2022 Jun 25,,International Journal of Environmental Research and Public Health,,9/11 health effects; PTSD; chronic disease; disaster response; mental health; pulmonary health; respiratory disease; trauma
Innovations in Fatality Management During the COVID-19 Pandemic,"Furuness I, Tavarez MM, McGinty MD, Mendez K, Demree O, Aviles C, Salahuddin M, Coard J, Mandel-Ricci J, Bentley S, Wei E, Flaherty C, Saez M, Indar M, Iavicoli L",2022,2022,,Health Security,,COVID-19; infectious disease; mortality; pandemic; respiratory infection; vital statistics
"Self-Efficacy and Mental Health Help-Seeking Behavior of World Trade Center Health Registry Enrollees, 2015-2016","Garrey SK, Takemoto E, Petrsoric L, Gargano LM",2022,2022 Jun 10,,International Journal of Environmental Research and Public Health,,9/11 health effects; behavioral health; disaster response; epidemiology; mental health; public health monitoring; respiratory disease; surveillance
"Multistate outbreak of SARS-CoV-2 infections, including vaccine breakthrough infections, associated with large public gatherings, United States","Gharpure R, Sami S, Vostok J, Johnson H, Hall N, Foreman A, Sabo RT, Schubert PL, Shephard H, Brown VR, Brumfield B, Ricaldi JN, Conley AB, Zielinski L, Malec L, Newman AP, Chang M, Finn LE, Stainken C, Mangla AT, Eteme P, Wieck M, Green A, Edmundson A, Reichbind D, Brown V, Jr., Quinones L, Longenberger A, Hess E, Gumke M, Manion A, Thomas H, Barrios CA, Koczwara A, Williams TW, Pearlowitz M, Assoumou M, Senisse Pajares AF, Dishman H, Schardin C, Wang X, Stephens K, Moss NS, Singh G, Feaster C, Webb LM, Krueger A, Dickerson K, Dewart C, Barbeau B, Salmanson A, Madoff LC, Villanueva JM, Brown CM, Laney AS",2022,2022,,Emerging infectious diseases,,COVID-19; epidemiology; immunization; infectious disease; outbreak investigation; pandemic; preventive care; respiratory infection; vaccination
Evaluation of Data Sources for Carbon Monoxide Poisoning Surveillance in New York City,"Goldberg R, McKelvey W, Lane K, Parton H, Su MK",2022,2022 Mar-Apr 01,,Journal of Public Health Management and Practice,,epidemiology; public health monitoring; surveillance
"The Organization, Content, and Case-Finding Effectiveness of HIV Assisted Partner Services in High HIV Morbidity Areas of the United States","Golden MR, AugsJoost B, Bender M, Brady KA, Collins LS, Dombrowski JD, Ealey J, Garcia C, George D, Gilliard B, Harris T, Johnson C, Khosropour CM, Rumanes SF, Surita K, Tabidze I, Udeagu CN, Walker-Baban C, Cramer NO",2022,2022 Apr 15,,Journal of Acquired Immune Deficiency Syndromes,,HIV/AIDS; disease burden; epidemiology; infectious disease; morbidity; sexually transmitted infection
Modernizing the objectives and organization of case investigation and contact tracing for the 21st century,"Golden MR, Narita M, Jones L, Kerndt P, Duchin J",2022,2022,,Sexually transmitted diseases,,infectious disease; sexual health; sexually transmitted infection
"Comparative hospitalization risk for SARS-CoV-2 Omicron and Delta variant infections, by variant predominance periods and patient-level sequencing results, New York City, August","Greene SK, Levin-Rector A, Kyaw NTT, Luoma E, Amin H, McGibbon E, Mathes RW, Ahuja SD",2022,2021-January,,,,COVID-19; healthcare quality; healthcare utilization; hospital care; infectious disease; pandemic; respiratory infection
"Effects of return-tooffice, public schools reopening, and vaccination mandates on COVID-19 cases among municipal employee residents of New York City","Greene SK, Tabaei BP, Culp GM, Levin-Rector A, Kishore N, Baumgartner J",2022,2022,,Journal of Occupational and Environmental Medicine,,COVID-19; immunization; infectious disease; occupational health; pandemic; preventive care; public health; respiratory infection; vaccination; worker safety
"Detection of Recurrent Hepatitis C Viremia Using Surveillance Data, New York City","Guerra K, Bocour A, Moore MS, Winters A",2022,2022 Mar-Apr 01,,Journal of Public Health Management and Practice,,epidemiology; hepatitis; infectious disease; liver disease; public health monitoring; surveillance
Evaluation of the European League Against Rheumatism/American College of Rheumatology Classification Criteria for Systemic Lupus Erythematosus in a Population Based Registry,"Guttmann A, Denvir B, Aringer M, Buyon JP, Belmont HM, Sahl S, Salmon JE, Askanase A, Bathon JM, Geraldino-Pardilla L, Ali Y, Ginzler EM, Putterman C, Gordon C, Helmick CG, Parton H, Izmirly PM",2022,2022,,Arthritis Care Res (Hoboken),,epidemiology; public health monitoring; surveillance
Multimorbidity and Inpatient Utilization Among Older Adults with Opioid Use Disorder in New York City,"Han BH, Tuazon E, Y Wei M, Paone D",2022,2022 May,,Journal of General Internal Medicine,,aging; disease burden; elderly health; epidemiology; geriatrics; harm reduction; healthcare quality; healthcare utilization; hospital care; morbidity; opioid epidemic; overdose prevention; substance use
"School Disengagement, School-Age Births and High School Graduation: Evidence From Linked Administrative Records","Heiland F, Yunzal-Butler C, Korenman S",2022,2022 Jun,,Journal of School Health,,birth outcomes; maternal health; reproductive health
"D. C. Monkeypox Pediatric Working Group. Epidemiologic and clinical features of children and adolescents aged <18 years with monkeypox - United States, May 17-September 24, 2022","Hennessee I, Shelus V, McArdle CE, Wolf M, Schatzman S, Carpenter A, Minhaj FS, Petras JK, CashGoldwasser S, Maloney M, Sosa L, Jones SA, Mangla AT, Harold RE, Beverley J, Saunders KE, Adams JN, Stanek DR, Feldpausch A, Pavlick J, Cahill M, O'Dell V, Kim M, Alarcon J, Finn LE, Goss M, Duwell M, Crum DA, Williams TW, Hansen K, Heddy M, Mallory K, McDermott D, Cuadera MKQ, Adler E, Lee EH, Shinall A, Thomas C, Ricketts EK, Koonce T, Rynk DB, Cogswell K, McLafferty M, Perella D, Stockdale C, Dell B, Roskosky M, White SL, Davis KR, Milleron RS, Mackey S, Barringer LA, Bruce H, Barrett D, D'Angeli M, Kocharian A, Klos R, Dawson P, Ellington SR, Mayer O, Godfred-Cato S, Labuda SM, McCormick DW, McCollum AM, Rao AK, Salzer JS, Kimball A, Gold JAW, California Department of Public Health Monkeypox Pediatric Working Group, C",2022,2022,,MMWR Morbidity and Mortality Weekly Report,,child health; disease burden; epidemiology; healthcare delivery; morbidity; mortality; pediatric health; vital statistics
"Notes from the Field: Lead Poisoning in a Family of Five Resulting from Use of Traditional Glazed Ceramic Ware - New York City, 2017-2022","Hore P, Alex-Oni K, Bardhi N, Sedlar S",2022,2022 Jun 3,,MMWR Morbidity and Mortality Weekly Report,,child health; disease burden; environmental health; epidemiology; lead poisoning; morbidity; mortality; vital statistics
"Trajectories of posttraumatic stress symptoms following the September 11, 2001, terrorist attacks: A comparison of two modeling approaches","Huber KA, Frazier PA, Alper HE, Brackbill RR",2022,2022 Apr,,Journal of Traumatic Stress,,9/11 health effects; PTSD; disaster response; injury prevention; mental health; public health; respiratory disease; trauma
Implementation of buprenorphine services in NYC syringe services programs: a qualitative process evaluation,"Jakubowski A, Rath C, Harocopos A, Wright M, Welch A, Kattan J, Navos Behrends C, Lopez-Castro T, Fox AD",2022,2022 Jul 10,,Harm Reduction Journal,,HIV prevention; harm reduction; healthcare delivery; substance use
Collecting Data During the COVID-19 Pandemic: Lessons From an In-Person Survey of People Who Use Opioids,"Jessell L, Zaidi I, Dominguez-Gomez L, Harocopos A",2022,2022,,Public Health Reports,,COVID-19; epidemiology; harm reduction; infectious disease; opioid epidemic; overdose prevention; pandemic; respiratory infection; substance use
"COVID-19 incidence and death rates among unvaccinated and fully vaccinated adults with and without booster doses during periods of Delta and Omicron variant emergence - 25 U.S. Jurisdictions, April 4-December 25, 2021","Johnson AG, Amin AB, Ali AR, Hoots B, Cadwell BL, Arora S, Avoundjian T, Awofeso AO, Barnes J, Bayoumi NS, Busen K, Chang C, Cima M, Crockett M, Cronquist A, Davidson S, Davis E, Delgadillo J, Dorabawila V, Drenzek C, Eisenstein L, Fast HE, Gent A, Hand J, Hoefer D, Holtzman C, Jara A, Jones A, Kamal-Ahmed I, Kangas S, Kanishka F, Kaur R, Khan S, King J, Kirkendall S, Klioueva A, Kocharian A, Kwon FY, Logan J, Lyons BC, Lyons S, May A, McCormick D, Mshi, Mendoza E, Milroy L, O'Donnell A, Pike M, Pogosjans S, Saupe A, Sell J, Smith E, Sosin DM, Stanislawski E, Steele MK, Stephenson M, Stout A, Strand K, Tilakaratne BP, Turner K, Vest H, Warner S, Wiedeman C, Zaldivar A, Silk BJ, Scobie HM",2022,2022,,MMWR Morbidity and Mortality Weekly Report,,COVID-19; disease burden; epidemiology; infectious disease; morbidity; mortality; pandemic; respiratory infection; vital statistics
Combating Stigma Through HIV Self-Testing: New York State's HIV Home Test Giveaway Program for Sexual Minorities,"Johnson MC, Chung R, Leung SJ, Edelstein Z, Yuan Y, Flavin SM",2022,2022 Mar-Apr 01,,Journal of Public Health Management and Practice,,HIV/AIDS; discrimination; health equity; infectious disease; sexual health; sexually transmitted infection; social determinants
"Tuberculosis Contact Investigations Conducted in New York City Adult Day Care and Senior Centers, 2011-2018","Jordan HT, Calderon M, Pichardo C, Ahuja SD",2022,2022 Feb,,Journal of Applied Gerontology,,infectious disease; respiratory infection; sexual health; sexually transmitted infection; tuberculosis
Increasing access to single-visit contraception in urban health care settings: Findings from a multi-site learning collaborative,"Kawatu J, Clark M, Saul K, Quimby KD, Whitten A, Nelson S, Potter K, Kaplan DL",2022,2022 Apr,,Contraception,,health disparities; health equity; social determinants
"Delayed Recognition of COVID-19 in New York City: A descriptive analysis of COVID-19 illness prior to February 29, 2020","Keating P, Sell J, Chen J, Ackelsberg J, Wu W, Tsoi B, Weiss D",2022,2022,,Clinical Infectious Diseases,,COVID-19; healthcare delivery; infectious disease; pandemic; respiratory infection
The Hepatitis C Clinical Exchange Network: A Local Health Department Partnership With Acute Care Hospitals to Promote Screening and Treatment of Hepatitis C Virus Infection,"Kela-Murphy N, Moore MS, Verma CM, Bresnahan MP, Harrison E, Schwartz J, Winters A",2022,2022 Mar-Apr 01,,Journal of Public Health Management and Practice,,healthcare delivery; healthcare quality; healthcare utilization; hepatitis; hospital care; infectious disease; liver disease
Social distancing and mask-wearing could avoid recurrent stay-at-home restrictions during COVID-19 respiratory pandemic in New York City,"Kim HY, Bershteyn A, McGillen JB, Shaff J, Sisti J, Ko C, Wikramanayake R, Newton-Dame R, Braithwaite RS",2022,2022 Jun 20,,Scientific Reports,,COVID-19; chronic disease; infectious disease; pandemic; pulmonary health; respiratory disease; respiratory infection
Neighborhood walkability and poverty predict excessive gestational weight gain: A cross-sectional study in New York City,"Kinsey EW, Widen EM, Quinn JW, Huynh M, Van Wye G, Lovasi GS, Neckerman KM, Rundle AG",2022,2022,,Obesity (Silver Spring),,chronic disease; epidemiology; health equity; nutrition; obesity; poverty; social determinants
Motivations and Barriers to Routine HIV Testing Among Men Who Have Sex with Men in New York City,"Kobrak P, Remien RH, Myers JE, Salcuni P, Edelstein Z, Tsoi B, Sandfort T",2022,2022,,AIDS and Behavior,,HIV/AIDS; infectious disease; sexual health; sexually transmitted infection
"Context, importance, and process for creating a body mass index surveillance system to monitor childhood obesity within the New York City public school setting","Konty KJ, Day SE, Napier MD, Irvin E, Thompson HR, M D'Agostino E",2022,2022 Jan 19,,Preventive Medicine Reports,,child health; chronic disease; epidemiology; nutrition; obesity; pediatric health; public health monitoring; surveillance
"Notes from the field: clinical and epidemiologic characteristics of mpox cases from the initial phase of the outbreak - New York City, May 19-July 15, 2022","Kyaw NTT, Kipperman N, Alroy KA, Baumgartner J, Crawley A, Peterson E, Ross A, Fowler RC, Ruiz VE, Leelawong M, Hughes S, Juste-Tranquille M, Lovingood K, Joe CD, Chase M, Shinall A, Ackelsberg J, Bergeron-Parent C, Badenhop B, Slavinski S, Reddy V, Lee EH",2022,2022,,MMWR Morbidity and Mortality Weekly Report,,disease burden; epidemiology; healthcare delivery; infectious disease; morbidity; mortality; outbreak investigation; sexual health; sexually transmitted infection; vital statistics
"Reducing Disparities In Telemedicine: An Equity-Focused, Public Health Approach","Lau J, Knudsen J",2022,2022 May,,Health Aff (Millwood),,access to care; health disparities; health equity; healthcare delivery; social determinants; telemedicine
"Factors Associated with Use of HIV Prevention and Health Care Among Transgender Women - Seven Urban Areas, 2019-2020","Lee K, Trujillo L, Olansky E, Robbins T, Brune CA, Morris E, Finlayson T, Kanny D, Wejnert C; National HIV Behavioral Surveillance among Transgender Women Study Group; National HIV Behavioral Surveillance among Transgender Women Study Group (Braunstein S, Lopez J, Rivera A)",2022,2022 May 20,,MMWR Morbidity and Mortality Weekly Report,,HIV/AIDS; disease burden; epidemiology; infectious disease; morbidity; mortality; sexually transmitted infection; vital statistics
"Reduced Odds of SARS-CoV-2 Reinfection after Vaccination among New York City Adults, July-November 2021","Levin-Rector A, Firestein L, McGibbon E, Sell J, Lim S, Lee EH, Weiss D, Geevarughese A, Zucker JR, Greene SK",2022,2022,,Clinical Infectious Diseases,,COVID-19; healthcare delivery; immunization; infectious disease; pandemic; preventive care; respiratory infection; vaccination
Impact of maternal stressors and neonatal clinical factors on post-partum depression screening scores,"Levinson M, Parvez B, Aboudi D, Shah S",2022,2022 Apr,,Journal of Maternal-Fetal & Neonatal Medicine,,behavioral health; child health; healthcare delivery; infant health; maternal health; mental health; pediatric health; pregnancy; reproductive health
Cancer Incidence in World Trade Center Rescue and Recovery Workers: 14 Years of Follow-Up,"Li J, Yung J, Qiao B, Takemoto E, Goldfarb DG, Zeig-Owens R, Cone JE, Brackbill RM, Farfel MR, Kahn AR, Schymura MJ, Shapiro MZ, Dasaro CR, Todd AC, Kristjansson D, Prezant DJ, Boffetta P, Hall CB",2022,2022 Feb 7,,Journal of the National Cancer Institute,,9/11 health effects; cancer; chronic disease; disaster response; epidemiology; infectious disease; mental health; occupational health; oncology; public health; respiratory disease; sexual health; sexually transmitted infection; worker safety
Racial and Ethnic Disparities in COVID-19-Like Illness and Impacts of Social Distancing and Working from Home,"Lim S, Dominianni C, Alroy KA, Baquero M, Crossa A, Gould LH",2022,2022 Apr 21,,Ethnicity & Disease,,COVID-19; health disparities; health equity; infectious disease; pandemic; respiratory infection; social determinants
The Bidirectional Relationship between Posttraumatic Stress Symptoms and Social Support in a 9/11-Exposed Cohort: A Longitudinal Cross-Lagged Analysis,"Liu SY, Li J, Leon LF, Schwarzer R, Cone JE",2022,2022 Feb 24,,International Journal of Environmental Research and Public Health,,9/11 health effects; PTSD; disaster response; epidemiology; injury prevention; mental health; public health; respiratory disease; trauma
A Radiological Emergency Health and Safety Plan for City Agencies Without First Response Responsibilities,"Maiello ML, Duarte M",2022,2022,,Health Security,,
Council of State and Territorial Epidemiologists/CDC surveillance case definition for multisystem inflammatory syndrome in children associated with SARS-CoV-2 infection - United States,"Melgar M, Lee EH, Miller AD, Lim S, Brown CM, Yousaf AR, Zambrano LD, Belay ED, Godfred-Cato S, Abrams JY, Oster ME, Campbell AP",2022,2022,,MMWR Recommendations and Reports,,COVID-19; child health; epidemiology; infectious disease; pandemic; pediatric health; public health monitoring; respiratory infection; surveillance
Complex (Multimodality) Suicides in New York City: 2008-2017,"Merkulova YV, Stahl-Herz J",2022,2022,,American Journal of Forensic Medicine and Pathology,,crisis intervention; mental health; suicide prevention
"Monkeypox Outbreak Nine States, May 2022","Minhaj FS, Ogale YP, Whitehill F, Schultz J, Foote M, Davidson W, Hughes CM, Wilkins K, Bachmann L, Chatelain R, Donnelly MAP, Mendoza R, Downes BL, Roskosky M, Barnes M, Gallagher GR, Basgoz N, Ruiz V, Kyaw NTT, Feldpausch A, Valderrama A, Alvarado-Ramy F, Dowell CH, Chow CC, Li Y, Quilter L, Brooks J, Daskalakis DC, McClung RP, Petersen BW, Damon I, Hutson C, McQuiston J, Rao AK, Belay E, McCollum AM; Monkeypox Response Team 2022 [Wong M]",2022,2022 Jun 10,,MMWR Morbidity and Mortality Weekly Report,,disease burden; epidemiology; infectious disease; morbidity; mortality; outbreak investigation; vital statistics
"US Food Industry Progress Toward Salt Reduction, 2009-2018","Moran AJ, Wang J, Sharkey AL, Dowling EA, Curtis CJ, Kessler KA",2022,2022 Feb,,American Journal of Public Health,,
Built by epidemiologists for epidemiologists: an internal COVID-19 dashboard for real-time situational awareness in New York City,"Ngai S, Sell J, Baig S, Iqbal M, Eddy M, Culp G, Montesano M, McGibbon E, Johnson K, Devinney K, Baumgartner J, Huynh M, Mathes R, Van Wye G, Fine AD, Thompson CN",2022,2022 May 18,,JAMIA Open,,COVID-19; infectious disease; pandemic; respiratory infection
Presyndromic surveillance for improved detection of emerging public health threats,"Nobles M, Lall R, Mathes RW, Neill DB",2022,2022,,Science Advances,,epidemiology; public health monitoring; surveillance
Factors associated with COVID-19 vaccine receipt at two integrated healthcare systems in New York City: a cross-sectional study of healthcare workers,"Oliver K, Raut A, Pierre S, Silvera L, Boulos A, Gale A, Baum A, Chory A, Davis NJ, D'Souza D, Freeman A, Goytia C, Hamilton A, Horowitz C, Islam N, Jeavons J, Knudsen J, Li S, Lupi J, Martin R, Maru S, Nabeel I, Pimenova D, Romanoff A, Rusanov S, Schwalbe NR, Vangeepuram N, Vreeman R, Masci J, Maru D",2022,2022 Jan 6,,BMJ Open,,COVID-19; epidemiology; immunization; infectious disease; occupational health; pandemic; preventive care; public health; respiratory infection; vaccination; worker safety
"Risk Factors for Invasive Meningococcal Disease Belonging to a Novel Urethritis Clade of Neisseria meningitidis-United States, 2013-2017","Oliver SE, Retchless AC, Blain AE, McNamara LA, Ahrabifard S, Farley M, Weiss D, Zaremski E, Wang X, Hariri S",2022,2022 Jan 25,,Open Forum Infectious Diseases,,epidemiology
"Prevalence of SARS-CoV-2 antibodies during phased access to vaccination: results from a population-based survey in New York City, September 2020-March 2021. Epidemiol Infect. 2022 May 18:1-18. Online ahead of print. 84. Paschen-Wolff MM, Campbell ANC, Tross S, Choo TH, Pavlicova M, Braunstein S, Lazar R, Borges C, Castro M, Berg H, Harriman G, Remien RH, Des Jarlais D. Durable Viral Suppression Among People with HIV and Problem Substance Use in the Era of Universal Antiretroviral Treatment","Parrott JC, Annibale AM, Osahan S, Alroy K, Caton JA, Chernov C, Dumas S, Fowler RC, Hermosi G, Hsin Y, Perlman S, Wu J, Hughes S, Gould LH, Schuster A",2022,2022 Feb,,AIDS and Behavior,,COVID-19; HIV/AIDS; addiction; behavioral health; epidemiology; immunization; infectious disease; pandemic; preventive care; respiratory infection; sexually transmitted infection; substance use; vaccination
Brief Report: Use of Remnant Specimens to Assess Use of HIV PrEP Among Populations With Risk of HIV Infection: A Novel Approach,"Pathela P, Qasmieh S, Gandhi M, Rozen E, Okochi H, Goldstein H, Herold BC, Jamison K, Schillinger JA, Nash D",2022,2022 Aug 1,,Journal of Acquired Immune Deficiency Syndromes,,HIV/AIDS; infectious disease; sexually transmitted infection
Covid-19 rates by time since vaccination during Delta variant predominance,"Paz-Bailey G, Sternberg M, Kugeler K, Hoots B, Amin AB, Johnson AG, Barbeau B, Bayoumi NS, Bertolino D, Boulton R, Brown CM, Busen K, Cima M, Drenzek C, Gent A, Haney G, Hicks L, Hook S, Jara A, Jones A, Kamal-Ahmed I, Kangas S, Kanishka FNU, Khan SI, Kirkendall SK, Kocharian A, Lyons BC, Lauro P, McCormick D, McMullen C, Milroy L, Reese HE, Sell J, Sierocki A, Smith E, Sosin D, Stanislawski E, Strand K, Troelstrup T, Turner KA, Vest H, Warner S, Wiedeman C, Silk B, Scobie HM",2022,2022,,NEJM Evidence,,COVID-19; immunization; infectious disease; pandemic; preventive care; respiratory infection; vaccination
Contact tracing reveals community transmission of COVID-19 in New York City,"Pei S, Kandula S, Cascante Vega J, Yang W, Foerster S, Thompson C, Baumgartner J, Ahuja SD, Blaney K, Varma JK, Long T, Shaman J",2022,2022,,Nature Communications,,COVID-19; infectious disease; pandemic; respiratory infection
Onsite buprenorphine inductions at harm reduction agencies to increase treatment engagement and reduce HIV risk: Design and rationale,"Perez-Correa A, Abbas B, Riback L, Ghiroli M, Norton B, Murphy S, Jakubowski A, Hayes BT, Cunningham CO, Fox AD",2022,2022,,Contemporary Clinical Trials,,HIV prevention; HIV/AIDS; harm reduction; healthcare delivery; infectious disease; sexually transmitted infection; substance use
"Epidemiologic and clinical characteristics of monkeypox cases - United States, May 17-July 22, 2022","Philpott D, Hughes CM, Alroy KA, Kerins JL, Pavlick J, Asbel L, Crawley A, Newman AP, Spencer H, Feldpausch A, Cogswell K, Davis KR, Chen J, Henderson T, Murphy K, Barnes M, Hopkins B, Fill MA, Mangla AT, Perella D, Barnes A, Hughes S, Griffith J, Berns AL, Milroy L, Blake H, Sievers MM, Marzan-Rodriguez M, Tori M, Black SR, Kopping E, Ruberto I, Maxted A, Sharma A, Tarter K, Jones SA, White B, Chatelain R, Russo M, Gillani S, Bornstein E, White SL, Johnson SA, Ortega E, SaathoffHuber L, Syed A, Wills A, Anderson BJ, Oster AM, Christie A, McQuiston J, McCollum AM, Rao AK, Negron ME, CDC Multinational Monkeypox Response Team",2022,2022,,MMWR Morbidity and Mortality Weekly Report,,disease burden; epidemiology; healthcare delivery; infectious disease; morbidity; mortality; sexual health; sexually transmitted infection; vital statistics
Self-reported use of HIV pre-exposure prophylaxis is highly accurate among Sexual Health Clinic patients in New York City,"Qasmieh S, Nash D, Gandhi M, Rozen E, Okochi H, Goldstein H, Herold BC, Jamison K, Pathela P",2022,2022,,Sexually Transmitted Diseases,,HIV/AIDS; healthcare delivery; infectious disease; sexually transmitted infection
Association between HIV clinic caseloads and viral load suppression in New York City,"Ravikumar S, D'Aquila E, Daud M, Skinner C, Hayes C, Seabrook T, Crittendon E, Daskalakis D, Lim S, Abraham B",2022,2022 May,,AIDS Care,,HIV/AIDS; healthcare delivery; infectious disease; sexually transmitted infection
The Community Assessment to Inform Rapid Response (CAIRR): A Novel Qualitative Data Collection and Analytic Process to Facilitate Hyperlocal COVID-19 Emergency Response Operations in New York City,"Ray M, Dannefer R, Pierre J, Shiman LJ, Helmy HL, Boyle SR, Chang JEM, Creighton A, Soto MA, Moran J",2022,2022,,Disaster Medicine and Public Health Preparedness,,COVID-19; infectious disease; pandemic; respiratory infection
Generating and Reporting Electronic Clinical Quality Measures from Electronic Health Records: Strategies from EvidenceNOW Cooperatives,"Richardson JE, Rasmussen LV, Dorr DA, Sirkin JT, Shelley D, Rivera A, Wu W, Cykert S, Cohen DJ, Kho AN",2022,2022 Mar,,Applied Clinical Informatics,,data quality; healthcare delivery; public health infrastructure; surveillance
"Shigellosis Cases With Bacterial Sexually Transmitted Infections: Population-Based Data From 6 US Jurisdictions, 2007 to 2016","Ridpath AD, Vanden Esschert KL, Bragg S, Campbell S, Convery C, Cope A, Devinney K, Diesel JC, Kikuchi N, Lee N, Lewis FMT, Matthias J, Pathela P, Pugsley R, Sanderson Slutsker J, Schillinger JA, Thompson C, Tingey C, Wilson J, Newman DR, Marsh ZA, Garcia-Williams AG, Kirkcaldy RD",2022,2022 Aug 1,,Sexually Transmitted Diseases,,
"Video-based HIV testing services among cisgender men who have sex with men as a component of an HIV behavioural surveillance study during the COVID-19 pandemic in New York City: implementation, feasibility and lessons learned","Rivera A, Martinez P, Braunstein S",2022,2022 Jun,,Sexually Transmitted Infections,,COVID-19; HIV/AIDS; epidemiology; healthcare delivery; infectious disease; pandemic; public health monitoring; respiratory infection; sexual health; sexually transmitted infection; surveillance
"Gaps in naloxone ownership among people who inject drugs during the fentanyl wave of the opioid overdose epidemic in New York City, 2018","Rivera AV, Nolan ML, Paone D, Carrillo SA, Braunstein SL",2022,2022,,Substance Abuse,,epidemiology; harm reduction; infectious disease; opioid epidemic; outbreak investigation; overdose prevention; substance use
Monitoring Intersectional Stigma: A Key Strategy to Ending the HIV Epidemic in the United States,"Rodriguez-Hart C, Boone CA, Del Río-González AM, Kutner BA, Baral S, Burns PA, German D, Eaton L, Lucas L, Remien RH, Ellis M, Dale SK",2022,2022 Jun,,American Journal of Public Health,,HIV/AIDS; discrimination; epidemiology; health equity; infectious disease; outbreak investigation; public health monitoring; sexual health; sexually transmitted infection; social determinants; surveillance
Reducing Intersecting Stigmas in HIV Service Organizations: An Implementation Science Model,"Rodriguez-Hart C, Mackson G, Belanger D, West N, Brock V, Phanor J, Weigl S, Ahmed C, Soler J, McKinnon K, Sandfort TGM",2022,2022 Jul 1,,Journal of Acquired Immune Deficiency Syndromes,,HIV/AIDS; discrimination; health equity; healthcare delivery; infectious disease; sexual health; sexually transmitted infection; social determinants
HIV and Intersectional Stigma Reduction Among Organizations Providing HIV Services in New York City: A Mixed-Methods Implementation Science Project,"Rodriguez-Hart C, Mackson G, Belanger D, West N, Brock V, Phanor J, Weigl S, Ahmed C, Soler J, Rule A, Cournos F, McKinnon K, Sandfort TGM",2022,2022 May,,AIDS and Behavior,,HIV/AIDS; discrimination; health equity; healthcare delivery; infectious disease; sexual health; sexually transmitted infection; social determinants
Early Intervention and Special Education in New York City: Patterns of Service Use and Disparities Affecting Children of Color,"Romo ML, Jordan P, McVeigh KH, Chan PY, Stingone JA, Lim S, Askew GL",2022,2022,,"Child: Care, Health and Development",,behavior change; child health; health communication; health disparities; health education; health equity; pediatric health; program evaluation; public health intervention; social determinants
"Reemergence of yellow fever virus in southeastern Brazil, 2017-2018: What sparked the spread?","Rosser JI, Nielsen-Saines K, Saad E, Fuller T",2022,2022 Feb 7,,PLOS Neglected Tropical Diseases,,
"Zika-associated birth defects reported in pregnancies with laboratory evidence of confirmed or possible Zika virus infection - U.S. Zika pregnancy and infant registry, December 1, 2015-March 31, 2018","Roth NM, Reynolds MR, Lewis EL, Woodworth KR, Godfred-Cato S, Delaney A, Akosa A, ValenciaPrado M, Lash M, Elmore A, Langlois P, Khuwaja S, Tufa A, Ellis EM, Nestoridi E, Lyu C, Longcore ND, Piccardi M, Lind L, Starr S, Johnson L, Browne SE, Gosciminski M, Velasco PE, Johnson-Clarke F, Locklear A, Chan M, Fornoff J, Toews KE, Tonzel J, Marzec NS, Hale S, Nance AE, Willabus T, Contreras D, Adibhatla SN, Iguchi L, Potts E, Schiffman E, Lolley K, Stricklin B, Ludwig E, Garstang H, Marx M, Ferrell E, Moreno-Gorrin C, Signs K, Romitti P, Leedom V, Martin B, Castrodale L, Cook A, Fredette C, Denson L, Cronquist L, Nahabedian JF, 3rd, Shinde N, Polen K, Gilboa SM, Martin SW, Cragan JD, Meaney-Delman D, Honein MA, Tong VT, Moore CA",2022,2022,,MMWR Morbidity and Mortality Weekly Report,,arboviral disease; birth defects; birth outcomes; child health; congenital disorders; disease burden; epidemiology; infant health; infectious disease; maternal health; morbidity; mortality; pediatric health; pregnancy; public health monitoring; reproductive health; surveillance; vector-borne disease; vital statistics
Identifying possible inaccuracy in reported birth head circumference measurements among infants in the US Zika Pregnancy and Infant Registry,"Roth NM, Woodworth KR, Godfred-Cato S, Delaney AM, Olson SM, Nahabedian JF 3rd, Reynolds MR, Jones AM, Neelam V, Valencia-Prado M, Delgado-López C, Lee EH, Ellis EM, Lake-Burger H, Tonzel JL, Higgins CA, Chan RL, Tong VT, Gilboa SM, Cragan JD, Honein MA, Moore CA",2022,2022 May,,Birth Defects Research,,arboviral disease; birth defects; birth outcomes; child health; congenital disorders; epidemiology; infant health; infectious disease; maternal health; pediatric health; pregnancy; public health monitoring; reproductive health; surveillance; vector-borne disease
Using Public Deliberation to Set Priorities: The Case of COVID-19 Vaccine Access in New York City,"Scherer M, Kamler A, Weiss L, Blacksher E, Jeavons J, Gold MR",2022,2022 Jan-Feb 01,,Journal of Public Health Management and Practice,,COVID-19; immunization; infectious disease; pandemic; preventive care; respiratory infection; vaccination
Reimagining Preexposure Prophylaxis Provision for Women in the United States,"Seidman D, Logan R, Weber S, Gandhi A, Blackstock O",2022,2022 Jul 6,,Clinical Infectious Diseases,,healthcare delivery
Exploratory Case Study of Suicide among a Sample of 9/11 Survivors,"Seil K, Takemoto E, Farfel MR, Huynh M, Li J",2022,2021 Dec 22,,International Journal of Environmental Research and Public Health,,9/11 health effects; crisis intervention; disaster response; epidemiology; mental health; respiratory disease; suicide prevention
Lives saved and hospitalizations averted by COVID-19 vaccination in New York City: a modeling study,"Shoukat A, Vilches TN, Moghadas SM, Sah P, Schneider EC, Shaff J, Ternier A, Chokshi DA, Galvani AP",2022,2022 Jan,,The Lancet Regional Health - Americas,,COVID-19; epidemiology; healthcare quality; healthcare utilization; hospital care; immunization; infectious disease; pandemic; preventive care; respiratory infection; vaccination
ZIP Code-Level Estimation of Air Quality and Health Risk Due to Particulate Matter Pollution in New York City,"Shukla K, Seppanen C, Naess B, Chang C, Cooley D, Maier A, Divita F, Pitiranggon M, Johnson S, Ito K, Arunachalam S",2022,2022,,Environmental Science & Technology,,air quality; environmental health; infectious disease; respiratory health; sexual health; sexually transmitted infection
Prevalence and Management of Sexually Transmitted Infections in Correctional Settings: A Systematic Review. Rollins Investigational Team on STIs in Corrections,"Spaulding AC, Rabeeah Z, Del Mar González-Montalvo M, Akiyama MJ, Baker BJ, Bauer HM, Gibson BR, Nijhawan AE, Parvez F, Wangu Z, Chan PA",2022,2022 Apr 13,,Clinical Infectious Diseases,,epidemiology; healthcare delivery; infectious disease; sexual health; sexually transmitted infection
Receipt of Early Intervention Services Before Age 3 Years and Performance on Third-Grade Standardized Tests Among Children Exposed to Lead,"Stingone JA, Sedlar S, Lim S, McVeigh KH",2022,2022 May 1,,JAMA Pediatrics,,child health; environmental health; lead poisoning; pediatric health; program evaluation; public health intervention
Postpartum MotherTo-Child Transmission of HIV in a Breastfeeding Infant,"Swain CA, Kaufman S, Miranda W, Haskin L, Parker MM, Shah D, Gonzalez C",2022,2022,,Pediatrics,,HIV/AIDS; breastfeeding; child health; infant health; infectious disease; maternal health; pediatric health; sexually transmitted infection
"Notes from the Field: COVID-19 Vaccination Among Persons Living with Diagnosed HIV Infection New York, October 2021","Tesoriero JM, Patterson W, Daskalakis D, Chicoine J, Morne J, Braunstein S, Rajulu DT, Rosenberg E",2022,2022 Feb 4,,MMWR Morbidity and Mortality Weekly Report,,COVID-19; HIV/AIDS; disease burden; epidemiology; immunization; infectious disease; morbidity; mortality; pandemic; preventive care; respiratory infection; sexually transmitted infection; vaccination; vital statistics
"Using molecular epidemiology to trace the history of the injection-related HIV epidemic in New York City, 1985-2019","Torian LV, Forgione L, Wertheim JO",2022,2022 May 1,,AIDS,,HIV/AIDS; epidemiology; health disparities; health equity; infectious disease; outbreak investigation; sexually transmitted infection; social determinants
Characterizing Ryan White Part A-funded support service utilization patterns and their association with viral suppression among people with HIV in New York City,"Tran TT, Feldman MB, Tross S, Montero N, Choo TH, Irvine MK, Hoffman S",2022,2022,,AIDS and Behavior,,HIV/AIDS; infectious disease; sexually transmitted infection
Detectable Digoxin Concentrations in 3 Patients with Ramps Misadventure,"Trebach J, Calleo V, Akbar S, Langston J, Filigenzi M, Hoffman RS",2022,2022,,Wilderness & Environmental Medicine,,
"Reasons for PrEP Discontinuation After Navigation at Sexual Health Clinics: Interactions Among Systemic Barriers, Behavioral Relevance, and Medication Concerns","Unger ZD, Golub SA, Borges C, Edelstein ZR, Hedberg T, Myers J",2022,2022 Jul 1,,Journal of Acquired Immune Deficiency Syndromes,,healthcare delivery
Fentanyl preference among people who use opioids in New York City,"Urmanche AA, Beharie N, Harocopos A",2022,2022 Aug 1,,Drug and Alcohol Dependence,,alcohol use; behavioral health; harm reduction; opioid epidemic; overdose prevention; substance use
Managing Death Reporting at a Peak of the COVID-19 Pandemic in New York City in Spring 2020,Van Wye G,2022,2022 May,,American Journal of Public Health,,COVID-19; aging; data quality; elderly health; geriatrics; infectious disease; mortality; pandemic; public health infrastructure; respiratory infection; surveillance; vital statistics
Implementation Facilitators and Challenges of a Place-Based Intervention to Reduce Health Disparities in Harlem Through Community Activation and Mobilization,"VanDevanter N, Zhong L, Dannefer R, Manyindo N, Walker S, Otero V, Smith K, Keita R, Thorpe L, Drackett E, Seidl L, Brown-Dudley L, Earle K, Islam N",2022,2022 Apr 26,,Frontiers in Public Health,,health disparities; health equity; healthcare delivery; program evaluation; public health intervention; social determinants
COVID-19 Transmission Due to Delta Variant in New York City Public Schools From October to December 2021,"Varma JK, Feldkamp C, Alexander M, Norman E, Agerton T, Davis R, Long T",2022,2022 May 2,,JAMA Network Open,,COVID-19; infectious disease; pandemic; respiratory infection
Introduction and Establishment of SARSCoV-2 Gamma Variant in New York City in Early 2021,"Vasylyeva TI, Fang CE, Su M, Havens JL, Parker E, Wang JC, Zeller M, Yakovleva A, Hassler GW, Chowdhury MA, Andersen KG, Hughes S, Wertheim JO",2022,2022,,Journal of Infectious Diseases,,
Estimated reductions in added sugar intake among U.S. children and youth in response to sugar reduction targets,"Vercammen K, Dowling EA, Sharkey AL, Curtis CJ, Wang J, Kenney E, Micha R, Mozaffarian D, Moran AJ",2022,2022,,Journal of the Academy of Nutrition and Dietetics,,child health; chronic disease prevention; infectious disease; nutrition; pediatric health; public health; sexual health; sexually transmitted infection
Detection of SARS-CoV-2 intra-host recombination during superinfection with Alpha and Epsilon variants in New York City,"Wertheim JO, Wang JC, Leelawong M, Martin DP, Havens JL, Chowdhury MA, Pekar JE, Amin H, Arroyo A, Awandare GA, Chow HY, Gonzalez E, Luoma E, Morang'a CM, Nekrutenko A, Shank SD, Silver S, Quashie PK, Rakeman JL, Ruiz V, Torian LV, Vasylyeva TI, Kosakovsky Pond SL, Hughes S",2022,2022 Jun 25,,Nature Communications,,COVID-19; infectious disease; pandemic; respiratory infection
"Rabies in a dog imported from Azerbaijan Pennsylvania, 2021","Whitehill F, Bonaparte S, Hartloge C, Greenberg L, Satheshkumar PS, Orciari L, Niezgoda M, Yager PA, Pieracci EG, McCullough J, Evenson A, Brown CM, Schnitzler H, Lipton B, Signs K, Stobierski MG, Austin C, Slager S, Ernst M, Kerins J, Simeone A, Singh A, Hale S, Stanek D, Shehee P, Slavinski S, McDermott D, Zinna PA, Campagna R, Wallace RM",2022,2022,,MMWR Morbidity and Mortality Weekly Report,,disease burden; epidemiology; morbidity; mortality; vital statistics
Epidemiological characteristics of the B.1.526 SARS-CoV-2 variant,"Yang W, Greene SK, Peterson ER, Li W, Mathes R, Graf L, Lall R, Hughes S, Wang J, Fine A",2022,2022 Jan 28,,Science Advances,,COVID-19; infectious disease; pandemic; respiratory infection; sexual health; sexually transmitted infection
Interactions among common non-SARS-CoV-2 respiratory viruses and influence of the COVID-19 pandemic on their circulation in New York City. Influenza Other Respir,"Yuan H, Yeung A, Yang W",2022,2022 Jul,,Viruses,,COVID-19; chronic disease; infectious disease; influenza; pandemic; pulmonary health; respiratory disease; respiratory infection; vaccination
COVID-19-specific mortality among World Trade Center Health Registry enrollees who resided in New York City,"Yung J, Li J, Kehm RD, Cone JE, Parton H, Huynh M, Farfel MR",2022,2022,,International Journal of Environmental Research and Public Health,,9/11 health effects; COVID-19; disaster response; epidemiology; infectious disease; mental health; mortality; pandemic; public health monitoring; respiratory disease; respiratory infection; surveillance; vital statistics
Medication Nonuse and Hospital Utilization: Medicaid Participants With Type 2 Diabetes in New York City,"Zhilkova A, Chamany S, Ngamwajasat C, De Leon S, Wu W, Tsao TY",2022,2022,,American Journal of Preventive Medicine,,access to care; chronic disease; diabetes; health insurance; health policy; healthcare quality; healthcare utilization; hospital care; metabolic disorder
KDYProvider preferences for delivery of HIV care coordination services: results from a discrete choice experiment,"Zimba R, Fong C, Conte M, Baim-Lance A, Robertson M, Carmona J, Gambone G, Nash D, Irvine M",2022,2022 Mar,,Journal of the International AIDS Society,,HIV/AIDS; birth outcomes; healthcare delivery; infectious disease; maternal health; reproductive health; sexually transmitted infection
World Trade Center Health Program best practices for diagnosing and treating chronic obstructive pulmonary disease,"Cone JE, de la Hoz RE",2023,2023,https://pubmed.ncbi.nlm.nih.gov/36377731/,Archives of Environmental & Occupational Health,10.1080/19338244.2022.2146040,9/11 health effects; HIV/AIDS; disaster response; infectious disease; mental health; occupational health; public health; respiratory disease; sexually transmitted infection; worker safety
The World Trade Center Health Program: an introduction to best practices,"Moline JM, Reibman J, Rosen R, Udasin IG, Werth AS",2023,2023,https://pubmed.ncbi.nlm.nih.gov/36533439/,Archives of Environmental & Occupational Health,10.1080/19338244.2022.2156975,9/11 health effects; HIV/AIDS; disaster response; infectious disease; mental health; occupational health; public health; respiratory disease; sexually transmitted infection; worker safety
"Comparative hospitalization risk for SARS-CoV-2 Omicron and Delta variant infections, by variant predominance periods and patient-level sequencing results, New York City, August 2021-January 2022","Greene SK, Levin-Rector A , Kyaw NTT, Luoma E, Amin H, McGibbon E, Mathes RW, Ahuja SD",2023,2023,,Influenza and Other Respiratory Viruses,10.1111/irv.13062,COVID-19; chronic disease; healthcare quality; healthcare utilization; hospital care; infectious disease; influenza; pandemic; pulmonary health; respiratory disease; respiratory infection; vaccination
Building a Functioning Multi-sector Coalition: A Case Study from the Jerome Avenue Public Health Taskforce,"Shiman LJ, Bedell J, Brown K, Caraballo J, Conk T, Philps P, Shawkat H, Stavroulakis C, Tirado F",2023,2023,,Progress in Community Health Partnerships,,environmental health; epidemiology; housing; social determinants
Mortality after the 9/11 terrorist attacks among world trade center health registry enrollees with cancer,"Kehm RD, Li J, Takemoto E, Yung J, Qiao B, Farfel MR, Cone JE",2023,2023 Jan,https://pubmed.ncbi.nlm.nih.gov/36107389/,Cancer Medicine,10.1002/cam4.4992,9/11 health effects; cancer; chronic disease; disaster response; epidemiology; mental health; mortality; oncology; public health monitoring; respiratory disease; surveillance; vital statistics
Early intervention and special education in New York City: Patterns of service use and disparities affecting children of colour,"Romo ML, Jordan P, McVeigh KH, Chan PY, Stingone JA, Lim S, Askew GL",2023,2023 Jan,,"Child: Care, Health and Development",10.1111/cch.13024,behavior change; child health; health communication; health disparities; health education; health equity; pediatric health; program evaluation; public health intervention; social determinants
Neurologic and Thrombotic Complications in the Setting of Chronic Nitrous Oxide Abuse,"Meier E, Malviya M, Kaur S, Ibrahim J, Corrigan A, Moawad A, Bukkuri SA, Trebach J, Su MK, Pillai M",2023,2023 Jan 13,https://pubmed.ncbi.nlm.nih.gov/36686406/,Case Reports in Medicine,10.1155/2023/5058771,
Assessing targeted invitation and response modes to improve survey participation in a diverse New York City panel: Healthy NYC,"Dasgupta S, Perlman SE, Levanon Seligson A, Dumas SE, Seil K, Bholanath T",2023,2023 Jan 26,,PLOS One,10.1371/journal.pone.0280911,epidemiology
Years Since Diagnosis Among People Living With Diagnosed HIV in New York City,"Xia Q, Torian LV, Braunstein SL, Blackstock OJ",2023,2023 Jan-Feb,https://pubmed.ncbi.nlm.nih.gov/34969334/,Public Health Reports,10.1177/00333549211061325,HIV/AIDS; infectious disease; sexually transmitted infection
Operationalizing PH WINS 2021: Pathways to Resilience for Public Health,"Shaff J, Ray M, Bleus T",2023,2023 Jan-Feb 01,https://pubmed.ncbi.nlm.nih.gov/36448749/,Journal of Public Health Management and Practice,10.1097/PHH.0000000000001668,
"Data for Equity: Creating an Antiracist, Intersectional Approach to Data in a Local Health Department","Gould LH, Farquhar SE, Greer S, Travers M, Ramadhar L, Tantay L, Gurr D, Baquero M, Vasquez A",2023,2023 Jan-Feb 01,https://pubmed.ncbi.nlm.nih.gov/36112356/,Journal of Public Health Management and Practice,10.1097/PHH.0000000000001579,
A process and impact evaluation of a peer-led HIV self-management program,"Feldman MB, Tran TT, Boucher LM, Abdelqader F, Raker AR, Hile SJ",2023,2023 Feb,https://pubmed.ncbi.nlm.nih.gov/36459775/,Evaluation and Program Planning,10.1016/j.evalprogplan.2022.102175,HIV/AIDS; infectious disease; program evaluation; public health intervention; sexually transmitted infection
NYC FITNESSGRAM: Population-Level Physical Fitness Surveillance for New York City Youth,"Day SE, Konty KJ, Napier MD, Irvin E, Thompson HR, D'Agostino EM",2023,2023 Feb 24,https://pubmed.ncbi.nlm.nih.gov/36446589/,American Journal of Epidemiology,10.1093/aje/kwac204,epidemiology; public health monitoring; surveillance
Re: Cannabinoid hyperemesis syndrome: A 6-year audit of adult presentations to an urban district hospital,"Rothenberg R, Selesny S, Su MK",2023,2023 Feb,https://pubmed.ncbi.nlm.nih.gov/36344260/,Emergency Medicine Australasia,10.1111/1742-6723.14137,healthcare quality; healthcare utilization; hospital care
Intravenous Acetaminophen Overdose in an Infant With Toxicokinetic Data,"Trebach J, Mahonski SG, Melchert K, Howland MA, Chiang WK",2023,2023 Feb,https://pubmed.ncbi.nlm.nih.gov/34080465/,Journal of Pharmacy Practice,10.1177/08971900211021286,child health; harm reduction; infant health; opioid epidemic; overdose prevention; pediatric health; substance use
Transnational Trans Woman Inspires and Informs Evidence-Informed Interventions,"Cruzado-Quiñones J, Huibregtse RC, Jordan AO",2023,2023 Feb,https://pubmed.ncbi.nlm.nih.gov/36695725/,Journal of Correctional Health Care,10.1089/jchc.21.11.0124,program evaluation; public health intervention
A 15-year follow-up study of mortality in a pooled cohort of World Trade Center rescue and recovery workers,"Schymura MJ, Shapiro MZ, Dasaro CR, Todd AC, Prezant DJ, Boffetta P",2023,2023 Feb 15,,Environmental Research,10.1016/j.envres.2022.115116,9/11 health effects; disaster response; epidemiology; mental health; mortality; occupational health; public health; respiratory disease; vital statistics; worker safety
"Reduced Odds of Severe Acute Respiratory Syndrome Coronavirus 2 Reinfection After Vaccination Among New York City Adults, July 2021-November 2021","Levin-Rector A, Firestein L, McGibbon E, Sell J, Lim S, Lee EH, Weiss D, Geevarughese A, Zucker JR, Greene SK",2023,2023 Feb 8,https://pubmed.ncbi.nlm.nih.gov/35594552/,Clinical Infectious Diseases,10.1093/cid/ciac380,COVID-19; chronic disease; healthcare delivery; immunization; infectious disease; pandemic; preventive care; pulmonary health; respiratory disease; respiratory infection; vaccination
Exploring Factors Affecting Patient-Provider Interactions and Healthcare Engagement Among a Diverse Sample of Women Who Have Sex with Women in New York City,"Rahman M, Fikslin RA, Matthews E, Vazquez Sanchez MA, Ahn GO, Kobrak PH, Lovinger ES, Golub SA",2023,2023 Feb,,Archives of Sexual Behavior,10.1007/s10508-022-02478-2,HIV/AIDS; healthcare delivery; infectious disease; sexually transmitted infection
"Pfizer-BioNTech Coronavirus Disease 2019 Vaccine Effectiveness Against Severe Acute Respiratory Syndrome Coronavirus 2 Infection Among Long-term Care Facility Staff With and Without Prior Infection in New York City, January-June 2021","Zucker JR, Rosen JB",2023,2023 Feb 14,https://pubmed.ncbi.nlm.nih.gov/36626187/,Journal of Infectious Diseases,10.1093/infdis/jiac448,COVID-19; chronic disease; immunization; infectious disease; pandemic; preventive care; pulmonary health; respiratory disease; respiratory infection; vaccination
Study protocol for a multisite randomized controlled trial of a peer navigator intervention for emergency department patients with nonfatal opioid overdose,"Doran KM, Welch AE, Jeffers A, Kepler KL, Chambless D, Cowan E, Wittman I, Regina A, Chang TE, Parraga S, Tapia J, Diaz C, Gwadz M, Cleland CM, McNeely J",2023,2023,https://pubmed.ncbi.nlm.nih.gov/36724378/,Contemporary Clinical Trials,10.1016/j.cct.2023.107111,access to care; emergency care; epidemiology; harm reduction; healthcare delivery; healthcare utilization; opioid epidemic; overdose prevention; program evaluation; public health intervention; substance use
"Direct and indirect mortality impacts of the COVID-19 pandemic in the United States, March 1, 2020 to January 1, 2022","Lee WE, Woo Park S, Weinberger DM, Olson D, Simonsen L, Grenfell BT, Viboud C",2023,2023 Feb 22,https://pubmed.ncbi.nlm.nih.gov/36811598/,eLife,10.7554/eLife.77562,COVID-19; infectious disease; mortality; pandemic; respiratory infection; vital statistics
Association of Rheumatoid Arthritis with Opioid Pain Medication Overuse among Persons Exposed to the 9/11 World Trade Center Disaster,"Dhanya AS, Yung J, Cone JE, Li J",2023,2023 Feb 25,https://pubmed.ncbi.nlm.nih.gov/36901178/,International Journal of Environmental Research and Public Health,10.3390/ijerph20054166,9/11 health effects; disaster response; harm reduction; mental health; opioid epidemic; overdose prevention; respiratory disease; substance use
"Severe obesity and fitness in New York City public school youth, 2010-2018","Neshteruk CD, Day SE, Konty KJ, Armstrong SC, Skinner AC, D'Agostino EM",2023,2023 Feb 16,https://pubmed.ncbi.nlm.nih.gov/36797700/,BMC Public Health,10.1186/s12889-023-15267-w,chronic disease; nutrition; obesity
"Notes from the Field: Epidemiologic Characteristics of SARS-CoV-2 Recombinant Variant XBB.1.5 - New York City, November 1, 2022-January 4, 2023","Luoma E, Rohrer R, Parton H, Hughes S, Omoregie E, Taki F, Wang JC, Akther S, Amin H, Chang C, Cheng I, Di Lonardo S, Eddy M, Firestein L, Li W, Su M, Lee EH",2023,2023 Feb 24,https://pubmed.ncbi.nlm.nih.gov/36821721/,MMWR Morbidity and Mortality Weekly Report,10.15585/mmwr.mm7208a4,COVID-19; disease burden; epidemiology; infectious disease; morbidity; mortality; pandemic; respiratory infection; sexual health; sexually transmitted infection; vital statistics
"Posttraumatic stress disorder and functional impairment among World Trade Center Health Registry enrollees 14-15 years after the September 11, 2001, terrorist attacks","Trivedi NU, Gargano LM, Brackbill RM, Jacobson MH",2023,2023 Feb,https://pubmed.ncbi.nlm.nih.gov/36239980/,Journal of Traumatic Stress,10.1002/jts.22887,9/11 health effects; PTSD; disaster response; epidemiology; injury prevention; mental health; public health; public health monitoring; respiratory disease; surveillance; trauma
Improving childhood asthma outcomes in East Harlem: the East Harlem Asthma Center of Excellence's Asthma Counselor Program,"Dreisbach N, Wang H, Campbell S, Correa H, Dickson T, Brown-Dudley L, Escoffery D, Evtimova T, Fonseca A, Myers C, Plasencia S, Manyindo N",2023,2023 Feb,https://pubmed.ncbi.nlm.nih.gov/35293833/,Journal of Asthma,10.1080/02770903.2022.2051543,child health; chronic disease; pediatric health; pulmonary health; respiratory disease
Impact of new labor management guidelines on Cesarean rates among low-risk births at New York City hospitals: A controlled interrupted time series analysis,"Brazier E, Borrell LN, Huynh M, Kelly EA, Nash D",2023,2023 Mar,,Annals of Epidemiology,10.1016/j.annepidem.2023.01.001,birth outcomes; healthcare quality; healthcare utilization; hospital care; maternal health; reproductive health
"Effects of Return-to-Office, Public Schools Reopening, and Vaccination Mandates on COVID-19 Cases Among Municipal Employee Residents of New York City","Greene SK, Tabaei BP, Culp GM, Levin-Rector A, Kishore N, Baumgartner J",2023,2023 Mar 1,https://pubmed.ncbi.nlm.nih.gov/36576876/,Journal of Occupational and Environmental Medicine,10.1097/JOM.0000000000002776,COVID-19; immunization; infectious disease; occupational health; pandemic; preventive care; public health; respiratory infection; vaccination; worker safety
Marketing Sustainability Analysis of Stores Participating in a Healthier Retail Food Program,"Del Signore Dresser I, Crossa A, Dannefer R, Brathwaite C, Céspedes A, Bedell J",2023,2023 Mar,https://pubmed.ncbi.nlm.nih.gov/36707325/,Journal of Nutrition Education and Behavior,10.1016/j.jneb.2022.10.012,behavior change; chronic disease prevention; health communication; health education; nutrition; public health
Association between jail-based • • • • • • • • • methadone or buprenorphine treatment for opioid use disorder and overdose mortality after release from New York City jails 2011-17,"Braunstein S, Murphy SM, Jalali A, Jeng PJ, MacDonald R, Lee JD",2023,2023 Mar,https://pubmed.ncbi.nlm.nih.gov/36305669/,Addiction,10.1111/add.16071,addiction; behavioral health; harm reduction; mortality; opioid epidemic; overdose prevention; substance use; vital statistics
Why we need a national repository of consumer product lead surveillance data,"Alex-Oni K, Sedlar S, Hore P",2023,2023 Mar,https://pubmed.ncbi.nlm.nih.gov/36750746/,Journal of Exposure Science & Environmental Epidemiology,10.1038/s41370023-00525-1,child health; environmental health; epidemiology; lead poisoning; public health monitoring; surveillance
Neighbourhood walkability is associated with risk of gestational diabetes: A cross-sectional study in New York City,"Rundle AG, Kinsey EW, Widen EM, Quinn JW, Huynh M, Lovasi GS, Neckerman KM, Van Wye G",2023,2023 Mar,https://pubmed.ncbi.nlm.nih.gov/36633306/,Paediatric and Perinatal Epidemiology,10.1111/ppe.12952,chronic disease; diabetes; epidemiology; maternal health; metabolic disorder; pregnancy; reproductive health
Increases In COVID19 Vaccination Among NYC Municipal Employees After Implementation Of Vaccination Requirements,"Rubenstein BL, Amiel PJ, Ternier A, Helmy H, Lim S, Chokshi DA, Zucker JR",2023,2023 Mar,https://pubmed.ncbi.nlm.nih.gov/36877900/,Health Aff (Millwood),10.1377/hlthaff.2022.00809,COVID-19; healthcare delivery; immunization; infectious disease; pandemic; preventive care; respiratory infection; vaccination
"Birth equity on the front lines: Impact of a community-based doula program in Brooklyn, NY","Thomas MP, Ammann G, Onyebeke C, Gomez TK, Lobis S, Li W, Huynh M",2023,2023 Mar,https://pubmed.ncbi.nlm.nih.gov/36625505/,Birth,10.1111/birt.12701,birth outcomes; maternal health; reproductive health
Climate Change and the Epidemiology of Infectious Diseases in the United States,"Edelson PJ, Harold R, Ackelsberg J, Duchin JS, Lawrence SJ, Manabe YC, Zahn M, LaRocque RC",2023,2023 Mar 4,https://pubmed.ncbi.nlm.nih.gov/36048507/,Clinical Infectious Diseases,10.1093/cid/ciac697,climate change; environmental health; healthcare delivery
A mixed-methods analysis of risk-reduction strategies adopted by syringe services program participants and non-syringe services program participants in New York City,"Beharie N, Urmanche A, Harocopos A",2023,2023 Mar 25,,Harm Reduction Journal,10.1186/s12954-023-00772-3,HIV prevention; harm reduction; substance use
PH WINS: A Fundamental Resource for Workforce Development,"Meredith G, Blake J",2023,2023 Mar-Apr 01,,Journal of Public Health Management and Practice,10.1097/PHH.0000000000001710,
The Role of a Tertiary Level Safety Net Hospital in New York City's 2022 Mpox Outbreak,"Lo Piccolo AJ, Wallach A, McPherson TD, Mgbako O, Fagan I, Pitts RA, Klinger A, Foote M, Garcia EA, Zucker JE, Chan J, Bails DB, Cohen GM, Tennill PA, Wong M, Mukherjee V",2023,2023 Mar-Apr,https://pubmed.ncbi.nlm.nih.gov/36862506/,Health Security,10.1089/hs.2022.0120,epidemiology; healthcare quality; healthcare utilization; hospital care; infectious disease; outbreak investigation
"Travel history among persons infected with SARS-CoV2 variants of concern in the United States, December 2020-February 2021","Abdalhamid B, Powers AM, Anderson M",2023,2023 Mar 29,https://pubmed.ncbi.nlm.nih.gov/36989218/,PLOS Global Public Health,10.1371/journal.pgph.0001252,COVID-19; infectious disease; pandemic; respiratory infection
"Evaluation of the Revised Versus Original Ryan White Part A HIV Care Coordination Program in a Cluster-Randomized, Stepped-Wedge Trial","Robertson M, Nash D",2023,2023 Apr 1,,Journal of Acquired Immune Deficiency Syndromes,10.1097/QAI.0000000000003139,HIV/AIDS; epidemiology; infectious disease; outbreak investigation; sexually transmitted infection
"HIV Pre-exposure Prophylaxis Services for Black and Hispanic or Latino Gay, Bisexual, and Other Men Who Have Sex With Men and Transgender Women in THRIVE, 2015-2020","Tanner MR, Zhu W, Iqbal K, Dominguez KL, Yu L, Hayes TD, Wiener J, Koenig LJ, Batey S, Burgess S, Elamin F, Fox A, Price A, Wood L, Hoover KW",2023,2023 Apr 1,https://pubmed.ncbi.nlm.nih.gov/36484556/,Journal of Acquired Immune Deficiency Syndromes,10.1097/QAI.0000000000003138,HIV/AIDS; infectious disease; sexually transmitted infection
"Can changing neighborhoods influence mental health? An ecological analysis of gentrification and neighborhood-level serious psychological distress-New York City, 2002-2015","Alroy KA, Cavalier H, Crossa A, Wang SM, Liu SY, Norman C, Sanderson M, Gould LH, Lim SW",2023,2023 Apr 5,https://pubmed.ncbi.nlm.nih.gov/37018221/,PLOS One,10.1371/journal.pone.0283191,behavioral health; mental health
Evaluation of New York/New York III permanent supportive housing program,"Gouse I, Walters S, Miller-Archie S, Singh T, Lim S",2023,2023 Apr,https://pubmed.ncbi.nlm.nih.gov/36764060/,Evaluation and Program Planning,10.1016/j.evalprogplan.2023.102245,environmental health; health equity; housing; program evaluation; public health intervention; social determinants
Diabetes-Related Quality of Life: Learning From Individuals Making Lifestyle Changes to Improve Type 2 Diabetes Control,"Scherer M, Weiss L, Walker EA, Crespo-Ramos G, Hoogendoorn CJ, Pham-Singer H, Wu WY, Gonzalez JS",2023,2023 Apr,https://pubmed.ncbi.nlm.nih.gov/36700517/,Science of Diabetes Self-Management and Care,10.1177/26350106221149665,chronic disease; diabetes; health outcomes; metabolic disorder; quality of life
Retrospective evaluation of management guidelines for extracorporeal treatment of metformin poisoning,"Trebach J, Mohan S, Gnirke M, Su MK, Gosselin S, Hoffman RS",2023,2023 Apr,https://pubmed.ncbi.nlm.nih.gov/36752699/,Clin Toxicol (Phila),10.1080/15563650.2022.2156880,
Extreme Heat and COVID-19 in New York City: An Evaluation of a Large Air Conditioner Distribution Program to Address Compounded Public Health Risks in Summer 2020,"Lane K, Smalls-Mantey L, Hernández D, Watson S, Jessel S, Jack D, Spaulding L, Olson C",2023,2023 Apr,https://pubmed.ncbi.nlm.nih.gov/36759422/,Journal of Urban Health,10.1007/s11524-022-00704-9,COVID-19; climate change; environmental health; infectious disease; pandemic; respiratory infection
The Nation's First Publicly Recognized Overdose Prevention Centers: Lessons Learned in New York City,"Giglio RE, Mantha S, Harocopos A, Saha N, Reilly J, Cipriano C, Kennelly M, Landau L, McRae M, Chokshi DA",2023,2023 Apr,https://pubmed.ncbi.nlm.nih.gov/37016269/,Journal of Urban Health,10.1007/s11524-02300717-y,harm reduction; opioid epidemic; overdose prevention; substance use
"Cohort study of the mortality among patients in New York City with tuberculosis and COVID-19, March 2020 to June 2022","Easton AV, Salerno MM, Trieu L, Humphrey E, Kaba F, Macaraig M, Dworkin F, Nilsen DM, Burzynski J",2023,2023 Apr 26,https://pubmed.ncbi.nlm.nih.gov/37186110/,PLOS Global Public Health,10.1371/journal.pgph.0001758,COVID-19; epidemiology; infectious disease; mortality; pandemic; respiratory infection; tuberculosis; vital statistics
Challenges associated with electronic and in-person directly observed therapy during a randomized trial,"Mangan JM, Burzynski J, deCastro BR, Salerno MM, Lam CK, Macaraig M, Reaves M, Kiskadden-Bechtel S, Bowers S, Sathi C, Dias MP, Goswami ND, Vernon A",2023,2023 Apr 1,https://pubmed.ncbi.nlm.nih.gov/37035970/,International Journal of Tuberculosis and Lung Disease,10.5588/ijtld.22.0583,infectious disease; respiratory infection; tuberculosis
"Longitudinal Association between Weight Status, Aerobic Capacity, Muscular Strength, and Endurance among New York City Youth, 2010-2017","D'Agostino EM, Day SE, Konty KJ, Armstrong SC, Skinner AC, Neshteruk CD",2023,2023 Apr,https://pubmed.ncbi.nlm.nih.gov/35758762/,Childhood Obesity,10.1089/chi.2022.0034,child health; chronic disease; nutrition; obesity; pediatric health
"Changes in consumer purchasing patterns at New York City chain restaurants following adoption of the sodium warning icon rule, 2015-2017","Prasad D, Jasek JP, Anekwe AV, Dominianni C, Mezzacca TA, Sisti JS, Farley SM, Kessler K",2023,2023 Apr 24,https://pubmed.ncbi.nlm.nih.gov/37093825/,PLOS One,10.1371/journal.pone.0274044,environmental health; food safety; regulation
Comparison of Current Attitudes Toward COVID-19 Vaccination in New York City and the US Nationally,"Chaudhri S, Kimball S, Lazarus JV",2023,2023 Apr 7,https://pubmed.ncbi.nlm.nih.gov/37390011/,Journal of Health Communication,10.1080/10810730.2023.2208071,COVID-19; behavior change; health communication; health education; immunization; infectious disease; pandemic; preventive care; respiratory infection; vaccination
Vaccine Confidence in NYC: Thematic Analysis of Community Stories,"Ige O, Sakas Z, Kang M, Green C, Brown D",2023,2023 Apr 7,https://pubmed.ncbi.nlm.nih.gov/37390013/,Journal of Health Communication,10.1080/10810730.2023.2191226,behavior change; health communication; health education; immunization; preventive care; vaccination
"Serial Interval and Incubation Period Estimates of Monkeypox Virus Infection in 12 Jurisdictions, United States, May-August 2022","Spicknall IH, Nakazawa Y, Gift TL; 2022 Mpox Outbreak Response Team",2023,2023 Apr,,Emerging Infectious Diseases,10.3201/eid2904.221622,infectious disease; sexual health; sexually transmitted infection
"Mpox in Young Woman with No Epidemiologic Risk Factors, Massachusetts, USA","Turbett SE, Davies O, Kroshinsky D, Hooper D, Hohmann E, Ard K, Shenoy ES",2023,2023 Apr,https://pubmed.ncbi.nlm.nih.gov/36696625/,Emerging Infectious Diseases,10.3201/eid2904.221921,epidemiology
Exploring the Association Between Gender Affirmation and PrEP use Among Transgender Women in New York City,"Rivera AV, Lopez JM, Braunstein SL",2023,2023 May,https://pubmed.ncbi.nlm.nih.gov/36574185/,AIDS and Behavior,10.1007/s10461-022-03944-7,HIV/AIDS; infectious disease; sexually transmitted infection
Understanding the Relationship Between Antiviral Prescription Data and COVID-19 Incidence in New York City: A Retrospective Cohort Study,"Kaul CM, Cohen GM, Silverstein M, Wallach AB, Diago-Navarro E, Holzman RS, Foote MK",2023,2023 May 21,,Open Forum Infectious Diseases,,COVID-19; epidemiology; infectious disease; pandemic; respiratory infection
Data on location and retail price of a standard food basket in supermarkets across New York City,"Crossa A, Cooperman E, James B, Ma S, Baquero M",2023,2023 May 9,https://pubmed.ncbi.nlm.nih.gov/37383762/,Data in Brief,10.1016/j.dib.2023.109222,
The longitudinal association between asthma severity and physical fitness among new York City public school youth,"D'Agostino EM, Zhang S, Day SE, Konty KJ, Armstrong S, Skinner A, Neshteruk CD",2023,2023 May,https://pubmed.ncbi.nlm.nih.gov/36931475/,Preventive Medicine,10.1016/j.ypmed.2023.107486,chronic disease; pulmonary health; respiratory disease
Evaluation of the EULAR/American College of Rheumatology Classification Criteria for Systemic Lupus Erythematosus in a Population-Based Registry,"Guttmann A, Denvir B, Aringer M, Buyon JP, Belmont HM, Sahl S, Salmon JE, Askanase A, Bathon JM, Geraldino-Pardilla L, Ali Y, Ginzler EM, Putterman C, Gordon C, Helmick CG, Parton H, Izmirly PM",2023,2023 May,https://pubmed.ncbi.nlm.nih.gov/35638708/,Arthritis Care Res (Hoboken),10.1002/acr.24960,epidemiology; public health monitoring; surveillance
"Sodium content of menu items in New York City chain restaurants following enforcement of the sodium warning icon rule, 2015-2017","Sisti JS, Prasad D, Niederman S, Mezzacca TA, Anekwe AV, Clapp J, Farley SM",2023,2023 May 3,https://pubmed.ncbi.nlm.nih.gov/37134045/,PLOS One,10.1371/journal.pone.0274648,environmental health; food safety; regulation
Facilitation of teambased care to improve HTN management and outcomes: a protocol for a randomized stepped wedge trial,"Shelley DR, Brown D, Cleland CM, Pham-Singer H, Zein D, Chang JE, Wu WY",2023,2023 May 31,,BMC Health Services Research,10.1186/s12913-023-09533-1,
"H., Moraes, A., Huang, Y., Puffett, N., Lednyak, L. Continuity of Early Intervention Services in New York City During the COVID-19 Pandemic","Kasamba, S., McVeigh, K",2023,2023 May,,International Journal of Telerehabilitation,10.5195/ijt.2023.6553,COVID-19; infectious disease; pandemic; program evaluation; public health intervention; respiratory infection
"Notes from the Field: First Reported U.S. Cases of Tinea Caused by Trichophyton indotineae - New York City, December 2021-March 2023","Alroy KA, Greendyke WG, Gold JAW",2023,2023 May 12,,MMWR Morbidity and Mortality Weekly Report,10.15585/mmwr.mm7219a4,disease burden; epidemiology; morbidity; mortality; vital statistics
Health Care Provider Decisions to Initiate Oral HIV Preexposure Prophylaxis in New York City Public Sexual Health Clinics,"Borges C, Gandhi A, Edelstein Z, Myers J, Mantell JE, Bauman LJ",2023,2023 Jun 1,,Sexually Transmitted Diseases,10.1097/OLQ.0000000000001782,HIV/AIDS; healthcare delivery; infectious disease; sexually transmitted infection
"A Systematic Review of Intervention Studies That Address HIV-Related Stigmas Among US Healthcare Workers and Health Systems: Applying a Theory-Based Ontology to Link Intervention Types, Techniques, and Mechanisms of Action to Potential Effectiveness","Kutner BA, Vaughn MP, Giguere R, Rodriguez-Hart C, McKinnon K, Kaighobadi F, Felix B, Akakpo A, Cournos F, Mikaelian M, Knox J, Boccher-Lattimore D, Mack KA, LaForest M, Sandfort TGM",2023,2023,,Annals of Behavioral Medicine,,HIV/AIDS; discrimination; health equity; infectious disease; occupational health; program evaluation; public health; public health intervention; sexual health; sexually transmitted infection; social determinants; worker safety
Engaging businesses and faith-based organizations in public health interventions: Lessons learned from a COVID-19 and flu vaccine detailing program in the Northeast Bronx,"Diallo F, Paulino L, Shiman LJ, Freeman K, Brooks B, Banson D, Reyes A",2023,2023 Jun,https://pubmed.ncbi.nlm.nih.gov/36532097/,Public Health Pract (Oxf),10.1016/j.puhip.2022.100353,COVID-19; aging; elderly health; geriatrics; immunization; infectious disease; influenza; pandemic; preventive care; program evaluation; public health intervention; respiratory infection; vaccination
Healthy Vaccinee Bias and MenB-FHbp Vaccine • • • Effectiveness Against Gonorrhea,"Abara WE, Bernstein KT, Lewis FMT, Pathela P, Islam A, Eberhart M, Cheng I, Ternier A, Sanderson Slutsker J, Madera R, Kirkcaldy R",2023,2023 Jun 1,https://pubmed.ncbi.nlm.nih.gov/36863060/,Sexually Transmitted Diseases,10.1097/OLQ.0000000000001793,discrimination; health equity; immunization; infectious disease; preventive care; sexual health; sexually transmitted infection; social determinants; vaccination
"Notes from the Field: Comparison of COVID-19 Mortality Rates Among Adults Aged ≥65 Years Who Were Unvaccinated and Those Who Received a Bivalent Booster Dose Within the Preceding 6 Months — 20 U.S. Jurisdictions, September 18, 2022–April 1, 2023","Wiedeman C, Silk BJ, Scobie HM",2023,2023,,MMWR Morbidity and Mortality Weekly Report,10.15585/mmwr.mm7224a6,COVID-19; disease burden; epidemiology; infectious disease; morbidity; mortality; pandemic; respiratory infection; vital statistics
"Trends in Laboratory-Confirmed SARS-CoV-2 Reinfections and Associated Hospitalizations and Deaths Among Adults Aged ≥18 Years - 18 U.S. Jurisdictions, September 2021-December 2022","Pettinger A, Pike MA, Reed IG, Slocum E, Sutton M, Tilakaratne BP, Vest H, Vostok J, Wang JS, Watson-Lewis L, Wienkes HN, Hagen MB, Silk BJ, Scobie HM",2023,2023 Jun 23,,MMWR Morbidity and Mortality Weekly Report,10.15585/mmwr.mm7225a3,COVID-19; disease burden; epidemiology; healthcare quality; healthcare utilization; hospital care; infectious disease; morbidity; mortality; pandemic; respiratory infection; vital statistics
Sociodemographic and Behavioral Predictors of Recurrent Bacterial Vaginosis among Sexual Health Clinic Patients in New York City from 2014-2018,"Davis A, Crawley A, Ashmore M, Landers SE, Pathela P",2023,2023,,Sexually Transmitted Diseases,,healthcare delivery
"Study protocol for data to suppression (D2S): a cluster-randomised, stepped-wedge effectiveness trial of a reporting and capacity-building intervention to improve HIV viral suppression in housing and behavioural health programmes in New York City","Robertson MM, Nash D",2023,2023 Jul 14,https://pubmed.ncbi.nlm.nih.gov/37451738/,BMJ Open,10.1136/bmjopen-2023-076716,HIV/AIDS; data quality; environmental health; epidemiology; health equity; housing; infectious disease; outbreak investigation; program evaluation; public health infrastructure; public health intervention; sexually transmitted infection; social determinants; surveillance
Individual-level precision diagnosis for coronavirus disease 2019 related severe outcome: an early study in New York,"Huang CC, Xu H",2023,2023 Jul 13,https://pubmed.ncbi.nlm.nih.gov/37443363/,Scientific Reports,10.1038/s41598023-35966-z,COVID-19; epidemiology; infectious disease; pandemic; respiratory infection
Mycobacterium tuberculosis complex whole-genome sequencing in New York State: Implementation of a reduced phenotypic drug susceptibility testing algorithm,"Leisner M, Lapierre P, Kohlerschmidt D, Rowlinson MC, Escuyer V, Musser KA",2023,2023 Jul 22,https://pubmed.ncbi.nlm.nih.gov/37543009/,Tuberculosis (Edinb),10.1016/j.tube.2023.102380,healthcare delivery; infectious disease; respiratory infection; sexual health; sexually transmitted infection; tuberculosis
"Evaluation of Public Health Contact Tracing for Mpox Among Gay, Bisexual, and Other Men Who Have Sex With Men-10 US Jurisdictions, May 17-July 31, 2022","Templin TG, Drociuk D, Hannibal T, Klos R, Bernstein KT",2023,2023 Jul,https://pubmed.ncbi.nlm.nih.gov/37141555/,American Journal of Public Health,10.2105/AJPH.2023.307301,
"J Sch Nurs. 2023 Aug;39(4):305-312. Epub 2021 Apr 28. de la Hoz RE, Shapiro M, Nolan A, Sood A, Lucchini RG, Cone JE, Celedón JC. Association of World Trade Center (WTC) Occupational Exposure Intensity with Chronic Obstructive Pulmonary Disease (COPD) and Asthma COPD Overlap (ACO)","Schroeder K, Young A, Adman G, Ashmeade AM, Bonas E, Day SE, Konty K.The Association of School Nurse Workload With Student Health and Academic Outcomes: A Cross-Sectional Study",2023,2023 Aug,https://pubmed.ncbi.nlm.nih.gov/37468611/,Lung,10.1007/s00408-023-00636-4,9/11 health effects; chronic disease; disaster response; mental health; occupational health; public health; pulmonary health; respiratory disease; worker safety
Two Models for Increasing the Scope and Activities of Human Immunodeficiency Virus Partner Services Programs: Preliminary Findings From the Fast Track Project,"Golub SA, Price DM, Starbuck L, Kim C, Strock L, Misra K, Mikati T, Udeagu CC",2023,2023 Aug 1,https://pubmed.ncbi.nlm.nih.gov/36727718/,Sexually Transmitted Diseases,10.1097/OLQ.0000000000001776,
COVID-19 vaccines for children: Racial and ethnic disparities in New York City,"Elbel B, Heng L, Konty KJ, Day SE, Rothbart MW, Abrams C, Lee DC, Thorpe LE, Ellen Schwartz A",2023,2023 Aug 4,https://pubmed.ncbi.nlm.nih.gov/37593357/,Preventive Medicine Reports,10.1016/j.pmedr.2023.102357,COVID-19; child health; health disparities; health equity; immunization; infectious disease; pandemic; pediatric health; preventive care; respiratory infection; social determinants; vaccination
"Recent Advances in the Use of the Mortality Syndromic Surveillance System-New York City, 2015-2020","Castro AF 3rd, Li W, Bernard-Davila B, Huynh M, Van Wye G",2023,2023,https://pubmed.ncbi.nlm.nih.gov/37610119/,Public Health Reports,10.1177/00333549231190115,epidemiology; mortality; public health monitoring; surveillance; vital statistics
• • • • • • Population-based prevalence and incidence estimates of mixed connective tissue disease from the Manhattan Lupus Surveillance Program,"Hasan G, Ferucci ED, Buyon JP, Belmont HM, Salmon JE, Askanase A, Bathon JM, GeraldinoPardilla L, Ali Y, Ginzler EM, Putterman C, Gordon C, Helmick CG, Parton H, Izmirly PM",2023,2023 Aug 1,https://pubmed.ncbi.nlm.nih.gov/36538873/,Rheumatology (Oxford),10.1093/rheumatology/keac703,epidemiology; infectious disease; public health monitoring; sexual health; sexually transmitted infection; surveillance
COVID-19 outcomes among people with HIV and COVID-19 in New York City,"Braunstein SL, Wahnich A, Lazar R",2023,2023,https://pubmed.ncbi.nlm.nih.gov/37534822/,Journal of Infectious Diseases,10.1093/infdis/jiad311,COVID-19; HIV/AIDS; infectious disease; pandemic; respiratory infection; sexually transmitted infection
Modeling poliovirus transmission and responses in New York State,"Thompson KM, Kalkowska DA, Routh JA, Brenner IR, Rosenberg ES, Zucker JR, Langdon-Embry M, Sugerman DE, Burns CC, Badizadegan K",2023,2023,https://pubmed.ncbi.nlm.nih.gov/37596838/,Journal of Infectious Diseases,10.1093/infdis/jiad355,
Implementation and early outcomes of a telehealth visit model to deliver tecovirimat for mpox infection in New York City,"Mukherjee V, Pitts R, Wallach A, Wong M, Mazo D, Mgbako O",2023,2023,https://pubmed.ncbi.nlm.nih.gov/37632124/,Journal of Telemedicine and Telecare,10.1177/1357633X231194796,access to care; healthcare delivery; telemedicine
Longitudinal Associations Between Neighborhood Child Opportunity and Physical Fitness for New York City Public School Youth,"Day SE, Konty KJ, D'Agostino EM",2023,2023 Aug 4,https://pubmed.ncbi.nlm.nih.gov/37083846/,American Journal of Epidemiology,10.1093/aje/kwad101,child health; pediatric health
"HIV Prevention Services for Hispanic/Latino Persons in THRIVE, 2015-2020. Am J","Bonacci RA, Tanner MR, Zhu W, Hayes T, Dominguez KL, Iqbal K, Wiener J, Drezner K, Jennings JM, Tsoi B, Wendell D, Hoover KW; THRIVE Project Team",2023,2023 Aug,https://pubmed.ncbi.nlm.nih.gov/36872151/,Preventive Medicine,10.1016/j.amepre.2023.01.042,HIV/AIDS; infectious disease; sexually transmitted infection
School-level selfreported versus objective measurements of body mass index in public high school students,"Thompson HR, Madsen KA, Nguyen C, Argenio K, D'Agostino E, Konty K, Day S",2023,2023 Sep,https://pubmed.ncbi.nlm.nih.gov/37451556/,Preventive Medicine,10.1016/j.ypmed.2023.107616,
"Benefits of Frequent HIV Testing in the THRIVE Demonstration Project: United States, 2015-2020","Mayes E, Robinson WT, Schumacher C, Delaney KP, Hoover KW; THRIVE Project Team",2023,2023 Sep,,American Journal of Public Health,10.2105/AJPH.2023.307341,HIV/AIDS; infectious disease; sexual health; sexually transmitted infection
Transmission of yellow fever vaccine virus through blood transfusion and organ transplantation • • • • • • • in the USA in 2021: report of an investigation,"Chiu CY, Staples JE; Yellow Fever Vaccine Virus Transplant and Transfusion Investigation Team",2023,2023 Sep,https://pubmed.ncbi.nlm.nih.gov/37544313/,The Lancet Microbe,10.1016/S2666-5247(23)00170-2,immunization; infectious disease; preventive care; sexual health; sexually transmitted infection; vaccination
Post-traumatic stress disorder and risk of firsttime and repeated opioid-related hospitalizations among World Trade Center Health Registry enrollees,"Garrey SK, Locke S, Pollari C, Li J, Takemoto E",2023,2023 Sep 9,https://pubmed.ncbi.nlm.nih.gov/37734242/,Psychiatry Research,10.1016/j.psychres.2023.115462,9/11 health effects; PTSD; disaster response; epidemiology; harm reduction; healthcare quality; healthcare utilization; hospital care; injury prevention; mental health; opioid epidemic; overdose prevention; public health; public health monitoring; respiratory disease; substance use; surveillance; trauma
Author Correction: Individual-level precision diagnosis for coronavirus disease 2019 related severe outcome: an early study in New York,"Huang CC, Xu H",2023,2023 Sep 20,https://pubmed.ncbi.nlm.nih.gov/37730883/,Scientific Reports,10.1038/s41598-023-40792-4,COVID-19; epidemiology; infectious disease; pandemic; respiratory infection
"Immediate initiation of antiretroviral treatment: knowledge, attitudes, and practices among clinic staff in New York City","Bertolino D, Baim-Lance A, D'Aquila E, Coren F, Abraham B",2023,2023 Sep 28,https://pubmed.ncbi.nlm.nih.gov/37770939/,BMC Health Services Research,10.1186/s12913-023-09896-5,HIV/AIDS; healthcare delivery; infectious disease; sexually transmitted infection
Household Food Security and Consumption of Sugar-Sweetened Beverages among New York City (NYC) Children: A CrossSectional Analysis of 2017 NYC Kids' Data,"Flórez KR, Albrecht SS, Hwang N, Chambers E, Li Y, Gany FM, Davila M",2023,2023 Sep 12,https://pubmed.ncbi.nlm.nih.gov/37764728/,Nutrients,10.3390/nu15183945,child health; food security; nutrition; pediatric health; social determinants
Application of a life table approach to assess duration of BNT162b2 vaccine-derived immunity by age using COVID-19 case surveillance data during the Omicron variant period,"Pilishvili T, Peterson Pompa X, Powell C, Praetorius K, Rosenberg E, Schiller A, Smith-Coronado ML, Stanislawski E, Strand K, Tilakaratne BP, Vest H, Wiedeman C, Zaldivar A, Silk B, Scobie HM",2023,2023 Sep 20,https://pubmed.ncbi.nlm.nih.gov/37729332/,PLOS One,10.1371/journal.pone.0291678,COVID-19; epidemiology; immunization; infectious disease; pandemic; preventive care; public health monitoring; respiratory infection; surveillance; vaccination
"New York State, New York City, New Jersey, Puerto Rico, and the US Virgin Islands' Health Department Experiences Promoting Health Equity During the Initial COVID-19 Omicron Variant Period, 2021-2022","Cox H, Gebru Y, Horter L, Palomeque FS, Myers K, Stowell D, Easterling T, de Noguera NS, Medina-Forrester A, Bravo J, Pérez S, Chaparro J, Ekpo LP, Cranford H, Santibañez S, Valencia D",2023,2023 Sep,https://pubmed.ncbi.nlm.nih.gov/37590481/,Health Security,10.1089/hs.2023.0001,COVID-19; health disparities; health equity; infectious disease; pandemic; respiratory infection; social determinants
Outcomes up to age 36 months after congenital Zika virus infection-U.S. states,"Leedom VO, Beauregard S, Orantes LC, Cronquist L, Roush L, Godfred-Cato S, Gilboa SM, Meaney-Delman D, Honein MA, Moore CA, Tong VT",2023,2023,https://pubmed.ncbi.nlm.nih.gov/37658124/,Pediatric Research,10.1038/s41390-02302787-9,arboviral disease; birth defects; child health; congenital disorders; infectious disease; pediatric health; vector-borne disease
Durable Viral Suppression Among Young Adults Living with HIV Receiving Ryan White Services in New York City,"Feldman MB, Montero N, Thomas JA, Hoffman S, Nguyen N, Lentz CL, Sukumaran S, Mellins CA",2023,2023 Oct,,AIDS and Behavior,10.1007/s10461-023-04040-0,HIV/AIDS; infectious disease; sexually transmitted infection
"Implementation of Bedaquiline, Pretomanid, and Linezolid in the United States: Experience Using a Novel All-Oral Treatment Regimen for Treatment of RifampinResistant or Rifampin-Intolerant Tuberculosis Disease","Schiller TM, Schwartz LE, Spitters C, Thomson DB, Tresgallo RR, Valois P, Goswami ND; BPaL Implementation Group",2023,2023 Oct 5,https://pubmed.ncbi.nlm.nih.gov/37249079/,Clinical Infectious Diseases,10.1093/cid/ciad312,healthcare delivery; infectious disease; respiratory infection; tuberculosis
"An Exploratory Study to Describe Transgender People with HIV Who Accessed Medicaid and Their Viral Suppression Over Time in New York City, 2013-2017","Rodriguez-Hart C, Zhao G, Goldstein Z, Radix A, Torian L",2023,2023 Oct 4,https://pubmed.ncbi.nlm.nih.gov/37810942/,Transgender Health,10.1089/trgh.2021.0195,HIV/AIDS; access to care; epidemiology; health insurance; health policy; infectious disease; sexually transmitted infection
Associations Between Neighborhood Opportunity and Indicators of Physical Fitness for New York City Public School Youth,"D'Agostino EM, Zhao AY, Zewdie HY, Ogletree SS, Messiah SE, Armstrong SC, Skinner AC, Hipp JA, Day SE, Konty KJ, Neshteruk CD",2023,2023,https://pubmed.ncbi.nlm.nih.gov/37831961/,Childhood Obesity,10.1089/chi.2023.0079,child health; chronic disease; nutrition; obesity; pediatric health
Using Public Health Detailing to Increase Access and Confidence in COVID-19 Vaccines and Reinvest in Disproportionately Impacted NYC Communities,"Shabbat N, Dresser MG, Petrsoric LJ, Bhatnagar Ansari A, Morse ME",2023,2023,https://pubmed.ncbi.nlm.nih.gov/37874972/,Journal of Public Health Management and Practice,10.1097/PHH.0000000000001819,COVID-19; immunization; infectious disease; pandemic; preventive care; respiratory infection; vaccination
Trace and Major Element Concentrations in Cadaveric Lung Tissues from World Trade Center Health Registry Decedents and Community Controls,"Marmor M, Burcham JL, Chen LC, Chillrud SN, Graham JK, Jordan HT, Zhong M, Halzack E, Cone JE, Shao Y",2023,2023 Oct 14,https://pubmed.ncbi.nlm.nih.gov/37887662/,International Journal of Environmental Research and Public Health,10.3390/ijerph20206923,9/11 health effects; disaster response; epidemiology; health disparities; health equity; mental health; public health monitoring; respiratory disease; social determinants; surveillance
"""Be honest and gain trust"": a population health study to understand the factors associated with building trust in local government related to COVID-19 and vaccination in three historically disinvested neighborhoods in New York City","Shiman LJ, Diallo F, Nieves CI, Brooks B, Dannefer R, Dorvil S, Lejano M, Pierre J",2023,2023 Oct 25,https://pubmed.ncbi.nlm.nih.gov/37954043/,Frontiers in Public Health,10.3389/fpubh.2023.1285152,COVID-19; environmental health; epidemiology; housing; immunization; infectious disease; pandemic; preventive care; respiratory infection; social determinants; vaccination
"Racial and Socioeconomic Equity of Tecovirimat Treatment during the 2022 Mpox Emergency, New York, New York, USA","Alroy KA, Bajaj L, Chen K, Howard JS, Jones LE, Lee EH, Watkins JL, McPherson TD",2023,2023,,Emerging Infectious Diseases,,health disparities; health equity; poverty; social determinants
"Notes from the field: Severe Bartonella quintana infections among persons experiencing unsheltered homelessness New York City, January","Kuehnert MJ, Bergeron-Parent C, Corvese G, Marx GE, Ackelsberg J",2023,2023,,,,health equity; housing; social determinants
"Patient-Reported Experiences Filling Expedited Partner Therapy Prescriptions for Chlamydia, Including Recommendations for Mitigating Encountered Obstacles, New York City, 2019 to 2020","Gary DE, Klingler EJ, Slutsker JS",2023,2023 Nov 1,https://pubmed.ncbi.nlm.nih.gov/37824786/,Sexually Transmitted Diseases,10.1097/OLQ.0000000000001855,infectious disease; sexual health; sexually transmitted infection
"Improvement in CD4+ cell count among people with HIV in New York City, 2007-2021","Xia Q, Farovitch L, Bertolino D, Romano A, Huang J, Misra K, Torian LV",2023,2023 Nov 15,https://pubmed.ncbi.nlm.nih.gov/37877276/,AIDS,10.1097/QAD.0000000000003685,HIV/AIDS; infectious disease; sexually transmitted infection
Community transmission of SARS-CoV-2 during the Delta wave in New York City,"Dai K, Foerster S, Vora NM, Blaney K, Keeley C, Hendricks L, Varma JK, Long T, Shaman J, Pei S",2023,2023 Nov 2,https://pubmed.ncbi.nlm.nih.gov/37915079/,BMC Infectious Diseases,10.1186/s12879-023-08735-6,COVID-19; infectious disease; pandemic; respiratory infection
"Inequities Along the Human Immunodeficiency Virus (HIV) Pre-exposure Prophylaxis Services Continuum for Black Women in the United States, 2015-2020","Schumacher C, Bickham J, Elopre L, Edelstein ZR, Hoover KW; Targeted Highly Effective Interventions to Reverse the HIV Epidemic (THRIVE) Project Team*",2023,2023,https://pubmed.ncbi.nlm.nih.gov/37963384/,Obstetrics & Gynecology,10.1097/AOG.0000000000005451,HIV/AIDS; infectious disease; sexually transmitted infection
ART initiation for people living with HIV with severe mpox,"Wong M, Damon IK, Zucker J, Foote MMK, El-Sadr W",2023,2023 Nov 11,,The Lancet,10.1016/S0140-6736(23)01674-4,HIV/AIDS; infectious disease; sexually transmitted infection
"Rifampin Mono-Resistant Tuberculosis in New York City, 2010–2021: A Retrospective Case Series","Lindsey J, Easton A, Modestil H, Dworkin F, Burzynski J, Nilsen D",2023,2023 Nov,,Open Forum Infectious Diseases,10.1093/ofid/ofad534,infectious disease; respiratory infection; tuberculosis
"Pre-exposure prophylaxis (PrEP) use history in people with antiretroviral resistance at HIV diagnosis: Findings from New York City HIV surveillance and partner services, 2015-2022","Misra K, Huang JS, Udeagu CN, Forgione L, Xia Q, Torian LV",2023,2023,https://pubmed.ncbi.nlm.nih.gov/37976185/,Clinical Infectious Diseases,10.1093/cid/ciad699,HIV/AIDS; epidemiology; healthcare delivery; infectious disease; public health monitoring; sexually transmitted infection; surveillance
Mycoplasma genitalium in the US (MyGeniUS): Surveillance Data From Sexual Health Clinics in 4 US Regions,"Geisler WM, Getman D, Golden MR; MyGeniUS Study Team",2023,2023 Nov 17,https://pubmed.ncbi.nlm.nih.gov/37402645/,Clinical Infectious Diseases,10.1093/cid/ciad405,epidemiology; healthcare delivery; public health monitoring; surveillance
Exploring the Impact of External Facilitation Using Evidence-Based Implementation Strategies for Increasing Motivational Interviewing Capacity Among Outpatient Substance Use Disorder (SUD) Treatment Providers,"Chaple MJ, Kunins HV, Nass MD, Benjamin AC, Viel CR, Bertone P, Marker L, Warren P, Hartzler B",2023,2023,https://pubmed.ncbi.nlm.nih.gov/38030934/,Journal of Behavioral Health Services & Research,10.1007/s11414-02309871-2,addiction; behavioral health; healthcare delivery; substance use
Health Equity Journal: Special Issue Guest Editorial,"Morse M, Joseph A, Ford C, Yearby R, Davis N",2023,2023 Nov 30,https://pubmed.ncbi.nlm.nih.gov/38076219/,Health Equity,10.1089/heq.2023.29038.mmo,health disparities; health equity; social determinants
Cancer incidence in World Trade Center rescue and recovery workers by race and ethnicity,"Farfel MR, Brackbill RM, Cone JE, Qiao B, Schymura MJ, Prezant DJ, Hall C, Boffetta P",2023,2023 Dec,https://pubmed.ncbi.nlm.nih.gov/37746817/,American Journal of Industrial Medicine,10.1002/ajim.23539,9/11 health effects; cancer; chronic disease; disaster response; epidemiology; health disparities; health equity; mental health; occupational health; oncology; public health; respiratory disease; social determinants; worker safety
Restaurant and Staff Characteristics Related to Practices that Could Contribute to CrossContamination,"Rickamer Hoover E, Masters M, Johnson J, McKelvey W, Hedeen N, Ripley D, Brown L",2023,2023 Dec,https://pubmed.ncbi.nlm.nih.gov/37863320/,Journal of Food Protection,10.1016/j.jfp.2023.100182,environmental health; food safety; infectious disease; regulation; sexual health; sexually transmitted infection
The longitudinal association between asthma severity and physical fitness by neighborhood factors among New York City public school youth,"Kumar A, Zhang S, Neshteruk CD, Day SE, Konty KJ, Armstrong S, Skinner AC, Lang JE, D'Agostino EM",2023,2023 Dec,https://pubmed.ncbi.nlm.nih.gov/37944678/,Annals of Epidemiology,10.1016/j.annepidem.2023.11.003,chronic disease; pulmonary health; respiratory disease
Antibody Titers against Mpox Virus after Vaccination,"Kottkamp AC, Samanovic MI, Duerr R, Oom AL, Belli HM, Zucker JR, Rosen JB, Mulligan MJ; NYC OSMI Study Group",2023,2023 Dec 14,https://pubmed.ncbi.nlm.nih.gov/38091537/,New England Journal of Medicine,10.1056/NEJMc2306239,immunization; preventive care; vaccination
Jail-based medication for opioid use disorder and patterns of reincarceration and acute care use after release: A sequence analysis,"Braunstein S, Murphy SM, Jalali A, Jeng PJ, Rosner Z, MacDonald R, Lee JD",2023,2023 Dec 10,https://pubmed.ncbi.nlm.nih.gov/38072387/,Journal of Substance Use & Addiction Treatment,10.1016/j.josat.2023.209254,addiction; behavioral health; criminal justice; harm reduction; health equity; opioid epidemic; overdose prevention; social determinants; substance use
Laboratory Criteria for Exclusion and Readmission of Potentially Infectious Persons in Sensitive Settings in the Age of Culture-Independent Diagnostic Tests: Report of a Multidisciplinary Workgroup,"Besser J, Singer R, Jervis RH, Boxrud D, Smith K, Daly ER; Members of the APHL, CSTE Enteric Disease Exclusion Policies Workgroup",2023,2023 Dec,https://pubmed.ncbi.nlm.nih.gov/37797737/,Journal of Food Protection,10.1016/j.jfp.2023.100173,healthcare quality; healthcare utilization; hospital care; infectious disease; sexual health; sexually transmitted infection
Public Health Should Lead the Charge on Improving Life Expectancy,Vasan A,2024,1/1/24,https://pubmed.ncbi.nlm.nih.gov/38091566/,American Journal of Public Health,10.2105/AJPH.2023.307460,child health; environmental health; lead poisoning
The case for retiring 'period prevalence',"Xia Q, Bertolino D, Salim MS, Torian LV, Zheng Y",2024,1/11/24,https://pubmed.ncbi.nlm.nih.gov/38207339/,International Journal of Epidemiology,10.1093/ije/dyad186,epidemiology
Hepatitis B Care Continuum Models-Data to Inform Public Health Action,"Spradling PR, Bocour A, Kuncio DE, Ly KN, Harris AM, Thompson ND",2024,1/11/24,https://pubmed.ncbi.nlm.nih.gov/38205796/,Public Health Reports,10.1177/00333549231218277,hepatitis; infectious disease; liver disease
Facilitators and barriers to accessing hepatitis B care in the postpartum period among foreign-born New Yorkers: a qualitative analysis of case notes,"Tang LY, Pene F, Cherfas L, Schwartz J, Baquero MC",2024,1/8/24,https://pubmed.ncbi.nlm.nih.gov/38191335/,BMC Public Health,10.1186/s12889-023-16971-3,hepatitis; infectious disease; liver disease
Modeling undetected poliovirus circulation following the 2022 outbreak in the United States,"Kalkowska DA, Badizadegan K, Routh JA, Burns CC, Rosenberg ES, Brenner IR, Zucker JR, Langdon-Embry M, Thompson KM",2024,1/4/24,https://pubmed.ncbi.nlm.nih.gov/38164695/,Expert Review of Vaccines,10.1080/14760584.2023.2299401,epidemiology; immunization; infectious disease; outbreak investigation; preventive care; vaccination
Improved classroom and child outcomes through mental health consultation in New York City subsidized early care and education programs,"Kadik FZ, Eng E, Pappas K, Berger S",2024,1/25/24,https://pubmed.ncbi.nlm.nih.gov/38272851/,Infant Mental Health Journal,10.1002/imhj.22026,behavior change; behavioral health; child health; health communication; health education; infant health; mental health; pediatric health
"Social Support and the Association Between Certain Forms of Violence and Harassment and Suicidal Ideation Among Transgender Women - National HIV Behavioral Surveillance Among Transgender Women, Seven Urban Areas, United States, 2019-2020","Eustaquio PC, Olansky E, Lee K, Marcus R, Cha S",2024,1/25/24,https://pubmed.ncbi.nlm.nih.gov/38261633/,Morbidity and Mortality Weekly Report Supplements,10.15585/mmwr.su7301a7,HIV/AIDS; disease burden; epidemiology; infectious disease; injury prevention; morbidity; mortality; public health; public health monitoring; sexually transmitted infection; surveillance; violence prevention; vital statistics
"Transgender Women Experiencing Homelessness - National HIV Behavioral Surveillance Among Transgender Women, Seven Urban Areas, United States, 2019-2020","Marcus R, Trujillo L, Olansky E, Cha S, Hershow RB, Baugher AR, Sionean C, Lee K",2024,1/25/24,https://pubmed.ncbi.nlm.nih.gov/38261599/,Morbidity and Mortality Weekly Report Supplements,10.15585/mmwr.su7301a5,HIV/AIDS; disease burden; epidemiology; health equity; housing; infectious disease; morbidity; mortality; public health monitoring; sexually transmitted infection; social determinants; surveillance; vital statistics
"Nonprescription Hormone Use Among Transgender Women - National HIV Behavioral Surveillance Among Transgender Women, Seven Urban Areas, United States, 2019-2020","Olansky E, Lee K, Handanagic S, Trujillo L",2024,1/25/24,https://pubmed.ncbi.nlm.nih.gov/38261588/,Morbidity and Mortality Weekly Report Supplements,10.15585/mmwr.su7301a4,HIV/AIDS; disease burden; epidemiology; infectious disease; morbidity; mortality; public health monitoring; sexually transmitted infection; surveillance; vital statistics
"Structural and Psychosocial Syndemic Conditions and Condomless Anal Intercourse Among Transgender Women - National HIV Behavioral Surveillance Among Transgender Women, Seven Urban Areas, United States, 2019-2020","Hershow RB, Trujillo L, Olansky E, Lee K, Agnew-Brune C, Wejnert C, Adams M",2024,1/25/24,https://pubmed.ncbi.nlm.nih.gov/38261572/,Morbidity and Mortality Weekly Report Supplements,10.15585/mmwr.su7301a3,HIV/AIDS; disease burden; epidemiology; infectious disease; morbidity; mortality; public health monitoring; sexually transmitted infection; surveillance; vital statistics
"Prevalence of Discrimination and the Association Between Employment Discrimination and Health Care Access and Use - National HIV Behavioral Surveillance Among Transgender Women, Seven Urban Areas, United States, 2019-2020","Baugher AR, Olansky E, Sutter L, Cha S, Lewis R, Morris E, Agnew-Brune C, Trujillo L, Respress E, Lee K",2024,1/25/24,https://pubmed.ncbi.nlm.nih.gov/38261571/,Morbidity and Mortality Weekly Report Supplements,10.15585/mmwr.su7301a6,HIV/AIDS; discrimination; disease burden; epidemiology; health equity; infectious disease; morbidity; mortality; public health monitoring; sexually transmitted infection; social determinants; surveillance; vital statistics
"Characteristics Associated with Pre-Exposure Prophylaxis Discussion and Use Among Transgender Women Without HIV Infection - National HIV Behavioral Surveillance Among Transgender Women, Seven Urban Areas, United States, 2019-2020","Morris E, Teplinskaya A, Olansky E, Rinderle JK, Chapin-Bardales J",2024,1/25/24,https://pubmed.ncbi.nlm.nih.gov/38261546/,Morbidity and Mortality Weekly Report Supplements,10.15585/mmwr.su7301a2,HIV/AIDS; disease burden; epidemiology; infectious disease; morbidity; mortality; public health monitoring; sexual health; sexually transmitted infection; surveillance; vital statistics
Heterogeneity of provider preferences for HIV Care Coordination Program features: latent class analysis of a discrete choice experiment,"Fong C, Conte M, Zimba R, Carmona J, Gambone G, Baim-Lance A, Robertson M, Irvine M, Nash D",2024,1/22/24,https://pubmed.ncbi.nlm.nih.gov/38251822/,HIV Research & Clinical Practice,10.1080/25787489.2024.2300923,HIV/AIDS; healthcare delivery; infectious disease; sexually transmitted infection
"Overview and Methodology of the National HIV Behavioral Surveillance Among Transgender Women - Seven Urban Areas, United States, 2019-2020","Kanny D, Lee K, Olansky E, Robbins T, Trujillo L, Finlayson T, Morris E, Agnew-Brune C, Cha S, Chapin-Bardales J, Wejnert C",2024,1/25/24,https://pubmed.ncbi.nlm.nih.gov/38284875/,Morbidity and Mortality Weekly Report Supplements,10.15585/mmwr.su7301a1,HIV/AIDS; disease burden; epidemiology; infectious disease; morbidity; mortality; public health monitoring; sexually transmitted infection; surveillance; vital statistics
Estimates of use of preferred contraceptive method in the United States: a population-based study,"Gomez AM, Bennett AH, Arcara J, Stern L, Bardwell J, Cadena D, Chaudhri A, Davis L, Dehlendorf C, Frederiksen B, Labiran C, McDonald-Mosley R, Rice WS, Stein TB, Valladares ES, Kavanaugh ML, Marshall C",2024,1/19/24,https://pubmed.ncbi.nlm.nih.gov/38304390/,The Lancet Regional Health – Americas,10.1016/j.lana.2023.100662,epidemiology; health disparities; health equity; infectious disease; sexual health; sexually transmitted infection; social determinants
JYNNEOS™ effectiveness as post-exposure prophylaxis against mpox: Challenges using real-world outbreak data,"Rosen JB, Arciuolo RJ, Pathela P, Boyer CB, Baumgartner J, Latash J, Malec L, Lee EH, Reddy V, King R, Edward Real J, Lipsitch M, Zucker JR",2024,1/13/24,https://pubmed.ncbi.nlm.nih.gov/38218669/,Vaccine,10.1016/j.vaccine.2023.12.066,epidemiology; immunization; infectious disease; outbreak investigation; preventive care; vaccination
"Inequities Along the Human Immunodeficiency Virus (HIV) Pre-exposure Prophylaxis Services Continuum for Black Women in the United States, 2015-2020","Townes A, Tanner MR, Yu L, Johnson WD, Zhu W, Iqbal K, Dominguez KL, Henny KD, Drezner K, Schumacher C, Bickham J, Elopre L, Edelstein ZR, Hoover KW",2024,2/1/24,https://pubmed.ncbi.nlm.nih.gov/37963384/,Obstetrics & Gynecology,10.1097/AOG.0000000000005451,HIV/AIDS; infectious disease; sexually transmitted infection
Using Public Health Detailing to Increase Access and Confidence in COVID-19 Vaccines and Reinvest in Disproportionately Impacted NYC Communities,"Shabbat N, Dresser MG, Petrsoric LJ, Bhatnagar Ansari A, Morse ME",2024,10/23/23,https://pubmed.ncbi.nlm.nih.gov/37874972/,Journal of Public Health Management and Practice,10.1097/PHH.0000000000001819,COVID-19; immunization; infectious disease; pandemic; preventive care; respiratory infection; vaccination
Evaluating completion rates of COVID-19 contact tracing surveys in New York City,"He K, Foerster S, Vora NM, Blaney K, Keeley C, Hendricks L, Varma JK, Long T, Shaman J, Pei S",2024,2/9/24,https://pubmed.ncbi.nlm.nih.gov/38331772/,BMC Public Health,10.1186/s12889-024-17920-4,COVID-19; epidemiology; infectious disease; pandemic; respiratory infection
"Energy Insecurity Indicators Associated With Increased Odds Of Respiratory, Mental Health, And Cardiovascular Conditions","Siegel EL, Lane K, Yuan A, Smalls-Mantey LA, Laird J, Olson C, Hernández D",2024,2/1/24,https://pubmed.ncbi.nlm.nih.gov/38315917/,Health Affairs,10.1377/hlthaff.2023.01052,behavioral health; cardiovascular disease; chronic disease; heart health; mental health; pulmonary health; respiratory disease
Evaluation of Two Videos that Apply Evidence-Based Strategies to Increase Self-Efficacy and Reduce Opioid-Related Stigma Among Medical Students,"Eschliman EL, Choe K, Fei YC, Kang C, Koetje J, Harocopos A, Harris MN, DeWalt J, Christopher SA, Jackson VW, Yang LH",2024,2/22/24,https://pubmed.ncbi.nlm.nih.gov/38388788/,Academic Psychiatry,10.1007/s40596-024-01945-3,discrimination; harm reduction; health equity; infectious disease; opioid epidemic; overdose prevention; sexual health; sexually transmitted infection; social determinants; substance use
"A Culturally Specific Community Supported Agriculture (CSA) Program to Improve Diet in Immigrant Communities in Brooklyn, New York","Chan SWC, Chin M, Suss R, Kui K, Lam SZ, Dowd E, Bosen C, Mei S, Barth K, Hughes M, Yi SS",2024,2/28/24,https://pubmed.ncbi.nlm.nih.gov/38415651/,Health Promotion Practice,10.1177/15248399241234058,access to care; chronic disease prevention; health equity; immigrant health; nutrition; public health
"Five human pathogens detected by tick surveillance in New York City parks, 2014-2015","Bajwa W, Kennedy A, Vincent Z, Heck G, Riaj S, Shah Z, Kanapathipillai K, Casal C, Haynes S, Cornman H, Egizi A, Stromdahl E, Nadolny R",2024,2/27/24,https://pubmed.ncbi.nlm.nih.gov/38412423/,Journal of Medical Entomology,10.1093/jme/tjae014,epidemiology; public health monitoring; surveillance
"Earliest records of the Asian longhorned tick (Acari: Ixodidae) in Staten Island, New York, and subsequent population establishment, with a review of its potential medical and veterinary importance in the United States","Bajwa W, Kennedy A, Vincent Z, Heck G, Riaj S, Shah Z, Tsynman L, Casal C, Haynes S, Cornman H, Egizi A, Stromdahl E, Nadolny R",2024,2/27/24,https://pubmed.ncbi.nlm.nih.gov/38412407/,Journal of Medical Entomology,10.1093/jme/tjae019,
"Associations Between Food Insufficiency and Health Conditions Among New York City Adults, 2017-2018","Crossa A, Leon S, Prasad D, Baquero MC",2024,2/26/24,https://pubmed.ncbi.nlm.nih.gov/38407756/,Journal of Community Health,10.1007/s10900-023-01296-4,
"Population-based surveillance for birth defects potentially related to Zika virus infection including 3-year mortality and developmental outcomes, and Early Intervention Program service use-New York City, 2016 birth cohort","McVeigh KH, Tseyang T, Vachon ME, Moraes A",2024,3/1/24,https://pubmed.ncbi.nlm.nih.gov/38476096/,Birth Defects Research,10.1002/bdr2.2320,arboviral disease; birth defects; birth outcomes; child health; congenital disorders; epidemiology; infectious disease; maternal health; mortality; program evaluation; public health intervention; public health monitoring; reproductive health; surveillance; vector-borne disease; vital statistics
Prevalence of concomitant rheumatologic diseases and autoantibody specificities among racial and ethnic groups in SLE patients,"Denvir B, Carlucci PM, Corbitt K, Buyon JP, Belmont HM, Gold HT, Salmon JE, Askanase A, Bathon JM, Geraldino-Pardilla L, Ali Y, Ginzler EM, Putterman C, Gordon C, Barbour KE, Helmick CG, Parton H, Izmirly PM",2024,3/6/24,https://pubmed.ncbi.nlm.nih.gov/38516120/,Frontiers in Epidemiology,10.3389/fepid.2024.1334859,epidemiology; health disparities; health equity; social determinants
Knowledge and practices related to louse- and flea-borne diseases among staff providing services to people experiencing homelessness in the United States,"Rich SN, Carpenter A, Dell B, Henderson R, Adams S, Bestul N, Grano C, Sprague B, Leopold J, Schiffman EK, Lomeli A, Zadeh H, Alarcón J, Halai UA, Nam YS, Seifu L, Slavinski S, Crum D, Mosites E, Salzer JS, Hinckley AF, McCormick DW, Marx GE",2024,3/21/24,https://pubmed.ncbi.nlm.nih.gov/38514461/,Zoonoses and Public Health,10.1111/zph.13125,health equity; housing; social determinants
A novel hybridization capture method for direct whole genome sequencing of clinical specimens to inform Legionnaires' disease investigations,"Weeber P, Singh N, Lapierre P, Mingle L, Wroblewski D, Nazarian EJ, Haas W, Weiss D, Musser KA",2024,3/21/24,https://pubmed.ncbi.nlm.nih.gov/38511938/,Journal of Clinical Microbiology,10.1128/jcm.01305-23,environmental health; healthcare delivery; infectious disease; legionnaires disease; sexual health; sexually transmitted infection
Jail-based medication for opioid use disorder and patterns of reincarceration and acute care use after release: A sequence analysis,"Lim S, Cherian T, Katyal M, Goldfeld KS, McDonald R, Wiewel E, Khan M, Krawczyk N, Braunstein S, Murphy SM, Jalali A, Jeng PJ, Rosner Z, MacDonald R, Lee JD",2024,12/10/23,https://pubmed.ncbi.nlm.nih.gov/38072387/,Journal of Substance Use and Addiction Treatment,10.1016/j.josat.2023.209254,addiction; behavioral health; criminal justice; harm reduction; health equity; opioid epidemic; overdose prevention; social determinants; substance use
Patient Education and Decision Support for Long-Acting Injectable HIV Antiretroviral Therapy: Protocol for Tool Development and Pilot Testing with Ryan White HIV/AIDS Program Medical Case Management Programs in New York,"Irvine MK, Zimba R, Avoundjian T, Peterson M, Emmert C, Kulkarni SG, Philbin MM, Kelvin EA, Nash D",2024,3/27/24,https://pubmed.ncbi.nlm.nih.gov/38536227/,JMIR Research Protocols,10.2196/56892,HIV/AIDS; behavior change; health communication; health education; infectious disease; sexual health; sexually transmitted infection
Sodium Intake and Sodium to Potassium Ratio among New York City Adults in the 2018 Heart Follow-Up Study,"Dominianni C, Prasad D, Sharkey A, Solomon E, Seligson AL, Jasek JP",2024,3/21/24,https://pubmed.ncbi.nlm.nih.gov/38638556/,Current Developments in Nutrition,10.1016/j.cdnut.2024.102143,chronic disease prevention; epidemiology; nutrition; public health
Exploring the Impact of External Facilitation Using Evidence-Based Implementation Strategies for Increasing Motivational Interviewing Capacity Among Outpatient Substance Use Disorder (SUD) Treatment Providers,"Chaple MJ, Kunins HV, Nass MD, Benjamin AC, Viel CR, Bertone P, Marker L, Warren P, Hartzler B",2024,11/29/23,https://pubmed.ncbi.nlm.nih.gov/38030934/,Journal of Behavioral Health Services & Research,10.1007/s11414-023-09871-2,addiction; behavioral health; healthcare delivery; substance use
"Immediate Injury Deaths Related to the Remnants From Hurricane Ida in New York City, September 1-2, 2021","Yuan A, Spira-Cohen A, Olson C, Lane K",2024,4/5/24,https://pubmed.ncbi.nlm.nih.gov/38577778/,Disaster Medicine and Public Health Preparedness,10.1017/dmp.2024.49,injury prevention; mortality; public health; trauma; vital statistics
Descriptive study of causes of death and COVID-19-associated morbidities from the New York City electronic death record: first wave of the pandemic March-July 2020,"Maduro G, Li W, Huynh M, Bernard-Davila B, Gould LH, Van Wye G",2024,4/3/24,https://pubmed.ncbi.nlm.nih.gov/38569678/,BMJ Open,10.1136/bmjopen-2023-072441,COVID-19; epidemiology; infectious disease; mortality; pandemic; respiratory infection; vital statistics
"Impact of COVID-19 on People Living with HIV: Data from Five Medical Monitoring Project Sites, 2020-2022","Erly S, Menza TW, Granillo L, Navejas M, Udeagu CN, Md KBA, Hixson LK, Raj-Sing S, Nassau T, Kaasa C, Buskin S",2024,4/2/24,https://pubmed.ncbi.nlm.nih.gov/38567932/,Journal of Acquired Immune Deficiency Syndromes,10.1097/QAI.0000000000003403,COVID-19; HIV/AIDS; epidemiology; infectious disease; pandemic; public health monitoring; respiratory infection; sexually transmitted infection; surveillance
"Acquired rifamycin resistance among patients with tuberculosis and HIV in new York City, 2001-2023","Dworkin F, Easton AV, Alex B, Nilsen D",2024,3/15/24,https://pubmed.ncbi.nlm.nih.gov/38560028/,Journal of Clinical Tuberculosis and Other Mycobacterial Diseases,10.1016/j.jctube.2024.100429,HIV/AIDS; healthcare delivery; infectious disease; respiratory infection; sexually transmitted infection; tuberculosis
"Hospital segregation, critical care strain, and inpatient mortality during the COVID-19 pandemic in New York City","Zhilkova A, Alsabahi L, Olson D, Maru D, Tsao TY, Morse ME",2024,4/11/24,https://pubmed.ncbi.nlm.nih.gov/38603670/,PLOS ONE,10.1371/journal.pone.0301481,COVID-19; healthcare quality; healthcare utilization; hospital care; infectious disease; mortality; pandemic; respiratory infection; vital statistics
Methadone dosing at New York State opioid treatment programs following initial revisions to federal regulations,"Jordan AE, Bachhuber MA, Tuazon E, Jimenez C, Lincourt P, Hussain S, Rubinfeld J, Cunningham CO",2024,4/3/24,https://pubmed.ncbi.nlm.nih.gov/38581920/,Drug and Alcohol Dependence,10.1016/j.drugalcdep.2024.111283,alcohol use; behavioral health; harm reduction; health policy; opioid epidemic; overdose prevention; public health law; regulation; substance use
NTCA Guidelines for Respiratory Isolation and Restrictions to Reduce Transmission of Pulmonary Tuberculosis in Community Settings,"Shah M, Dansky Z, Nathavitharana R, Behm H, Brown S, Dov L, Fortune D, Gadon NL, Gardner Toren K, Graves S, Haley CA, Kates O, Sabuwala N, Wegener D, Yoo K, Burzynski J",2024,4/18/24,https://pubmed.ncbi.nlm.nih.gov/38632829/,Clinical Infectious Diseases,10.1093/cid/ciae199,chronic disease; healthcare delivery; infectious disease; pulmonary health; respiratory disease; respiratory infection; tuberculosis
Modeling Poliovirus Transmission and Responses in New York State,"Thompson KM, Kalkowska DA, Routh JA, Brenner IR, Rosenberg ES, Zucker JR, Langdon-Embry M, Sugerman DE, Burns CC, Badizadegan K",2024,4/12/24,https://pubmed.ncbi.nlm.nih.gov/37596838/,The Journal of Infectious Diseases,10.1093/infdis/jiad355,
"Delays in sexual health care among patients attending New York City Sexual Health Clinics during the COVID-19 pandemic, March 2020 to February 2021","Tang J, Crawley A, Jamison K, Wong A, Eng S, Zhang C, Navia I, Cubas C, Pathela P",2024,4/19/24,https://pubmed.ncbi.nlm.nih.gov/38647232/,Sexually Transmitted Diseases,10.1097/OLQ.0000000000001982,COVID-19; healthcare delivery; infectious disease; pandemic; respiratory infection
One Half of the Pair: Prioritizing Tuberculosis Transmitters for Early Detection,"Mathema B, Burzynski J",2024,4/30/24,https://pubmed.ncbi.nlm.nih.gov/38687502/,American Journal of Respiratory and Critical Care Medicine,10.1164/rccm.202404-0699ED,chronic disease; early detection; infectious disease; preventive care; pulmonary health; respiratory disease; respiratory infection; screening; tuberculosis
Patient navigator's role in latent tuberculosis infection at a New York City Health Department Chest Clinic,"Barroso E, Mark T, Acevedo R, Rao S, Jordan HT, Burzynski J, Remegio W, Ea E, Compas L",2024,4/27/24,https://pubmed.ncbi.nlm.nih.gov/38708035/,Journal of Clinical Tuberculosis and Other Mycobacterial Diseases,10.1016/j.jctube.2024.100446,healthcare delivery; infectious disease; respiratory infection; tuberculosis
Facilitators and barriers to adolescent participation in a TB clinical trial,"Mangan JM, Hedges KNC, Salerno MM, Tatum K, Bouwkamp B, Frick MW, McKenna L, Muzanyi G, Engle M, Coetzee J, Yvetot J, Elskamp M, Lamunu D, Tizora MET, Namutamba D, Chaisson RE, Swindells S, Nahid P, Dorman SE, Kurbatova E",2024,5/1/24,https://pubmed.ncbi.nlm.nih.gov/38659142/,The International Journal of Tuberculosis and Lung Disease,10.5588/ijtld.23.0519,child health; healthcare delivery; infectious disease; pediatric health; respiratory infection; tuberculosis
"Recent Advances in the Use of the Mortality Syndromic Surveillance System-New York City, 2015-2020","Castro AF 3rd, Li W, Bernard-Davila B, Huynh M, Van Wye G",2024,8/23/23,https://pubmed.ncbi.nlm.nih.gov/37610119/,Public Health Reports,10.1177/00333549231190115,epidemiology; mortality; public health monitoring; surveillance; vital statistics
"Increasing disparities in obesity and severe obesity prevalence among public elementary and middle school students in New York City, school years 2011-12 through 2019-20","Argenio KL, Day SE, D'Agostino EM, Neshteruk C, Wagner BE, Konty KJ",2024,5/15/24,https://pubmed.ncbi.nlm.nih.gov/38748634/,PLOS ONE,10.1371/journal.pone.0302099,chronic disease; epidemiology; health disparities; health equity; nutrition; obesity; social determinants
"Clinical Course, Antifungal Susceptibility, and Genomic Sequencing of Trichophyton indotineae","Caplan AS, Todd GC, Zhu Y, Sikora M, Akoh CC, Jakus J, Lipner SR, Babbush K, Acker KP, Morales AE, Rolón RMM, Westblade LF, Fonseca M, Cline A, Gold JAW, Lockhart SR, Smith DJ, Chiller T, Greendyke WG, Manjari SR, Banavali NK, Chaturvedi S",2024,5/15/24,https://pubmed.ncbi.nlm.nih.gov/38748419/,JAMA Dermatology,10.1001/jamadermatol.2024.1126,healthcare delivery
Impact of HIV pre-exposure prophylaxis prescriptions on HIV diagnoses in New York City,"Xia Q, Edelstein ZR, Katz B, Bertolino D, Berry A, Tsoi BW, Torian LV",2024,5/14/24,https://pubmed.ncbi.nlm.nih.gov/38742881/,AIDS,10.1097/QAD.0000000000003927,HIV/AIDS; infectious disease; sexually transmitted infection
"Serological Evidence of Mpox Virus Infection During Peak Mpox Transmission in New York City, July to August 2022","Pathela P, Townsend MB, Kopping EJ, Tang J, Navarra T, Priyamvada L, Carson WC, Panayampalli SS, Fowler RC, Kyaw N, Hughes S, Jamison K",2024,5/13/24,https://pubmed.ncbi.nlm.nih.gov/38736232/,The Journal of Infectious Diseases,10.1093/infdis/jiae181,
Trends in Suicidality and Bullying among New York City Adolescents across Race and Sexual Identity: 2009-2019,"English D, Kelman E, Lundy De La Cruz N, Thompson AB, Le K, Garretson M, Viswanath AL, Brahmbhatt D, Lockwood C, Busby DR, Davila M",2024,5/10/24,https://pubmed.ncbi.nlm.nih.gov/38730064/,Journal of Urban Health,10.1007/s11524-024-00860-0,child health; health disparities; health equity; pediatric health; social determinants
Outcomes of New York City Care Calls: A Prospective Randomized Controlled Effectiveness Trial of Telephone-Delivered Type 2 Diabetes Self-Management Support,"Gonzalez JS, Hoogendoorn CJ, Schechter CB, Pappalardo L, Fernandez Galvis MA, Linnell J, Pham-Singer H, Walker EA, Wu WY",2024,5/10/24,https://pubmed.ncbi.nlm.nih.gov/38726912/,Science of Diabetes Self-Management and Care,10.1177/26350106241245641,chronic disease; diabetes; metabolic disorder
"Pre-exposure Prophylaxis Use History in People With Antiretroviral Resistance at HIV Diagnosis: Findings From New York City HIV Surveillance and Partner Services, 2015-2022","Misra K, Huang JS, Udeagu CN, Forgione L, Xia Q, Torian LV",2024,5/15/24,https://pubmed.ncbi.nlm.nih.gov/37976185/,Clinical Infectious Diseases,10.1093/cid/ciad699,HIV/AIDS; epidemiology; healthcare delivery; infectious disease; public health monitoring; sexually transmitted infection; surveillance
Time for a Kids Progress Administration: US Department of the Treasury Stepping Up,"Halfon N, Russ SA, Counts NZ",2024,5/20/24,https://pubmed.ncbi.nlm.nih.gov/38767896/,JAMA Pediatrics,10.1001/jamapediatrics.2024.1113,child health; pediatric health
Impact of the COVID-19 pandemic on routine childhood vaccination in 9 U.S. jurisdictions,"Treharne A, Patel Murthy B, Zell ER, Jones-Jack N, Loper O, Bakshi A, Nalla A, Kuramoto S, Cheng I, Dykstra A, Robison SG, Youngers EH, Schauer S, Gibbs Scharf L, Harris L",2024,5/25/24,https://pubmed.ncbi.nlm.nih.gov/38797629/,Vaccine,10.1016/j.vaccine.2024.05.045,COVID-19; child health; immunization; infectious disease; pandemic; pediatric health; preventive care; respiratory infection; vaccination
Evaluation of naturally acquired immune responses against novel pre-erythrocytic Plasmodium vivax proteins in a low endemic malaria population located in the Peruvian Amazon Basin,"Ventocilla JA, Tapia LL, Ponce R, Franco A, Leelawong M, Aguiar JC, Baldeviano GC, Wilder BK",2024,5/23/24,https://pubmed.ncbi.nlm.nih.gov/38783317/,Malaria Journal,10.1186/s12936-024-04978-z,
Severe Mpox Among People With Advanced Human Immunodeficiency Virus Receiving Prolonged Tecovirimat in New York City,"Garcia EA, Foote MMK, McPherson TD, Lash MK, Bosompem AN, Bouscaren A, Chan J, DiLorenzo MA, Feihel D, Fowler RC, Gandhi V, Jenny-Avital ER, Kopping EJ, Mazo D, McLean J, Mgbako O, Sayegh MN, Shaw RN, Su M, Meissner JS, Wang JC, Wen W, Winters JC, Zeana CB, Zucker J, Wong M",2024,5/17/24,https://pubmed.ncbi.nlm.nih.gov/38868307/,Open Forum Infectious Diseases,10.1093/ofid/ofae294,
Strengthening Pediatric and Public Health Collaboration to Protect Children's Health During a Pandemic,"Francis ZK, Dufort EM, Albanese BA, Chung WM, Lee EH, Moore Z, Mascola L, Pan E, Pedati C, Turabelidze G, Park SY",2024,3/19/24,https://pubmed.ncbi.nlm.nih.gov/38754936/,Pediatric Clinics of North America,10.1016/j.pcl.2024.01.016,child health; healthcare delivery; pediatric health
Impact of jail-based methadone or buprenorphine treatment on non-fatal opioid overdose after incarceration,"Cherian T, Lim S, Katyal M, Goldfeld KS, McDonald R, Wiewel E, Khan M, Krawczyk N, Braunstein S, Murphy SM, Jalali A, Jeng PJ, Rosner Z, MacDonald R, Lee JD",2024,3/28/24,https://pubmed.ncbi.nlm.nih.gov/38643529/,Drug and Alcohol Dependence,10.1016/j.drugalcdep.2024.111274,alcohol use; behavioral health; criminal justice; harm reduction; health equity; opioid epidemic; overdose prevention; social determinants; substance use
Effectiveness of 13-valent pneumococcal conjugate vaccine for prevention of invasive pneumococcal disease among children in the United States between 2010 and 2019: An indirect cohort study,"Andrejko KL, Gierke R, Rowlands JV, Rosen JB, Thomas A, Landis ZQ, Rosales M, Petit S, Schaffner W, Holtzman C, Barnes M, Farley MM, Harrison LH, McGee L, Chochua S, Verani JR, Cohen AL, Pilishvili T, Kobayashi M",2024,5/3/24,https://pubmed.ncbi.nlm.nih.gov/38704263/,Vaccine,10.1016/j.vaccine.2024.04.061,child health; epidemiology; immunization; pediatric health; preventive care; vaccination
"Overdose prevention activities led by local public health departments, 2019-2023","Wisdom A, Haddad S, Govindu M, Higgins F, Filion N, Sullivan K, Rooks-Peck C",2024,6/4/24,https://pubmed.ncbi.nlm.nih.gov/38831453/,"Substance Abuse Treatment, Prevention, and Policy",10.1186/s13011-024-00612-y,harm reduction; health policy; opioid epidemic; overdose prevention; public health law; regulation; substance use
NPCC4: New York City climate risk information 2022-observations and projections,"Braneon C, Ortiz L, Bader D, Devineni N, Orton P, Rosenzweig B, McPhearson T, Smalls-Mantey L, Gornitz V, Mayo T, Kadam S, Sheerazi H, Glenn E, Yoon L, Derras-Chouk A, Towers J, Leichenko R, Balk D, Marcotullio P, Horton R",2024,6/3/24,https://pubmed.ncbi.nlm.nih.gov/38826131/,Annals of the New York Academy of Sciences,10.1111/nyas.15116,climate change; environmental health
Advancing mental health parity to ensure children's access to care,"Counts NZ, Vasan A",2024,6/13/24,https://pubmed.ncbi.nlm.nih.gov/38871961/,npj Mental Health Research,10.1038/s44184-024-00070-1,behavioral health; child health; mental health; pediatric health
'We don't really address the trauma': Patients' Perspectives on Postpartum Care Needs after Severe Maternal Morbidities,"Niles PM, Nack A, Eniola F, Searing H, Morton C",2024,6/12/24,https://pubmed.ncbi.nlm.nih.gov/38864991/,Maternal and Child Health Journal,10.1007/s10995-024-03927-1,child health; injury prevention; maternal health; pediatric health; pregnancy; public health; reproductive health; trauma
Prospective Spatiotemporal Cluster Detection Using SaTScan: Tutorial for Designing and Fine-Tuning a System to Detect Reportable Communicable Disease Outbreaks,"Levin-Rector A, Kulldorff M, Peterson ER, Hostovich S, Greene SK",2024,6/11/24,https://pubmed.ncbi.nlm.nih.gov/38861711/,JMIR Public Health and Surveillance,10.2196/50653,epidemiology; infectious disease; outbreak investigation; public health monitoring; surveillance
Practice Facilitation and Clinical Performance Feedback Using the Electronic Health Record Improved Blood Pressure and Cholesterol Management in Small Primary Care Practices in New York City,"Tabaei BP, De Leon S, Glenn L, Pham-Singer H",2024,6/12/24,https://pubmed.ncbi.nlm.nih.gov/38870366/,Journal of Public Health Management and Practice,10.1097/PHH.0000000000001895,access to care; cardiovascular disease; chronic disease; healthcare delivery; hypertension; preventive care; primary care
The Association between Socioeconomic Status and Race/Ethnicity with Home Evacuation of Lower Manhattan Residents following the 9/11/2001 World Trade Center Disaster,"Cone JE, Millien L, Pollari C, Brite J, Badger H, Kubale J, Noppert G, Hegde S, Brackbill R, Farfel M",2024,6/19/24,https://pubmed.ncbi.nlm.nih.gov/38929049/,International Journal of Environmental Research and Public Health,10.3390/ijerph21060803,9/11 health effects; disaster response; health disparities; health equity; mental health; poverty; respiratory disease; social determinants
Transitions of care between jail-based medications for opioid use disorder and ongoing treatment in the community: A retrospective cohort study,"Krawczyk N, Lim S, Cherian T, Goldfeld KS, Katyal M, Rivera BD, McDonald R, Khan M, Wiewel E, Braunstein S, Murphy SM, Jalali A, Jeng PJ, Kutscher E, Khatri UG, Rosner Z, Vail WL, MacDonald R, Lee JD",2024,6/24/24,https://pubmed.ncbi.nlm.nih.gov/38924958/,Drug and Alcohol Dependence,10.1016/j.drugalcdep.2024.111377,alcohol use; behavioral health; epidemiology; harm reduction; opioid epidemic; overdose prevention; substance use
"NPCC4: Climate change, energy, and energy insecurity in New York City","Yoon L, Ventrella J, Marcotullio P, Matte T, Lane K, Tipaldo J, Jessel S, Schmid K, Casagrande J, Elszasz H",2024,6/25/24,https://pubmed.ncbi.nlm.nih.gov/38922917/,Annals of the New York Academy of Sciences,10.1111/nyas.15117,climate change; environmental health
NPCC4: Climate change and New York City's health risk,"Matte T, Lane K, Tipaldo JF, Barnes J, Knowlton K, Torem E, Anand G, Yoon L, Marcotullio P, Balk D, Constible J, Elszasz H, Ito K, Jessel S, Limaye V, Parks R, Rutigliano M, Sorenson C, Yuan A",2024,6/25/24,https://pubmed.ncbi.nlm.nih.gov/38922909/,Annals of the New York Academy of Sciences,10.1111/nyas.15115,climate change; environmental health
Colorectal cancer screening: results from the World Trade Center Health Registry cohort,"Thompson HM, Yung J, Li J, Cone J",2024,6/21/24,https://pubmed.ncbi.nlm.nih.gov/38907087/,Cancer Causes & Control,10.1007/s10552-024-01895-z,9/11 health effects; cancer; chronic disease; disaster response; epidemiology; mental health; oncology; public health monitoring; respiratory disease; surveillance
The Association Between a Neighborhood Adverse Childhood Experiences Index and Body Mass Index Among New York City Youth,"Schroeder K, Dumenci L, Day SE, Konty K, Noll JG, Henry KA, Suglia SF, Wheeler DC, Argenio K, Sarwer DB",2024,7/3/24,https://pubmed.ncbi.nlm.nih.gov/38959156/,Childhood Obesity,10.1089/chi.2024.0215,child health; chronic disease; nutrition; obesity; pediatric health
The role of socio-economic disparities in the relative success and persistence of SARS-CoV-2 variants in New York City in early 2021,"Vasylyeva TI, Havens JL, Wang JC, Luoma E, Hassler GW, Amin H, Di Lonardo S, Taki F, Omoregie E, Hughes S, Wertheim JO",2024,6/20/24,https://pubmed.ncbi.nlm.nih.gov/38900824/,PLOS Pathogens,10.1371/journal.ppat.1012288,COVID-19; health disparities; health equity; infectious disease; pandemic; respiratory infection; social determinants
Using Civic Service Design Methods to Redevelop a Data Communication Website With a Health Literacy Lens,"Montesano M, Porter M, Olson C, Gettings C, Torem E, Pezeshki G",2024,7/22/24,https://pubmed.ncbi.nlm.nih.gov/38989883/,Journal of Public Health Management and Practice,10.1097/PHH.0000000000001912,
A Snapshot of Lead in Consumer Products Across Four US Jurisdictions,"Porterfield K, Hore P, Whittaker SG, Fellows KM, Mohllajee A, Azimi-Gaylon S, Watson B, Grant I, Fuller R",2024,7/16/24,https://pubmed.ncbi.nlm.nih.gov/39012763/,Environmental Health Perspectives,10.1289/EHP14336,behavioral health; child health; environmental health; lead poisoning; mental health
IAPAC-Lancet HIV Commission on the future of urban HIV responses,"Zuniga JM, Prachniak C, Policek N, Magula N, Gandhi A, Anderson J, Diallo DD, Lima VD, Ravishankar S, Acharya S, et al.",2024,7/20/24,https://pubmed.ncbi.nlm.nih.gov/39043198/,The Lancet HIV,10.1016/S2352-3018(24)00124-3,HIV/AIDS; infectious disease; sexually transmitted infection
Late Identification of Perinatal Transmission of HIV in an Infant at High Risk,"O'Grady TJ, Kaufman S, Stolz A, Styer LM, Haskin L, Suresh P, Ryman NL, Shah D, Sullivan TJ, Torian L, Gonzalez C, Parker MM, Swain CA",2024,7/22/24,https://pubmed.ncbi.nlm.nih.gov/39041762/,Journal of Public Health Management and Practice,10.1097/PHH.0000000000001976,HIV/AIDS; child health; infant health; infectious disease; maternal health; pediatric health; pregnancy; reproductive health; sexually transmitted infection
Engaging Nonphysician Staff in Practice Facilitation-Mediated Quality Improvement to Improve Health Outcomes in Under-Resourced Clinical Practices in New York City,"De Leon S, Tabaei BP, Glenn L, Das S, Fana E, Pham-Singer H",2024,7/22/24,https://pubmed.ncbi.nlm.nih.gov/39041752/,Journal of Public Health Management and Practice,10.1097/PHH.0000000000001924,aging; elderly health; geriatrics; healthcare delivery
Differential rates of Mycobacterium tuberculosis transmission associate with host-pathogen sympatry,"Gröschel MI, Pérez-Llanos FJ, Diel R, Vargas R Jr, Escuyer V, Musser K, Trieu L, Meissner JS, Knorr J, Klinkenberg D, Kouw P, Homolka S, Samek W, Mathema B, van Soolingen D, Niemann S, Ahuja SD, Farhat MR",2024,8/1/24,https://pubmed.ncbi.nlm.nih.gov/39090390/,Nature Microbiology,10.1038/s41564-024-01758-y,infectious disease; respiratory infection; tuberculosis
"Lead Poisoning in a Mother and Her Four Children Using a Traditional Eye Cosmetic - New York City, 2012-2023","Hore P, Sedlar S, Ehrlich J",2024,8/1/24,https://pubmed.ncbi.nlm.nih.gov/39088375/,Morbidity and Mortality Weekly Report,10.15585/mmwr.mm7330a2,child health; disease burden; environmental health; epidemiology; lead poisoning; morbidity; mortality; pediatric health; vital statistics
Infectious disease surveillance needs for the United States: lessons from Covid-19,"Lipsitch M, Bassett MT, Brownstein JS, Elliott P, Eyre D, Grabowski MK, Hay JA, Johansson MA, Kissler SM, Larremore DB, Layden JE, Lessler J, Lynfield R, MacCannell D, Madoff LC, Metcalf CJE, Meyers LA, Ofori SK, Quinn C, Bento AI, Reich NG, Riley S, Rosenfeld R, Samore MH, Sampath R, Slayton RB, Swerdlow DL, Truelove S, Varma JK, Grad YH",2024,7/15/24,https://pubmed.ncbi.nlm.nih.gov/39076420/,Frontiers in Public Health,10.3389/fpubh.2024.1408193,COVID-19; epidemiology; infectious disease; pandemic; public health monitoring; respiratory infection; surveillance
"Effect of Childcare Influenza Vaccine Requirement on Vaccination Rates, New York City, 2012-2020","Metroka AE, Papadouka V, Ternier A, Cheng I, Zucker JR",2024,7/26/24,https://pubmed.ncbi.nlm.nih.gov/39056578/,Public Health Reports,10.1177/00333549241260166,child health; immunization; infectious disease; influenza; pediatric health; preventive care; respiratory infection; vaccination
Performance analysis of mathematical methods used to forecast the 2022 New York City Mpox outbreak,"Kaftan D, Kim HY, Ko C, Howard JS, Dalal P, Yamamoto N, Braithwaite RS, Bershteyn A",2024,8/1/24,https://pubmed.ncbi.nlm.nih.gov/39092792/,Journal of Medical Virology,10.1002/jmv.29791,epidemiology; infectious disease; outbreak investigation
Food Shopping Strategies Among a Diverse Sample of East Harlem Residents: A Qualitative Study,"Nieves C, Dannefer R, Sacks R, Zamula A",2024,8/14/24,https://pubmed.ncbi.nlm.nih.gov/39142298/,American Journal of Health Promotion,10.1177/08901171241273401,epidemiology
"Vaccine Effectiveness Against Anal HPV Among Men Who Have Sex With Men Aged 18-45 Years Attending Sexual Health Clinics in 3 United States Cities, 2018-2023","DeSisto CL, Winer RL, Querec TD, Dada D, Pathela P, Asbel L, Lin J, Tang J, Iqbal A, Meites E, Unger ER, Markowitz LE",2024,8/1/24,https://pubmed.ncbi.nlm.nih.gov/39122662/,The Journal of Infectious Diseases,10.1093/infdis/jiae394,healthcare delivery; immunization; preventive care; vaccination
"NPCC4: Tail risk, climate drivers of extreme heat, and new methods for extreme event projections","Ortiz L, Braneon C, Horton R, Bader D, Orton P, Gornitz V, Rosenzweig B, McPhearson T, Smalls-Mantey L, Sheerazi H, Montalto FA, Golkhandan MR, Evans C, DeGaetano A, Mallen E, Carter L, McConnell K, Mayo T, Buchanan M",2024,8/19/24,https://pubmed.ncbi.nlm.nih.gov/39159316/,Annals of the New York Academy of Sciences,10.1111/nyas.15180,climate change; environmental health
A Health Department Perspective for Sexually Transmitted Infection Prevention and Control,Pathela P,2024,9/1/24,https://pubmed.ncbi.nlm.nih.gov/39150140/,Sexually Transmitted Diseases,10.1097/OLQ.0000000000002003,
Participant and Stakeholder Perceptions of the Food FARMacy Emergency Food Assistance Program for the Coronavirus Disease 2019 Pandemic: A Qualitative Study,"Finkel MA, Barrios D, Partida I, Kelman E, Hulse E, Rosenthal A, Reiss J, Schwartz R, Meyer D, Woo Baidal JA",2024,11/4/23,https://pubmed.ncbi.nlm.nih.gov/37926236/,Journal of the Academy of Nutrition and Dietetics,10.1016/j.jand.2023.10.021,COVID-19; chronic disease prevention; epidemiology; infectious disease; nutrition; pandemic; public health; respiratory infection
The COVID-19 Disparities Grant: A Lesson in Radical Place-Based Investment to Overcome COVID-19-Related Health Disparities,"Parrella K, Van Troy-Duran H, Vasilakos E, Laurent K, Watkins J",2024,8/28/24,https://pubmed.ncbi.nlm.nih.gov/39197132/,American Journal of Public Health,10.2105/AJPH.2024.307766,COVID-19; health disparities; health equity; infectious disease; pandemic; respiratory infection; social determinants
Racial and ethnic disparities in mortality among World Trade Center Health Registry enrollees with post-9/11 cancer,"Kehm RD, Li J, Cone JE",2024,8/1/24,https://pubmed.ncbi.nlm.nih.gov/39190574/,Cancer Medicine,10.1002/cam4.70071,9/11 health effects; cancer; chronic disease; disaster response; epidemiology; health disparities; health equity; mental health; mortality; oncology; public health monitoring; respiratory disease; social determinants; surveillance; vital statistics
Hepatitis C Virus Reinfection Among People Who Inject Drugs: Long-Term Follow-Up of the HERO Study,"Litwin AH, Tsui JI, Heo M, Mehta SH, Taylor LE, Lum PJ, Feinberg J, Kim AY, Norton BL, Pericot-Valverde I, Arnsten J, Meissner P, Karasz A, McKee MD, Ward JW, Johnson N, Agyemang L, Stein ES, Thomas A, Borsuk C, Blalock KL, Wilkinson S, Wagner K, Carty J, Murray-Krezan C, Anderson J, Jacobsohn V, Luetkemeyer AF, Falade-Nwulia O, Groome M, Davies S, Costello K, Page K",2024,8/1/24,https://pubmed.ncbi.nlm.nih.gov/39186268/,JAMA Network Open,10.1001/jamanetworkopen.2024.30024,epidemiology; hepatitis; infectious disease; liver disease
Surveillance strategies for the detection of new pathogen variants across epidemiological contexts,"Oliveira Roster KI, Kissler SM, Omoregie E, Wang JC, Amin H, Di Lonardo S, Hughes S, Grad YH",2024,9/5/24,https://pubmed.ncbi.nlm.nih.gov/39236073/,PLOS Computational Biology,10.1371/journal.pcbi.1012416,epidemiology; public health monitoring; surveillance
Knowledge and Attitudes About HIV Pre-Exposure Prophylaxis Among Sexually Active Black and Latina Cisgender Women: Findings from the 2017 and 2018 New York City Sexual Health Survey,"Price DM, Garretson M, Cai X, Miah F, Scanlin K, Blackstock O, Edelstein Z",2024,9/4/24,https://pubmed.ncbi.nlm.nih.gov/39229686/,AIDS Patient Care and STDs,10.1089/apc.2024.0142,HIV/AIDS; epidemiology; infectious disease; sexual health; sexually transmitted infection
Prevalence of cardiovascular events in a population-based registry of patients with systemic lupus erythematosus,"Joyce DP, Berger JS, Guttmann A, Hasan G, Buyon JP, Belmont HM, Salmon J, Askanase A, Bathon J, Geraldino-Pardilla L, Ali Y, Ginzler EM, Putterman C, Gordon C, Helmick CG, Barbour KE, Gold HT, Parton H, Izmirly PM",2024,9/14/24,https://pubmed.ncbi.nlm.nih.gov/39272198/,Arthritis Research & Therapy,10.1186/s13075-024-03395-6,cardiovascular disease; chronic disease; epidemiology; heart health; public health monitoring; surveillance
Comparing Confirmed Sodium Nitrite Suicide Deaths With Poison Center Surveillance Estimates,"Bloom J, Sharpe A, Nulman S, Monday K, Marraffa JM, Stayton C, Clark C, Slone M, Cooper G, Su MK",2024,9/3/24,https://pubmed.ncbi.nlm.nih.gov/39312240/,JAMA Network Open,10.1001/jamanetworkopen.2024.34192,crisis intervention; epidemiology; infectious disease; mental health; mortality; public health monitoring; sexual health; sexually transmitted infection; suicide prevention; surveillance; vital statistics
"Sickle Cell Disease and Lead Poisoning in New York City, 2005-2019","Seifu L, Sedlar S, Grant T, Faciano A, Ehrlich J",2024,10/1/24,https://pubmed.ncbi.nlm.nih.gov/39352034/,Pediatrics,10.1542/peds.2024-067808G,child health; environmental health; lead poisoning; pediatric health
Traditional Eye Cosmetics and Cultural Powders as a Source of Lead Exposure,"Hore P, Sedlar S",2024,10/1/24,https://pubmed.ncbi.nlm.nih.gov/39352031/,Pediatrics,10.1542/peds.2024-067808O,child health; environmental health; lead poisoning; pediatric health
Risk communication and public response to potential radiation emergencies in New York City,"Gupta K, Ripberger J, Fox A, Maiello M, Peach K, Jenkins-Smith H",2024,10/9/24,https://pubmed.ncbi.nlm.nih.gov/39380450/,Risk Analysis,10.1111/risa.17657,
Validation of a Simplified Laboratory-Based HCV Clearance Definition Using New York City Hepatitis C Program and Surveillance Data,"Hwang CS, Montgomery MP, Diaz Munoz DI, Yin S, Teshale EH, Bocour A",2024,10/16/24,https://pubmed.ncbi.nlm.nih.gov/39413771/,Journal of Public Health Management and Practice,10.1097/PHH.0000000000002077,epidemiology; hepatitis; infectious disease; liver disease; public health monitoring; surveillance
Considering best practice standards for routine whole-genome sequencing for TB care and control,"Denholm JT, de Vries G, Anthony R, Robinson E, Backx M, Laurenson IF, Seagar AL, Modestil H, Trieu L, Meissner JS, Ng DHL, Tay JY, Lin HH, Lee R, Sintchenko V, Marais BJ, Donnan EJ",2024,10/1/24,https://pubmed.ncbi.nlm.nih.gov/39398433/,IJTLD Open,10.5588/ijtldopen.24.0320,infectious disease; respiratory infection; tuberculosis
A qualitative exploration of the implementation facilitators and challenges of a community health worker program to address health disparities for people recently released from incarceration using the consolidated framework for implementation research,"Hood QO, Irvine N, Shah K, Ali SH, Mezzacca TA, Serrano M, Thorpe LE, Huang TTK, Khan MR, Islam N",2024,10/18/24,https://pubmed.ncbi.nlm.nih.gov/39425238/,Implementation Science Communications,10.1186/s43058-024-00653-1,criminal justice; health disparities; health equity; healthcare delivery; occupational health; public health; social determinants; worker safety
Increasing Engagement in Human Immunodeficiency Virus Prevention Among Cisgender Women in New York City With Sexual Health Self-Testing Kits: A MaxDiff Analysis,"Goldberg AJ, Price DM, Phi A, Ma M, Edelstein ZR, Golub SA",2024,11/7/24,https://pubmed.ncbi.nlm.nih.gov/39508465/,Sexually Transmitted Diseases,10.1097/OLQ.0000000000002096,infectious disease; sexual health; sexually transmitted infection
Chronic and Acute Pain and Adverse Economic Outcomes in a 9/11-Exposed Cohort,"Brite J, Maqsood J, Yu S, Alper HE, Cone JE",2024,11/9/24,https://pubmed.ncbi.nlm.nih.gov/39595757/,International Journal of Environmental Research and Public Health,10.3390/ijerph21111490,9/11 health effects; disaster response; epidemiology; mental health; respiratory disease
Moving from indifference to reparative action: a public health approach to racial health inequities in life expectancy in cities in the USA,"Morse M, Ige O, Ojikutu BO",2024,12/7/24,https://pubmed.ncbi.nlm.nih.gov/39645371/,The Lancet,10.1016/S0140-6736(24)02665-5,health disparities; health equity; social determinants
Pregnancy Outcomes and All-Cause Mortality After Pregnancy Among US-Born Women With Perinatally Acquired HIV,"Abraham BK, Vogler M, Talati A, Suresh P, Gill B, Ravikumar S, Shepard C, Gulick R, Nash D, Peters V",2024,12/1/24,https://pubmed.ncbi.nlm.nih.gov/39642019/,Journal of Acquired Immune Deficiency Syndromes,10.1097/QAI.0000000000003535,HIV/AIDS; infectious disease; maternal health; mortality; pregnancy; reproductive health; sexually transmitted infection; vital statistics
"Community-based TB isolation decisions require individualization based on effectiveness and duration of treatment, community risks and patient harms","Shah M, Nathavitharana R, Burzynski J",2024,12/17/24,https://pubmed.ncbi.nlm.nih.gov/39686781/,Clinical Infectious Diseases,10.1093/cid/ciae608,healthcare delivery; infectious disease; respiratory infection; tuberculosis
Advancing Public Health Interventions: A Novel Surveillance System for Hazardous Consumer Products,"Nam YS, Alex-Oni K, Fitzstevens M, Patel K, Hore P",2024,12/12/24,https://pubmed.ncbi.nlm.nih.gov/39680744/,Journal of Public Health Management and Practice,10.1097/PHH.0000000000002092,epidemiology; program evaluation; public health intervention; public health monitoring; surveillance
"Symptomatic Entamoeba dispar Infections Among Men Who Have Sex With Men, New York City, 2018","Mergen K, Alleyne L, Fitzhenry R, Sunkara R, Gutelius B, Alderman A, Dickinson MC, McGibbon E, Thompson CN, Madison-Antenucci S",2024,11/7/24,https://pubmed.ncbi.nlm.nih.gov/39679351/,Open Forum Infectious Diseases,10.1093/ofid/ofae658,
What is in a food store name? Leveraging large language models to enhance food environment data,"Etheredge AJ, Hosmer S, Crossa A, Suss R, Torrey M",2024,12/6/24,https://pubmed.ncbi.nlm.nih.gov/39712471/,Frontiers in Artificial Intelligence,10.3389/frai.2024.1476950,aging; elderly health; geriatrics
Importance of reference group selection in the evaluation of cancer incidence,"Mueller AK, Vaeth B, Todd AC, Dasaro CR, Li J, Qiao B, Boffetta P, Prezant DJ, Hall CB, Goldfarb DG, Zeig-Owens R",2025,2025 Jan 2,https://pubmed.ncbi.nlm.nih.gov/39747157/,Scientific Reports,10.1038/s41598-024-82555-9,cancer; chronic disease; epidemiology; oncology
Nowcasting to Monitor Real-Time Mpox Trends During the 2022 Outbreak in New York City: Evaluation Using Reportable Disease Data Stratified by Race or Ethnicity,"Rohrer R, Wilson A, Baumgartner J, Burton N, Ortiz RR, Dorsinville A, Jones LE, Greene SK",2025,2025 Jan 14,https://pubmed.ncbi.nlm.nih.gov/39836051/,Online Journal of Public Health Informatics,10.2196/56495,epidemiology; health disparities; health equity; infectious disease; outbreak investigation; sexual health; sexually transmitted infection; social determinants
Expanded Naloxone Distribution by Opioid Overdose Prevention Programs to High-Need Populations and Neighborhoods in New York City,"Behrends CN, Trinidad AJ, Nolan ML, Dolatshahi J, Kingsepp A, Jordan AE, Welch AE, Harocopos A, Shaw LC, Green TC, Marshall BDL, Schackman BR",2025,2025 Jan 16,https://pubmed.ncbi.nlm.nih.gov/39820975/,Journal of Urban Health,10.1007/s11524-024-00951-y,harm reduction; opioid epidemic; overdose prevention; substance use
The prevalence of fentanyl in New York City's unregulated drug supply as measured through drug checking offered at syringe service programs,"Estrada Y, Sauer J, Dominguez L, Zaidi I, Trinidad AJ, Helmy H, Harocopos A",2025,2025 Jan 27,https://pubmed.ncbi.nlm.nih.gov/39914191/,Drug and Alcohol Dependence,10.1016/j.drugalcdep.2025.112578,HIV prevention; alcohol use; behavioral health; epidemiology; harm reduction; substance use
Premature Mortality and Health Inequality among Adult New Yorkers with Serious Mental Illness,"Magas I, Norman C, Vasan A",2025,2025 Feb 4,https://pubmed.ncbi.nlm.nih.gov/39904923/,Journal of Urban Health,10.1007/s11524-024-00953-w,health disparities; health equity; mortality; social determinants; vital statistics
Mortality in a cohort of WTC-exposed law-enforcement officers compared to non-WTC law-enforcement officers,"Singh A, Khalifeh M, Violanti J, Zeig-Owens R, Todd AC, Shapiro MZ, Carwile ME, Dasaro CR, Li J, Yung J, Farfel MR, Brackbill RM, Cone JE, Qiao B, Schymura MJ, Prezant DJ, Hall CB, Boffetta P",2025,2025 Feb 1,https://pubmed.ncbi.nlm.nih.gov/39893318/,International Archives of Occupational and Environmental Health,10.1007/s00420-025-02121-2,9/11 health effects; HIV/AIDS; behavioral health; disaster response; epidemiology; infectious disease; mental health; mortality; occupational health; public health; respiratory disease; sexually transmitted infection; vital statistics; worker safety
Increasing Engagement in Human Immunodeficiency Virus Prevention Among Cisgender Women in New York City With Sexual Health Self-Testing Kits: A MaxDiff Analysis,"Goldberg AJ, Price DM, Phi A, Ma M, Edelstein ZR, Golub SA",2025,2024 Nov 7,https://pubmed.ncbi.nlm.nih.gov/39508465/,Sexually Transmitted Diseases,10.1097/OLQ.0000000000002096,infectious disease; sexual health; sexually transmitted infection
Observational research in epidemic settings: a roadmap to reform,"Ricotta EE, Bustos Carrillo FA, Angelli-Nichols S, Barugahare J, Benton A, Carlson CJ, Chang-Rabley E, Dean NE, Duda SN, Federer L, Fill MA, LeRoy EC, Linton NM, Lipsitch M, Mathur MB, Phelan AL, Rid A, Rosen JB, Sauer L, Sullivan SG, Zendt M, Evans N",2025,2025 Feb 10,https://pubmed.ncbi.nlm.nih.gov/39929534/,BMJ Global Health,10.1136/bmjgh-2024-017981,epidemiology; infectious disease; outbreak investigation
Centering equity through in-person data collection: short report,"Zaidi I, Dominguez Gomez L, Jordan AE, Jessell L, Harocopos A",2025,2025 Feb 10,https://pubmed.ncbi.nlm.nih.gov/39928030/,Journal of Public Health,10.1093/pubmed/fdaf016,
Barriers to the performance of timely hemodialysis when recommended by one United States poison center: a retrospective review,"Gnirke M, Davies E, Hoffman RS, Su MK",2025,2025 Feb 10,https://pubmed.ncbi.nlm.nih.gov/39927746/,Clinical Toxicology,10.1080/15563650.2025.2454292,healthcare delivery
"The association between place of birth and physical fitness among Latino youth: Findings from New York City public school students, 2006-2019","D'Agostino EM, Flórez KR, Nguyen C, Day S, Konty K, Argenio K, Huang TT, Neshteruk CD, Wagner BE, Rosenberg LM, Thompson HR",2025,2025 Feb 8,https://pubmed.ncbi.nlm.nih.gov/39923281/,Public Health,10.1016/j.puhe.2025.01.022,birth outcomes; maternal health; reproductive health
Examining Women's Self-Management Strategies for Recurrent Bacterial Vaginosis in New York City,"Davis A, Sun Y, Chitnis J, Brenner R, Landers S, Pathela P, Crawley A, Ashmore M",2025,2025 Feb 20,https://pubmed.ncbi.nlm.nih.gov/39976987/,Sexually Transmitted Diseases,10.1097/OLQ.0000000000002142,
Evaluating a User-centered Redesign of the NYC Environment and Health Data Portal Website,"Montesano M, Gettings C, Torem E",2025,2025 Feb 18,https://pubmed.ncbi.nlm.nih.gov/39964184/,Journal of Public Health Management and Practice,10.1097/PHH.0000000000002136,
"Awareness, attitudes, and interest in doxyPEP as bacterial prophylaxis against sexually transmitted infections - New York City Sexual Health Clinics, June-August 2023","Leocadio C, Betancourt G, Tang J, Heth Z, Pathela P",2025,2025 Feb 17,https://pubmed.ncbi.nlm.nih.gov/39960661/,Sexually Transmitted Diseases,10.1097/OLQ.0000000000002138,healthcare delivery
"Immigrant Inequities in Uninsurance and Postpartum Medicaid Extension: A Quasi-Experimental Study in New York City, 2016-2021","Janevic T, Birnie L, Belfon K, Glenn L, Maru S, Reynolds S, Eniola F, Kim H, Howell FM, Fox A, Weber E",2025,2025 Feb 27,https://pubmed.ncbi.nlm.nih.gov/40014829/,American Journal of Public Health,10.2105/AJPH.2024.307968,access to care; epidemiology; health equity; health insurance; health policy; immigrant health
"A Culturally Specific Community Supported Agriculture (CSA) Program to Improve Diet in Immigrant Communities in Brooklyn, New York","Chan SWC, Chin M, Suss R, Kui K, Lam SZ, Dowd E, Bosen C, Mei S, Barth K, Hughes M, Yi SS",2025,2024 Feb 28,https://pubmed.ncbi.nlm.nih.gov/38415651/,Health Promotion Practice,10.1177/15248399241234058,access to care; chronic disease prevention; health equity; immigrant health; nutrition; public health
Initial Real-World Pilot of the MedMorph Reference Architecture: Hepatitis C Surveillance and Research,"Michaels M, Botts NE, Hassell S, Mardon R, Pan ECR, Flanigan M, Chehab C, Liu S, Bocour A, Alexander M, Aponte A, Thompson ND",2025,2025 Mar 12,https://pubmed.ncbi.nlm.nih.gov/40073858/,Applied Clinical Informatics,10.1055/a-2441-6100,epidemiology; healthcare delivery; hepatitis; infectious disease; liver disease; public health monitoring; surveillance
"A survey study of urban retailers selling alkyl nitrites (""poppers"") in the New York City area which led to public health interventions","Olinde A, Hayman C, Ivanov I, Schwartz L, Bloom J, Su MK, Biary R",2025,2025 Mar 12,https://pubmed.ncbi.nlm.nih.gov/40072897/,Clinical Toxicology,10.1080/15563650.2025.2455531,epidemiology; healthcare delivery; program evaluation; public health intervention
Modeling the Impact of Vaccine Dose Prioritization Strategies During the 2022 Mpox Outbreak,"Clay PA, Pollock ED, Saldarriaga EM, Pathela P, Macaraig M, Zucker JR, Crouch B, Kracalik I, Spicknall IH",2025,2025 Mar 11,https://pubmed.ncbi.nlm.nih.gov/40069944/,American Journal of Epidemiology,10.1093/aje/kwaf054,epidemiology; immunization; infectious disease; outbreak investigation; preventive care; vaccination
"Fostering Community Support for Breastfeeding: Implementation of a Neighborhood Level Breastfeeding Initiative in Brooklyn, New York","Pierre J, Valdez J, Marshall-Taylor S, Dorvil S, Howell FM",2025,2025 Mar 10,https://pubmed.ncbi.nlm.nih.gov/40064765/,Journal of Community Health,10.1007/s10900-025-01446-w,breastfeeding; healthcare delivery; infant health; maternal health
Effectiveness and tolerability of methylthioninium chloride (methylene blue) for the treatment of methemoglobinemia: twenty-four years of experience at a single poison center,"Rothenberg R, Biary R, Hoffman RS",2025,2025 Mar 10,https://pubmed.ncbi.nlm.nih.gov/40062661/,Clinical Toxicology,10.1080/15563650.2025.2470428,healthcare delivery
Building HOPE: Integrating community-based doula care in public hospitals in New York City,"Maru S, Porchia-Albert C, Lockworth K, Hall C, Boychuk N, Calliste N, Cooke C, Gebara S, Haq K, Harishankar K, James R, Janevic T, Mathurin K, Nowlin S, Rivera A, Rodriguez A, Schwartz R, St Clair V, Whaley S, Whitney A",2025,2025 Feb 14,https://pubmed.ncbi.nlm.nih.gov/40061146/,Health Affairs Scholar,10.1093/haschl/qxaf033,environmental health; healthcare quality; healthcare utilization; hospital care; housing; social determinants
Population cessation of aspirin use for the prevention of cardiovascular disease,"Roeser S, Duval S, Luepker RV, Eder M, Finnegan JR, Van't Hof JR",2025,2025 Feb 8,https://pubmed.ncbi.nlm.nih.gov/40103687/,American Journal of Preventive Cardiology,10.1016/j.ajpc.2025.100941,cardiovascular disease; chronic disease; heart health
"Vaccine Effectiveness Against Anal HPV Among Men Who Have Sex With Men Aged 18-45 Years Attending Sexual Health Clinics in 3 United States Cities, 2018-2023","DeSisto CL, Winer RL, Querec TD, Dada D, Pathela P, Asbel L, Lin J, Tang J, Iqbal A, Meites E, Unger ER, Markowitz LE",2025,2025 Mar 17,https://pubmed.ncbi.nlm.nih.gov/39122662/,Journal of Infectious Diseases,10.1093/infdis/jiae394,healthcare delivery; immunization; preventive care; vaccination
"Community Health Worker Influence on COVID-19 Vaccine Uptake in New York City, 2021-2022","Miller M, Weiss BG, Sakas ZM, Parrella KE, Islam F, Watkins JL",2025,2025 Mar 27,https://pubmed.ncbi.nlm.nih.gov/40146972/,American Journal of Public Health,10.2105/AJPH.2025.308039,COVID-19; immunization; infectious disease; occupational health; pandemic; preventive care; public health; respiratory infection; vaccination; worker safety
Communicating public health data clearly: lessons from COVID-19,Montesano M,2025,2025 Mar 27,https://pubmed.ncbi.nlm.nih.gov/40146689/,Journal of Communication in Healthcare,10.1080/17538068.2025.2483599,COVID-19; infectious disease; pandemic; respiratory infection
Transmission dynamics of the 2022 mpox epidemic in New York City,"Pekar JE, Wang Y, Wang JC, Shao Y, Taki F, Forgione LA, Amin H, Clabby T, Johnson K, Torian LV, Braunstein SL, Pathela P, Omoregie E, Hughes S, Suchard MA, Vasylyeva TI, Lemey P, Wertheim JO",2025,2025 Mar 25,https://pubmed.ncbi.nlm.nih.gov/40133528/,Nature Medicine,10.1038/s41591-025-03526-9,epidemiology; infectious disease; outbreak investigation
The use of wastewater surveillance to estimate SARS-CoV-2 fecal viral shedding pattern and identify time periods with intensified transmission,"Yang W, Omoregie E, Olsen A, Watts EA, Parton H, Lee E",2025,2025 Mar 24,https://pubmed.ncbi.nlm.nih.gov/40128707/,BMC Public Health,10.1186/s12889-025-22306-1,COVID-19; epidemiology; infectious disease; pandemic; public health monitoring; respiratory infection; sexual health; sexually transmitted infection; surveillance
"Community-associated New Delhi metallo-beta-lactamase-producing carbapenem-resistant Enterobacterales: multiple states, from September 2021 through September 2022","Jones S, Stanton R, D'Angeli M, Brezak A, Sinkevitch J, Sredl M, Greene S, Garner K, Gulley T, Santiago C, Wang W, Cincotta S, Spalding Walters M",2025,2025 Mar 24,https://pubmed.ncbi.nlm.nih.gov/40123437/,Infection Control & Hospital Epidemiology,10.1017/ice.2025.28,healthcare quality; healthcare utilization; hospital care; infection control; patient safety
Advancing Public Health Interventions: A Novel Surveillance System for Hazardous Consumer Products,"Nam YS, Alex-Oni K, Fitzstevens M, Patel K, Hore P",2025,2024 Dec 12,https://pubmed.ncbi.nlm.nih.gov/39680744/,Journal of Public Health Management and Practice,10.1097/PHH.0000000000002092,epidemiology; program evaluation; public health intervention; public health monitoring; surveillance
Validation of a Simplified Laboratory-Based HCV Clearance Definition Using New York City Hepatitis C Program and Surveillance Data,"Hwang CS, Montgomery MP, Diaz Munoz DI, Yin S, Teshale EH, Bocour A",2025,2024 Oct 16,https://pubmed.ncbi.nlm.nih.gov/39413771/,Journal of Public Health Management and Practice,10.1097/PHH.0000000000002077,epidemiology; hepatitis; infectious disease; liver disease; public health monitoring; surveillance
"Exposure to the World Trade Center Disaster, Health, and Health-Related Quality of Life Nearly 20 Years After 9/11","Sisti JS, Dhanya A, Alper HE, Millet N, Ahmadi A, Brackbill RM",2025,2025 Apr 2,https://pubmed.ncbi.nlm.nih.gov/40171937/,American Journal of Industrial Medicine,10.1002/ajim.23706,9/11 health effects; disaster response; health outcomes; mental health; quality of life; respiratory disease
Mobile Mpox Vaccination in New York City Provided Flexible Community-Responsive Vaccine Access During the 2022 Global Mpox Emergency,"Osmundson J, Watkins JL, Vasan A, Hawke C, Baran A, Zucker JR, Murphy K, Wallach A, Long T",2025,2025 Mar 31,https://pubmed.ncbi.nlm.nih.gov/40166647/,Open Forum Infectious Diseases,10.1093/ofid/ofaf053,immunization; preventive care; vaccination
The two-dose MVA-BN mpox vaccine induces a nondurable and low avidity MPXV-specific antibody response,"Oom AL, Wilson KK, Yonatan M, Rettig S, Youn HA, Tuen M, Shah Y, DuMont AL, Belli HM, Zucker JR, Rosen JB, Herati RS, Samanovic MI, Duerr R, Kottkamp AC, Mulligan MJ",2025,2025 Mar 31,https://pubmed.ncbi.nlm.nih.gov/40162783/,Journal of Virology,10.1128/jvi.00253-25,immunization; preventive care; vaccination
Tuberculosis Incidence and Outcomes Among Older New Yorkers,"Kyaw NTT, Silin M, Trieu L, Ahuja SD, Foerster S, Jordan HT",2025,2025 Mar 27,https://pubmed.ncbi.nlm.nih.gov/40151484/,Open Forum Infectious Diseases,10.1093/ofid/ofaf059,epidemiology; infectious disease; respiratory infection; tuberculosis
Mitigating Medical Debt as a Public Health Equity Issue: Challenges and Opportunities in New York City,"Maru D, Schwartz RE, Fordjuoh J, Wiewel EW, Sood RK, Clippinger E, Jackson J, Ayedun A, Flynn D, Vasan A, Morse M",2025,2025 Apr,https://pubmed.ncbi.nlm.nih.gov/40203258/,American Journal of Public Health,10.2105/AJPH.2025.308026,health disparities; health equity; social determinants
SARS-CoV-2 dynamics in New York City during March 2020-August 2023,"Yang W, Parton H, Li W, Watts EA, Lee E, Yuan H",2025,2025 Apr 7,https://pubmed.ncbi.nlm.nih.gov/40195487/,Communications Medicine,10.1038/s43856-025-00826-6,COVID-19; infectious disease; pandemic; respiratory infection
Community-academic implementation science partnership to examine adoption and impact of a patient-centered approach to sexual history,"Golub SA, Hubbard S, de Roche AM, Barton SC, Merges A, Klein A",2025,2025 Apr 7,https://pubmed.ncbi.nlm.nih.gov/40193513/,Psychological Services,10.1037/ser0000935,healthcare delivery
Worker and Restaurant Characteristics Associated with Food Safety Culture: An Environmental Health Specialists Network Study,"Kramer AJ, Hedeen N, Viveiros B, DiPrete L, Irving DJ, Nicholas DC, McKelvey W, Monroy JA, Tuttle J, Brown LG",2025,2025 Apr 4,https://pubmed.ncbi.nlm.nih.gov/40184265/,Foodborne Pathogens and Disease,10.1089/fpd.2024.0132,behavioral health; environmental health; epidemiology; food safety; foodborne illness; infectious disease; mental health; occupational health; public health; regulation; sexual health; sexually transmitted infection; worker safety
Relationship between experiencing a challenge or delay accessing contraception and contraceptive self-efficacy: Data from a 2022 nationally representative online survey,"Schulte A, Bennett AH, Arcara J, Bardwell J, Chaudhri A, Davis L, Frederiksen B, Jones E, Labiran C, McDonald-Mosley R, Rice W, Stein T, Valladares ES, White K, Marshall C, Gomez AM",2025,2025 Apr 15,https://pubmed.ncbi.nlm.nih.gov/40234968/,Reproductive Health,10.1186/s12978-025-02003-3,epidemiology; health disparities; health equity; social determinants
Creating a Probability Survey Panel for Population Health Research: The Experience of the NYC Health Panel,"Reardon L, Perlman SE, Dumas SE, Bholanath T, Chan PY, Crossa A, Dasgupta S, Gould LH, Kanneh N, Lejano M, Seligson AL, Lim S, Norvila N, Seil K, Shaheen T, Solomon A, Gwynn RC",2025,2025 Apr 22,https://pubmed.ncbi.nlm.nih.gov/40262177/,Journal of Public Health Management and Practice,10.1097/PHH.0000000000002160,epidemiology
"Prospective follow-up of New York City residents with e-cigarette, or vaping product use-associated lung injury-2020-2021","Tannert Niang KM, Grasso AB, Debchoudhury I, Bushman D, Jasek JP, Fairclough MA, Van Oss KR, Chamany S, LaSane KD, Franklin SM, Talati AK",2025,2025 Apr 30,https://pubmed.ncbi.nlm.nih.gov/40305486/,PLOS One,10.1371/journal.pone.0304918,injury prevention; preventive care; public health; smoking cessation; tobacco use; trauma
Disparities in Utilization of the World Trade Center Health Program Among World Trade Center Rescue and Recovery Workers and Volunteers,"Ayers CD, Kehm RD, Cone JE, Li J",2025,2025 Apr 19,https://pubmed.ncbi.nlm.nih.gov/40283864/,International Journal of Environmental Research and Public Health,10.3390/ijerph22040643,9/11 health effects; disaster response; health disparities; health equity; mental health; occupational health; public health; respiratory disease; social determinants; worker safety
"""I Didn't Know Him Before the Pandemic… Now He's on My Speed Dial"": Strengthening Collaboration Between Infectious Diseases Physicians and State and Local Public Health for Future Public Health Emergencies","Valencia D, Edwards L, Horter L, Turner H, Kaur M, Vaidya M, Johnson T, Briggs E, Wollins D, Phua S, Chen AY, Felt-Lisk S, Werbel WA, Kim AI, Lim S, Lynch JB, Foote MMK, Wiley Z, Vaishampayan J, Patel P, Santibañez S",2025,2025 May 13,https://pubmed.ncbi.nlm.nih.gov/40358245/,Clinical Infectious Diseases,10.1093/cid/ciaf179,healthcare delivery
"Vaccine effectiveness against anal HPV infection among men with HIV who have sex with men attending sexual health clinics in three United States cities, 2018-2023","DeSisto CL, Dada D, Pathela P, Winer RL, Asbel L, Querec TD, Lin J, Tang J, Iqbal A, Meites E, Unger ER, Markowitz LE",2025,2025 May 8,https://pubmed.ncbi.nlm.nih.gov/40338823/,Journal of Acquired Immune Deficiency Syndromes,10.1097/QAI.0000000000003691,HIV/AIDS; healthcare delivery; immunization; infectious disease; preventive care; sexually transmitted infection; vaccination
"Preferences for HIV preexposure prophylaxis care among gay, bisexual, and other MSM: a large discrete choice experiment","Patel VV, Andrade EA, Zimba R, Mirzayi C, Zhang C, Kharfen M, Freeman A, Edelstein Z, Doshi R, Nash D, Grov C",2025,2025 Jan 15,https://pubmed.ncbi.nlm.nih.gov/39819626/,AIDS,10.1097/QAD.0000000000004124,HIV/AIDS; infectious disease; sexually transmitted infection
"Elevated Blood Lead Levels in a Pregnant Woman and her Family from Traditional Kansa (Bronze) and Pital (Brass) Metalware - New York City, 2024","Hore P, Alex-Oni K, Sedlar S, Bardhi N, Ehrlich J",2025,2025 May 22,https://pubmed.ncbi.nlm.nih.gov/40402859/,MMWR Morbidity and Mortality Weekly Report,10.15585/mmwr.mm7418a1,child health; disease burden; environmental health; epidemiology; lead poisoning; morbidity; mortality; vital statistics
Fostering Community-Led Climate Action,Watkins JL,2025,2025 May 15,https://pubmed.ncbi.nlm.nih.gov/40402579/,Journal of Public Health Management and Practice,10.1097/PHH.0000000000002172,climate change; environmental health
"Measures of Structural Racism and Black-White Disparity in Stillbirth Rates in New York City, 2009-2018: A Population-Based Cross-Sectional Study","Leisher SH, Factor-Litvak P, Huynh M, Kline J, Silver RM, Wang S, Bates LM",2025,2025 May 19,https://pubmed.ncbi.nlm.nih.gov/40390284/,BJOG: An International Journal of Obstetrics and Gynaecology,10.1111/1471-0528.18217,birth outcomes; epidemiology; health disparities; health equity; infectious disease; maternal health; reproductive health; sexual health; sexually transmitted infection; social determinants
"Data Missingness and Equity Implications in the Nation's Largest Student Fitness Surveillance System: The New York City School Based Physical Fitness Testing Programs, 2006-2020","Thompson HR, Ricks-Oddie JL, Schneider M, Day S, Argenio K, Konty K, Radom-Aizik S, Guo Y, Cooper DM",2025,2025 May 19,https://pubmed.ncbi.nlm.nih.gov/40386883/,Journal of School Health,10.1111/josh.70021,epidemiology; infectious disease; public health monitoring; sexual health; sexually transmitted infection; surveillance
"Depressive Symptoms, Emergency Care, and School Climate: An Ecological Analysis of Linked Administrative and Survey Data in New York City","Arabadjis SD, Argenio KL, Day SE, Konty K, Sweeney SH",2025,2025 May 1,https://pubmed.ncbi.nlm.nih.gov/40312955/,Journal of School Health,10.1111/josh.70014,climate change; environmental health; epidemiology
"Persistent Sadness, Violence, and Bullying and Associations With Screen Time Among New York City Public High School Students, 2021","Jackson J, Hamwey M, Stratton N, Vasan A",2025,2025 May 29,https://pubmed.ncbi.nlm.nih.gov/40440655/,American Journal of Public Health,10.2105/AJPH.2025.308051,injury prevention; public health; violence prevention
East Harlem's Asthma Counselor Program During COVID: Maintaining Service Continuity and Understanding Family Needs in a Community-Based Child Asthma Management Program,"Dreisbach N, Campbell S, Castillo O, Correa H, Marquez Chien F, Escoffery D, Plasencia S",2025,2025 May 25,https://pubmed.ncbi.nlm.nih.gov/40413788/,Social Work in Public Health,10.1080/19371918.2025.2509508,COVID-19; child health; chronic disease; infectious disease; pandemic; pediatric health; pulmonary health; respiratory disease; respiratory infection
"""We're Going to Be Here"": Providers' Perspectives on Implementing a Revised HIV Care Coordination Program","Emmert C, Avoundjian T, Irvine M, Tapia-Munoz T, Schenkel R, Hernandez M, Kozlowski S, Nash D, Guarino H",2025,2025 Jun 12,https://pubmed.ncbi.nlm.nih.gov/40501225/,AIDS Patient Care and STDs,10.1089/apc.2025.0047,HIV/AIDS; healthcare delivery; infectious disease; sexual health; sexually transmitted infection
"Delays in Sexual Health Care Among Patients Attending New York City Sexual Health Clinics During the COVID-19 Pandemic, March 2020 to February 2021","Tang J, Crawley A, Jamison K, Wong A, Eng S, Zhang C, Navia I, Cubas C, Pathela P",2025,2024 Apr 19,https://pubmed.ncbi.nlm.nih.gov/38647232/,Sexually Transmitted Diseases,10.1097/OLQ.0000000000001982,COVID-19; healthcare delivery; infectious disease; pandemic; respiratory infection
"Changes in the short-term relationship between air pollution and mortality in New York City, 1990-2019","Goldberg R, Spira-Cohen A, Pitiranggon M, Johnson S, Ito K",2025,2025 Jun 13,https://pubmed.ncbi.nlm.nih.gov/40514701/,Environmental Health,10.1186/s12940-025-01171-w,air quality; behavioral health; environmental health; mental health; mortality; respiratory health; vital statistics
"Notes from the Field: Increase in New Delhi Metallo-β-Lactamase-Producing Carbapenem-Resistant Enterobacterales - New York City, 2019-2024","Devinney K, Burton N, Alroy KA, Crawley A, Da Costa-Carter CA, Kratz MM, Lin Y, Montfort-Gardeazabal J, Portier T, Santiago C, Siemetzki-Kapoor U, Sullivan M, Wiegartner RJ, McPherson TD, Greendyke WG",2025,2025 Jun 26,https://pubmed.ncbi.nlm.nih.gov/40568976/,MMWR Morbidity and Mortality Weekly Report,10.15585/mmwr.mm7423a2,disease burden; epidemiology; morbidity; mortality; vital statistics
Are client and provider preferences for HIV care coordination programme features concordant? Discrete choice experiments in Ryan White part A-funded New York City care coordination programmes,"Zimba R, Fong C, Conte M, Guarino H, Avoundjian T, Carmona J, Herndon G, Gambone G, Irvine MK, Nash D",2025,2025 Jun 24,https://pubmed.ncbi.nlm.nih.gov/40555448/,BMJ Open,10.1136/bmjopen-2024-097918,HIV/AIDS; healthcare delivery; infectious disease; sexually transmitted infection
An evaluation of telehealth services at New York City tuberculosis clinics throughout the COVID-19 pandemic,"Gao GE, Easton AV, Salerno MM, Angulo M, Buchanan C, Ingram DJ, Humphrey E, Whitehead M, Robinson E, Chuck C, Burzynski J, Dworkin F, Nilsen D, Macaraig M",2025,2025 Jun 24,https://pubmed.ncbi.nlm.nih.gov/40554502/,PLOS Digital Health,10.1371/journal.pdig.0000898,COVID-19; access to care; healthcare delivery; infectious disease; pandemic; respiratory infection; telemedicine; tuberculosis
Trajectories of post-traumatic stress disorder symptoms and subsequent risk of long COVID in the World Trade Center Health Registry,"Sisti JS, Packard SE, Yung J, Metzler J",2025,2025 Jul 5,https://pubmed.ncbi.nlm.nih.gov/40623643/,Journal of Affective Disorders,10.1016/j.jad.2025.119814,9/11 health effects; COVID-19; PTSD; disaster response; epidemiology; infectious disease; injury prevention; mental health; pandemic; public health; public health monitoring; respiratory disease; respiratory infection; surveillance; trauma
Recommendation on the use of viral load tests and exclusion of CD4 tests as proxies for HIV medical visits,"Xia Q, Irvine MK, Manandhar-Sasaki P, Bertolino D, Abdelqader F, Peterson M, Nash D, Torian LV",2025,2025 Jul 3,https://pubmed.ncbi.nlm.nih.gov/40617368/,Annals of Epidemiology,10.1016/j.annepidem.2025.06.017,HIV/AIDS; infectious disease; sexually transmitted infection
Genetic characterization of Plasmodium vivax linked to autochthonous malaria transmission in the US (2023) using Illumina AmpliSeq technology: a genetic epidemiology study,"Barratt JLN, Jacobson D, Pierre-Louis E, Bajic M, Kelley J, Patel DS, Goldman I, Zhou Z, Shi YP, Ridpath A, Mace K, Carlson C, Sutcliffe A, Butler Q, Morrison A, Stanek D, Tomson K, Blackmore C, Cannons A, Rollo S, Wang C, Tuladhar R, Clemons B, Madison-Antenucci S, Mergen K, White J, Antwi M, Rothfeldt L, Lazenby K, Hedges S, Shray JN, Courtney A, Boyanton B, Qvarnstrom Y, Freeman M, Raphael BH",2025,2025 Jun 21,https://pubmed.ncbi.nlm.nih.gov/40612707/,The Lancet Regional Health - Americas,10.1016/j.lana.2025.101159,epidemiology
"Infection positivity among sexual contacts to chlamydia and gonorrhea, STI Surveillance Network, 2021-2023","Llata E, Danforth B, Tang J, Asbel L, Ried C, Clark M, Berzkalns A, Schumacher C",2025,2025 Jun 30,https://pubmed.ncbi.nlm.nih.gov/40587331/,Sexually Transmitted Diseases,10.1097/OLQ.0000000000002210,epidemiology; infectious disease; public health monitoring; sexual health; sexually transmitted infection; surveillance
Challenges to initiate and complete a 4-month rifapentine-moxifloxacin TB treatment regimen,"Galvis ME, Gao GE, Salerno MM, Whitehead M, Juste D, Buchanan C, Chuck C, Iskhakova F, Macaraig M, Dworkin F, Burzynski J, Nilsen D",2025,2025 Jun 27,https://pubmed.ncbi.nlm.nih.gov/40579760/,International Journal of Tuberculosis and Lung Disease,10.5588/ijtld.24.0616,infectious disease; respiratory infection; tuberculosis
Provider Perspectives on the Data-to-Suppression Initiative in Ryan White Part A Housing and Behavioral Health Programs,"Peterson M, Emmert C, You W, Irvine M, Avoundjian T, Nash D, Guarino H",2025,2025 Jul 17,https://pubmed.ncbi.nlm.nih.gov/40673782/,AIDS Patient Care and STDs,10.1177/10872914251361088,HIV/AIDS; environmental health; health equity; healthcare delivery; housing; infectious disease; sexual health; sexually transmitted infection; social determinants
HIV testing among transgender and other gender diverse persons in the United States: A scoping review,"Anders J, Freeman A, Hou B, Sone P, Lopez-Phelan J, Padgen P, Giguere R, Gowdicott C, Ge S, Clarke A, Herrera C, Edelstein Z, Sandfort TGM",2025,2025 Jul 17,https://pubmed.ncbi.nlm.nih.gov/40673702/,Journal of Acquired Immune Deficiency Syndromes,10.1097/QAI.0000000000003728,HIV/AIDS; infectious disease; sexual health; sexually transmitted infection
Trends in mental health-related pediatric emergency visits among New York City students,"Echenique J, Schwartz AE, Konty K, Day S, Baroni A, Stein CR, Argenio K, Elbel B",2025,2025 Jul 24,https://pubmed.ncbi.nlm.nih.gov/40729786/,American Journal of Emergency Medicine,10.1016/j.ajem.2025.07.045,behavioral health; child health; mental health; pediatric health
The Effectiveness of Two Interventions for Improving Knowledge of Emergency Preparedness Amongst Enrollees of the World Trade Center Health Registry: A Randomized Controlled Trial,"Alper HE, Gargano LM, Hamwey MK, Leon LF, Friedman L",2025,2025 Jul 7,https://pubmed.ncbi.nlm.nih.gov/40724149/,International Journal of Environmental Research and Public Health,10.3390/ijerph22071082,9/11 health effects; disaster response; epidemiology; mental health; program evaluation; public health intervention; public health monitoring; respiratory disease; surveillance
"Addiction Consult Services, Mortality, and Acute Care Utilization in Inpatients With Opioid Use Disorder: A Secondary Analysis of a Cluster Randomized Clinical Trial","Rostam-Abadi Y, Wang S, King C, Kalyanaraman Marcello R, Van Wye G, Tuazon E, Kennedy J, Cooke C, Mazumdar M, Tarpey T, Billings J, Appleton N, Fernando J, Fawole A, Siddiqui S, Barron C, Schatz D, McNeely J",2025,2025 Aug 1,https://pubmed.ncbi.nlm.nih.gov/40768148/,JAMA Network Open,10.1001/jamanetworkopen.2025.25222,addiction; behavioral health; epidemiology; harm reduction; healthcare delivery; healthcare quality; healthcare utilization; hospital care; infectious disease; mortality; opioid epidemic; outbreak investigation; overdose prevention; substance use; vital statistics
Expanding buprenorphine prescribing in primary care: a qualitative study of the experiences of primary care providers and nurse care managers participating in the New York City buprenorphine nurse care manager initiative,"Warren EC, Beharie N, Kaplan-Dobbs M, Tesfaye Rogoza A, Harocopos A",2025,2025 Aug 5,https://pubmed.ncbi.nlm.nih.gov/40764932/,Harm Reduction Journal,10.1186/s12954-025-01271-3,HIV prevention; access to care; epidemiology; harm reduction; healthcare delivery; preventive care; primary care; substance use
Does prioritization of COVID vaccine distribution to communities with the highest COVID burden reduce health inequity?,"Kim HY, Bershteyn A, Russo R, Mcgillen J, Sisti J, Ko C, Shaff J, Newton-Dame R, Braithwaite RS",2025,2025 Jul 19,https://pubmed.ncbi.nlm.nih.gov/40763457/,Journal of Infection and Public Health,10.1016/j.jiph.2025.102904,COVID-19; immunization; infectious disease; pandemic; preventive care; respiratory infection; vaccination
Bacterial infections risk scale for injection drug use: A brief screener to identify skin and soft tissue infection risk for people who inject drugs,"Dominguez Gomez L, Jordan AE, Zaidi I, Helmy H, Harocopos A",2025,2025 Jul 31,https://pubmed.ncbi.nlm.nih.gov/40752832/,Journal of Substance Use & Addiction Treatment,10.1016/j.josat.2025.209767,addiction; behavioral health; substance use
Acceptability and Barriers to Chronic Pain Treatment in Refugee Torture Survivors,"Virk SK, Tham S, Hatef C, Oren T, Berger L, Tucker A, Milewski AR, de Melo-Martin I, Kaur G",2025,2025 Aug 1,https://pubmed.ncbi.nlm.nih.gov/40875228/,JAMA Network Open,10.1001/jamanetworkopen.2025.29775,access to care; health equity; immigrant health
"Mpox among people reporting being unhoused or engaging in transactional sex within a multijurisdictional case-control study of sexually and gender minoritized individuals - United States, August 2022-March 2024","Sherman JP, Morris AL, Niccolai LM, Ruff A, Schneider D, Sutton M, Hawkins S, Pathela P, Betancourt GS, Rothrock G, Nadle J, Rowlands JV, Felsen CB, Britton A, Farley MM, Duval LM, Kamis KF, Still WL, Morrow AS, Waddell CJ",2025,2025 Aug 15,https://pubmed.ncbi.nlm.nih.gov/40857851/,Social Science & Medicine,10.1016/j.socscimed.2025.118497,aging; data quality; elderly health; epidemiology; geriatrics; public health infrastructure; surveillance
"Epidemiological, temporal, and geographic trends of leptospirosis in the United States, 2014-2020","Atherstone C, Galloway R, Schafer I, Artus A, Rodriguez MM, Ryff K, Rivera AM, Slavinski S, Paladini M, Kemble SK, Berreman JM, Kallas G, Traxler R, Kharod G, Guerra M, Stoddard RA, Moore H, Bower WA, Negron ME, DeBord K",2025,2025 Aug 22,https://pubmed.ncbi.nlm.nih.gov/40845049/,PLOS Neglected Tropical Diseases,10.1371/journal.pntd.0013427,
"Mpox Among Pregnant Women and Their Infants in the U.S. Outbreak, 2022-2023","Roth NM, Hutcherson HM, Davis KM, Nguyen K, Oh H, Newton SM, Neelam V, Olsen EO, Merriweather A, Willabus T, Halai UA, Lee G, Chou J, Ricketts E, Aveni K, Shinall A, Sokale A, Tori M, Devasia R, McCollum AM, Shelus V, Yu PA, Yu Y, Tong VT, Fountain A, Meaney-Delman D",2025,2025 Sep 12,https://pubmed.ncbi.nlm.nih.gov/40934520/,Obstetrics & Gynecology,10.1097/AOG.0000000000006072,child health; epidemiology; infant health; infectious disease; outbreak investigation; pediatric health
"Corrigendum to ""The prevalence of fentanyl in New York City's unregulated drug supply as measured through drug checking offered at syringe service programs""","Estrada Y, Sauer J, Dominguez L, Zaidi I, Trinidad AJ, Helmy H, Harocopos A",2025,2025 Sep 9,https://pubmed.ncbi.nlm.nih.gov/40930911/,Drug and Alcohol Dependence,10.1016/j.drugalcdep.2025.112847,HIV prevention; alcohol use; behavioral health; epidemiology; harm reduction; substance use
Phase 2C clinical trial of novel short-course regimens for the treatment of pulmonary tuberculosis: TBTC study 38/CRUSH-TB design,"Kurbatova EV, Dooley KE, Carr W, Stout JE, Nuermberger EL, Phillips PPJ, Scott NA, Upton CM, Ignatius E, Haas M, Walter ND, Traxler RM, Brown NE, Boyd R, Bryant KE, Dixon MG, Savic R, Eichberg C, Hesseling A, Bark C, Benator DA, Muzanyi G, Twycross NS, Fox GJ, Pierre S, Burzynski J, Fitzgerald DW",2025,2025 Sep 5,https://pubmed.ncbi.nlm.nih.gov/40915316/,Contemporary Clinical Trials,10.1016/j.cct.2025.108075,epidemiology; healthcare delivery; infectious disease; respiratory infection; tuberculosis
Improved classroom and child outcomes through mental health consultation in New York City subsidized early care and education programs,"Kadik FZ, Eng E, Pappas K, Berger S",2025,2024 Jan 25,https://pubmed.ncbi.nlm.nih.gov/38272851/,Infant Mental Health Journal,10.1002/imhj.22026,behavior change; behavioral health; child health; health communication; health education; infant health; mental health; pediatric health
"Sliding down the socioeconomic health gradient of COVID-19 in New York City: multinomial regression analyses of disproportionate financial hardship for Black, Latino, and Asian residents and households with children","Jimenez R, Dorvil S, Pierre J, Nieves C, Shiman LJ, Shaheen T, Dannefer R, Maulana S, Norvila N",2025,2025 Sep 2,https://pubmed.ncbi.nlm.nih.gov/40963661/,Frontiers in Public Health,10.3389/fpubh.2025.1603629,COVID-19; child health; health equity; infectious disease; pandemic; pediatric health; poverty; respiratory infection; social determinants
"Pediatric Influenza-Associated Encephalopathy and Acute Necrotizing Encephalopathy - United States, 2024-25 Influenza Season","Fazal A, Harker EJ, Neelam V, Olson SM, Rolfes MA, Reinhart K, et al.",2025,2025 Sep 25,https://pubmed.ncbi.nlm.nih.gov/40996921/,MMWR Morbidity and Mortality Weekly Report,10.15585/mmwr.mm7436a1,child health; disease burden; epidemiology; infectious disease; influenza; morbidity; mortality; pediatric health; respiratory infection; vaccination; vital statistics
The Effectiveness of Isoniazid Preventive Treatment among Contacts of Multidrug-Resistant Tuberculosis: A Systematic Review and Individual-Participant Meta-Analysis,"Martinez L, Campbell JI, Linde L, Boulahbal F, Cayla JA, Chakhaia T, Chan PC, Chen C, Fang CT, Fox G, Grandjean L, Hannoun D, Hesseling A, Horsburgh CR, Huang LM, Liu Q, Mazahir R, Lee CH, Lee LN, Bennet R, Nejat S, Gupta A, Das M, Murray M, Huang CC, Del Corral H, Benjumea-Bedoya D, Shen Y, Becerra M, Chang V, Krishnan S, Heinmueller P, Brewer T, Isaakidis P, Hauri AM, Shah L, Trieu L, Seddon JA",2025,2025 Sep 23,https://pubmed.ncbi.nlm.nih.gov/40986702/,American Journal of Respiratory and Critical Care Medicine,10.1164/rccm.202411-2340OC,chronic disease; infectious disease; pulmonary health; respiratory disease; respiratory infection; tuberculosis
Clinical Outcomes of Mpox Disease in Patients Treated with Tecovirimat,"Leocadio C, Garcia E, Lash M, Berardi J, Chan J, Chasan R, Esquivel B, Foote M, Glesby MJ, Guerra A, Harris AB, Knutsen D, Mannheimer S, Mazo D, McLean J, McPherson T, Meyerowitz E, Mgbako O, Patel G, Pagán Pirallo PM, Radix AE, Riska P, Sayegh M, Seifu L, Shaw R, Zingman B, Zomorodi R, Zucker J, Wong M",2025,2025 Sep 19,https://pubmed.ncbi.nlm.nih.gov/40974008/,Clinical Infectious Diseases,10.1093/cid/ciaf520,healthcare delivery
(Un)masking TB,"Burzynski JN, Schluger NW",2025,2025 Sep 27,https://pubmed.ncbi.nlm.nih.gov/41014593/,Clinical Infectious Diseases,10.1093/cid/ciaf528,healthcare delivery; infectious disease; respiratory infection; tuberculosis
The association of Gastro-esophageal reflux disease and self-reported myocardial-infarction among World Trade Center disaster exposed persons,"Brackbill R, Ahmadi A, Alper H, Li J, Yu S",2025,2025 Sep 6,https://pubmed.ncbi.nlm.nih.gov/41050855/,Preventive Medicine Reports,10.1016/j.pmedr.2025.103232,9/11 health effects; disaster response; mental health; respiratory disease
"Opioid Overdose Mortality Among Patients Receiving a Peer-Delivered, Emergency Department-Based Nonfatal Opioid Overdose Intervention in New York City, 2017-2022","Kepler KL, Welch AE, Tuazon E, Chambless D, Kennedy J, Jeffers A",2025,2025 Oct 16,https://pubmed.ncbi.nlm.nih.gov/41100804/,American Journal of Public Health,10.2105/AJPH.2025.308270,access to care; emergency care; harm reduction; healthcare utilization; mortality; opioid epidemic; overdose prevention; program evaluation; public health intervention; substance use; vital statistics
"Longitudinal trajectories of binge and heavy drinking pattern among World Trade Center Health Registry enrollees, 2006-2021: A dual trajectory modeling approach","Dhanya AS, Welch AE, Alper HE, Locke S, Brackbill RM",2025,2025 Oct 8,https://pubmed.ncbi.nlm.nih.gov/41076968/,Drug and Alcohol Dependence,10.1016/j.drugalcdep.2025.112912,9/11 health effects; alcohol use; behavioral health; disaster response; epidemiology; mental health; public health monitoring; respiratory disease; substance use; surveillance
"Carbapenem-Resistant Organisms in Companion Animals in New York City, 2019-2022","Habrun CA, Greendyke WG, Szlosek D, Plum A, Kratz MM, Mantell E, Alroy KA",2025,2025 Oct 8,https://pubmed.ncbi.nlm.nih.gov/41113325/,Open Forum Infectious Diseases,10.1093/ofid/ofaf613,
"Probable posttraumatic stress disorder related to the September 11, 2001, terrorist attacks and self-inflicted injury-related hospitalizations and emergency department visits","Locke S, Sisti J, Takemoto E, Seil K, Pollari C, Cone JE, Li J",2025,2025 Oct 28,https://pubmed.ncbi.nlm.nih.gov/41157825/,Journal of Traumatic Stress,10.1002/jts.70023,9/11 health effects; PTSD; access to care; disaster response; emergency care; healthcare quality; healthcare utilization; hospital care; injury prevention; mental health; public health; respiratory disease; trauma
"Adverse childhood experiences, exposure to the World Trade Center attacks, and chronic symptoms of depression, PTSD, and unhealthy drinking","Parcesepe AM, Sanborn J, Sisti JS, Metzler J",2025,2025 Nov 11,https://pubmed.ncbi.nlm.nih.gov/41232690/,Journal of Affective Disorders,10.1016/j.jad.2025.120671,9/11 health effects; PTSD; alcohol use; behavioral health; child health; disaster response; mental health; pediatric health; respiratory disease; substance use; trauma
Community-associated Carbapenem-Resistant Organism Case Investigations in New York City,"Santiago CN, Zimba R, Lin Y, Siemetzki-Kapoor U, Burton N, Devinney K, Balan D, Portier T, Greendyke WG, Kratz MM, Cummings K, Prussing C, Taki F, Akther S, Alroy KA",2025,2025 Oct 8,https://pubmed.ncbi.nlm.nih.gov/41221019/,Open Forum Infectious Diseases,10.1093/ofid/ofaf622,infectious disease; sexual health; sexually transmitted infection
The intersection of food insecurity and child health: Implications for policy and practice in the Bronx,"Lee L, Diallo F, Shiman LJ",2025,2025 Nov 20,https://pubmed.ncbi.nlm.nih.gov/41264576/,PLOS One,10.1371/journal.pone.0335355,child health; food security; health policy; nutrition; pediatric health; public health law; regulation; social determinants
Piloting a Point-of-Care Drug-Checking Service at Syringe Service Programs in New York City,"Estrada Y, Helmy HL, Jordan AE, Trinidad AJ, Dominguez Gomez L, Zaidi I, Sauer J, Harocopos A",2025,2025 Nov 19,https://pubmed.ncbi.nlm.nih.gov/41261884/,Substance Use & Addiction Journal,10.1177/29767342251376805,HIV prevention; addiction; behavioral health; harm reduction; substance use
"Characteristics of Inpatient Admission for Mpox Infection Control Isolation at 2 Large New York City Health Systems, 2022-2023","DiLorenzo MA, Lo Piccolo A, Butler DS, Jano K, Oberoi A, Mansuri A, Nauth M, Bratu S, Meissner JS, Foote MMK, Mukherjee V, Postelnicu R, Chan J",2025,2025 Nov 23,https://pubmed.ncbi.nlm.nih.gov/41277010/,Public Health Reports,10.1177/00333549251385983,healthcare quality; healthcare utilization; hospital care; infection control; infectious disease; patient safety; sexual health; sexually transmitted infection
Management of individuals exposed to multidrug-resistant or rifampicin-resistant tuberculosis,"Seddon JA, Achar J, Malik AA, Hughes J, Burzynski J, Chen C, Denholm JT, Dravniece G, Fox GJ, Furin J, Geliukh E, Goncharova O, Guglielmetti L, Harries AD, Hesseling AC, Nguyen BH, Kavenga F, Khan U, Kherabi Y, Kiria N, Kock Y, Liu Q, Mesic A, Moore DAJ, Mubanga A, Naidoo L, Nilsen D, Piubello A, Reuter A, Rich ML, Satyanarayana S, Schaaf HS, Schoeman I, Skrahina A, Udwadia Z, Khan PY, Esmail H, Martinez L",2025,2025 Jun 6,https://pubmed.ncbi.nlm.nih.gov/41036784/,The Lancet Infectious Diseases,10.1016/S1473-3099(25)00157-4,infectious disease; respiratory infection; tuberculosis
Impact of a Revised Ryan White Part A HIV Care Coordination Program on Viral Suppression and Durable Viral Suppression,"Avoundjian T, Robertson MM, Abdelqader F, Braunstein SL, Nash D, Irvine MK",2025,2025 Dec,https://pubmed.ncbi.nlm.nih.gov/41380170/,Journal of Acquired Immune Deficiency Syndromes,10.1097/QAI.0000000000003768,HIV/AIDS; infectious disease; sexually transmitted infection
New Yorkers Speak Up: Community Perspectives on Improving Healthcare Experiences in New York City,"Srinivasulu S, Romero D, Goldman D, Weckesser S, Gallego A, Jackson J, Ayedun A, Clippinger E, Myers G, Friedman R, Oghenejobo E, Maru D, Morse M",2025,2025 Dec 9,https://pubmed.ncbi.nlm.nih.gov/41364414/,Journal of Urban Health,10.1007/s11524-025-01036-0,
"A descriptive study of drug overdose epidemics, overdose prevention efforts, and opioid settlement fund distribution across six states","Li Z, Chiddawar TV, Shaw LC, Dennis A, Lieberman A, Kingsepp A, Trinidad AJ, Tuazon E, Welch AE, Chatterjee A, Schackman BR, Enns EA, Walley AY, Green TC, Wagner KD, Winograd RP, Behrends CN, Crable EL, Marshall BDL, Zang X",2025,2025 Dec 5,https://pubmed.ncbi.nlm.nih.gov/41351927/,International Journal of Drug Policy,10.1016/j.drugpo.2025.105100,epidemiology; harm reduction; health policy; infectious disease; opioid epidemic; outbreak investigation; overdose prevention; public health law; regulation; substance use
"Breaking with traditions: Who are the women with attitudes, norms and behaviors that support ending female genital mutilation in Burkina Faso?","Speizer IS, Gummerson E, Bazie F, Byrne ME, Onadja Y, Anglewicz P, Guiella G",2025,2025 Dec 12,https://pubmed.ncbi.nlm.nih.gov/41385582/,PLOS Global Public Health,10.1371/journal.pgph.0005621,
Relationship between patient-rated cleanliness and Clostridioides difficile standardized infection ratios in U.S. medicare-certified hospitals,"Rocca AG, Greendyke WG, Furuya EY, Freedberg DE",2025,2025 Dec 12,https://pubmed.ncbi.nlm.nih.gov/41382990/,Infection Control & Hospital Epidemiology,10.1017/ice.2025.10336,access to care; health insurance; health policy; healthcare quality; healthcare utilization; hospital care; infection control; patient safety
Integrating Hepatitis C Virus Services for People Who Use Drugs into Inpatient Substance Use Disorder Treatment Programs Via Telehealth,"Riazi F, Green C, Smalls S, Hunter A, Diaz Munoz D, Fuseau I, Giardina M, Herrera J, Idlett R, Khatun U, Kutscher E, Weiss JJ",2025,2025 Dec 22,https://pubmed.ncbi.nlm.nih.gov/41449496/,Telemedicine and e-Health,10.1177/15305627251406807,access to care; addiction; behavioral health; healthcare delivery; healthcare quality; healthcare utilization; hepatitis; hospital care; infectious disease; liver disease; substance use; telemedicine
"Longitudinal study of smoking cessation among World Trade Center Health Registry enrollees, 2003-2021","Sirbu L, Sisti JS, Cone JE",2025,2025 Dec 17,https://pubmed.ncbi.nlm.nih.gov/41442976/,Drug and Alcohol Dependence,10.1016/j.drugalcdep.2025.113010,9/11 health effects; alcohol use; behavioral health; disaster response; epidemiology; mental health; preventive care; public health monitoring; respiratory disease; smoking cessation; substance use; surveillance; tobacco use
"Repeat gonorrhea diagnosis rates and associated characteristics, STI Surveillance Network, 2016 - 2022","Schumacher CM, Fernando R, Rampe T, Klingler EJ, Nguyen TQ, Amiya RM",2025,2025 Dec 24,https://pubmed.ncbi.nlm.nih.gov/41439759/,Sexually Transmitted Diseases,10.1097/OLQ.0000000000002289,epidemiology; infectious disease; public health monitoring; sexual health; sexually transmitted infection; surveillance
"Case Report and Epidemiological Investigation of Healthcare-associated Plasmodium falciparum Malaria Transmission in Westchester County, New York-2023","White JL, Southwick K, Madison-Antenucci S, Piedmonte NP, Gayen S, Clemons B, Quinn M, Barrett K, Backenson PB, Antwi M, Slavinski S, Lee E, Huang A, Smith K, Guzzardi E, Hunter JC, McKinney KL, Mace KE, Ridpath AD, Williams S, Barratt JLN, Jacobson D, Pierre-Louis E, Bajic M, Kelley J, McElroy PD, Raphael BH, Bulbin A",2025,2025 Dec 10,https://pubmed.ncbi.nlm.nih.gov/41439185/,Open Forum Infectious Diseases,10.1093/ofid/ofaf740,healthcare quality; infection control; infectious disease; patient safety; sexual health; sexually transmitted infection
Public reporting guidelines for outbreak data: Enabling accountability for effective outbreak response by developing standards for transparency and uniformity,"Grégoire V, Zhu AW, Brown CM, Brownstein JS, Cardo D, Cumming F, Danila R, Donnelly CA, Duchin JS, Fill MA, Fullerton K, Funk S, George D, Hopkins S, Kraemer MUG, Layton M, Lessler J, Lynfield R, McCaw JM, McPherson TD, Moore Z, Morgan O, Riley S, Rosenfeld R, Samoff E, Schaffner W, Shaffner J, Sturm R, Terashita D, Walke H, Washington RE, Rivers CM",2025,2025 Dec 19,https://pubmed.ncbi.nlm.nih.gov/41420992/,Public Health,10.1016/j.puhe.2025.106102,data quality; epidemiology; infectious disease; outbreak investigation; public health infrastructure; surveillance
Public health surveillance and outbreak preparedness for mpox,"Pathela P, Nagao K, Braunstein S",2025,2025 Dec 30,https://pubmed.ncbi.nlm.nih.gov/41461023/,Current Opinion in HIV and AIDS,10.1097/COH.0000000000001005,HIV/AIDS; epidemiology; infectious disease; outbreak investigation; public health monitoring; sexually transmitted infection; surveillance
Long COVID symptoms and loneliness: findings from the World Trade Center Health Registry,"Sisti JS, Packard SE, Metzler J",2025,2025 Dec 28,https://pubmed.ncbi.nlm.nih.gov/41455934/,BMC Public Health,10.1186/s12889-025-26006-8,9/11 health effects; COVID-19; disaster response; epidemiology; infectious disease; mental health; pandemic; public health monitoring; respiratory disease; respiratory infection; surveillance
Public health surveillance and outbreak preparedness for mpox,"Pathela P, Nagao K, Braunstein S",2026,2026 Jan 9,https://pubmed.ncbi.nlm.nih.gov/41461023/,Current Opinion in HIV and AIDS,10.1097/COH.0000000000001005,HIV/AIDS; epidemiology; infectious disease; outbreak investigation; public health monitoring; sexually transmitted infection; surveillance
Long COVID symptoms and loneliness: findings from the World Trade Center Health Registry,"Sisti JS, Packard SE, Metzler J",2026,2025 Dec 28,https://pubmed.ncbi.nlm.nih.gov/41455934/,BMC Public Health,10.1186/s12889-025-26006-8,9/11 health effects; COVID-19; disaster response; epidemiology; infectious disease; mental health; pandemic; public health monitoring; respiratory disease; respiratory infection; surveillance
Embedding Racial Equity in a Health Access Campaign in New York City: The Importance of Tailored Engagement,"Hyland J, Cohodes M, Glenn L, De Leon S, Shakya S, Herrera E",2026,2026 Jan 15,https://pubmed.ncbi.nlm.nih.gov/41538401/,Journal of Public Health Management and Practice,10.1097/PHH.0000000000002320,health disparities; health equity; social determinants
From law enforcement to public safety: Police officer experiences of naloxone administration to reverse opioid overdose in New York City,"Allen B, Harocopos A",2026,2026 Jan 15,https://pubmed.ncbi.nlm.nih.gov/41538396/,PLOS ONE,10.1371/journal.pone.0341062,harm reduction; opioid epidemic; overdose prevention; substance use
"Longitudinal study of smoking cessation among World Trade Center Health Registry enrollees, 2003-2021","Sirbu L, Sisti JS, Cone JE",2026,2026 Jan 1,https://pubmed.ncbi.nlm.nih.gov/41442976/,Drug and Alcohol Dependence,10.1016/j.drugalcdep.2025.113010,9/11 health effects; alcohol use; behavioral health; disaster response; epidemiology; mental health; preventive care; public health monitoring; respiratory disease; smoking cessation; substance use; surveillance; tobacco use
"A descriptive study of drug overdose epidemics, overdose prevention efforts, and opioid settlement fund distribution across six states","Li Z, Chiddawar TV, Shaw LC, Dennis A, Lieberman A, Kingsepp A, Trinidad AJ, Tuazon E, Welch AE, Chatterjee A, Schackman BR, Enns EA, Walley AY, Green TC, Wagner KD, Winograd RP, Behrends CN, Crable EL, Marshall BDL, Zang X",2026,2026 Jan,https://pubmed.ncbi.nlm.nih.gov/41351927/,International Journal of Drug Policy,10.1016/j.drugpo.2025.105100,epidemiology; harm reduction; health policy; infectious disease; opioid epidemic; outbreak investigation; overdose prevention; public health law; regulation; substance use
"Improvement and disparities in sustained viral suppression among people with HIV in New York City, 2014-2023","Salim MS, Manandhar-Sasaki P, Bertolino D, Torian LV, Xia Q",2026,2026 Jan 22,https://pubmed.ncbi.nlm.nih.gov/41569263/,AIDS Care,10.1080/09540121.2025.2600648,HIV/AIDS; health disparities; health equity; infectious disease; sexually transmitted infection; social determinants
"Serious psychological distress, unmet mental health treatment needs, and help-seeking among Asian American adults in New York City: A population-based study","Vu TT, Lian Z, Ngo VK, Suss R, Caton JA, Norman C",2026,2026 Jan 3,https://pubmed.ncbi.nlm.nih.gov/41539059/,Social Science & Medicine,10.1016/j.socscimed.2026.118931,behavioral health; epidemiology; mental health
Considerations of HIV PrEP Among Heterosexually Active Women and Men: Results from a Qualitative Study in New York City,"Meunier É, Ávila A, Kobrak P",2026,2026 Jan 29,https://pubmed.ncbi.nlm.nih.gov/41611990/,Archives of Sexual Behavior,10.1007/s10508-025-03303-2,HIV/AIDS; epidemiology; infectious disease; sexually transmitted infection
Public reporting guidelines for outbreak data: Enabling accountability for effective outbreak response by developing standards for transparency and uniformity,"Grégoire V, Zhu AW, Brown CM, Brownstein JS, Cardo D, Cumming F, Danila R, Donnelly CA, Duchin JS, Fill MA, Fullerton K, Funk S, George D, Hopkins S, Kraemer MUG, Layton M, Lessler J, Lynfield R, McCaw JM, McPherson TD, Moore Z, Morgan O, Riley S, Rosenfeld R, Samoff E, Schaffner W, Shaffner J, Sturm R, Terashita D, Walke H, Washington RE, Rivers CM",2026,2025 Dec 19,https://pubmed.ncbi.nlm.nih.gov/41420992/,Public Health,10.1016/j.puhe.2025.106102,data quality; epidemiology; infectious disease; outbreak investigation; public health infrastructure; surveillance
The Critical Role of Community-Based National HIV Behavioral Surveillance in the United States' Response to HIV,"Glick SN, Al-Tayyib A, Wilson EC, McFarland W, Lipira L, Kuo I, German D, Leonard C, Mgbere O, Rivera AV, Sey EK, Wermuth PP",2026,2026 Feb 3,https://pubmed.ncbi.nlm.nih.gov/41632368/,AIDS and Behavior,10.1007/s10461-025-05027-9,HIV/AIDS; epidemiology; infectious disease; public health monitoring; sexually transmitted infection; surveillance
Effect of World Trade Center Health Program on mortality among 9/11 responders,"Parvin A, Kehm RD, Qiao B, Cone JE, Farfel MR, Zeig-Owens R, Goldfarb DG, Shapiro MZ, Todd AC, Insaf T, Hall CB, Boffetta P, Li J",2026,2026 Jan 29,https://pubmed.ncbi.nlm.nih.gov/41619826/,Annals of Epidemiology,10.1016/j.annepidem.2026.01.014,9/11 health effects; disaster response; mental health; mortality; respiratory disease; vital statistics
Measurement and Correlates of Peer Social Support During Brief Psychiatric Treatment: The Fellow Travelers in Treatment Scale,"Peckham AD, Winer JP, Dattolico DB, Björgvinsson T, Beard C",2026,2026 Jan 30,https://pubmed.ncbi.nlm.nih.gov/41618638/,Journal of Clinical Psychology,10.1002/jclp.70086,behavioral health; healthcare delivery; mental health
Purchases of toddler formula in the United States: 17 years of household demographics and spending,"Kaidbey JH, Kuttamperoor JT, Sharkey A, Dowling E, Conigliaro T, Sylvetsky AC",2026,2026 Feb 11,https://pubmed.ncbi.nlm.nih.gov/41668330/,Public Health Nutrition,10.1017/S1368980026102055,chronic disease prevention; nutrition; public health
Early Intervention Developmental Programming and Childhood Academic Outcomes,"Stingone JA, McVeigh KH, Lednyak L",2026,2026 Feb 2,https://pubmed.ncbi.nlm.nih.gov/41661596/,JAMA Network Open,10.1001/jamanetworkopen.2025.55890,child health; pediatric health; program evaluation; public health intervention
"New York City Neighborhood Wellness Survey: an expansive population-level behavioral health assessment of New York City residents, 2023","Tuazon E, Millington M, Balasubramanian S, Harocopos A, Norman C, Fleary S",2026,2026 Feb 6,https://pubmed.ncbi.nlm.nih.gov/41652385/,BMC Public Health,10.1186/s12889-026-26457-7,epidemiology
Peer Navigator Intervention and Opioid-Related Adverse Events for Emergency Department Patients: A Randomized Clinical Trial,"Doran KM, Welch AE, Kepler KL, Jeffers A, Chambless D, Cowan E, Wittman I, Regina A, Siu K, Bailey VS, Rostam-Abadi Y, Kennedy J, Kunins HV, Gwadz M, Shelley D, Cleland CM, McNeely J",2026,2026 Feb 2,https://pubmed.ncbi.nlm.nih.gov/41649817/,JAMA Network Open,10.1001/jamanetworkopen.2025.55903,access to care; emergency care; harm reduction; healthcare delivery; healthcare utilization; opioid epidemic; overdose prevention; program evaluation; public health intervention; substance use
Childhood Sleep Duration and Academic Achievement: Effect Modification of Sociodemographic and Environmental Factors,"Cheon YM, Lorenzo KB, Deng WQ, Seligson AL, Yip T",2026,2026 Mar,https://pubmed.ncbi.nlm.nih.gov/41649417/,"Child: Care, Health and Development",10.1111/cch.70243,child health; pediatric health
Synonymous substitution rate slowdown preceding the emergence of SARS-CoV-2 variants and during persistent infections,"Havens JL, Gangavarapu K, Wang JC, Taki F, Luoma E, Pekar JE, Amin H, Lonardo SD, Omoregie E, Hughes S, Andersen KG, Vasylyeva TI, Suchard MA, Wertheim JO",2026,2026 Jan 28,https://pubmed.ncbi.nlm.nih.gov/41646655/,medRxiv [Preprint],10.64898/2026.01.26.26344861,COVID-19; infectious disease; pandemic; respiratory infection; sexual health; sexually transmitted infection
"Probable posttraumatic stress disorder related to the September 11, 2001, terrorist attacks and self-inflicted injury-related hospitalizations and emergency department visits","Locke S, Sisti J, Takemoto E, Seil K, Pollari C, Cone JE, Li J",2026,2025 Oct 28,https://pubmed.ncbi.nlm.nih.gov/41157825/,Journal of Traumatic Stress,10.1002/jts.70023,9/11 health effects; PTSD; access to care; disaster response; emergency care; healthcare quality; healthcare utilization; hospital care; injury prevention; mental health; public health; respiratory disease; trauma
"""I Didn't Know Him Before the Pandemic... Now He's on My Speed Dial"": Strengthening Collaboration Between Infectious Diseases Physicians and State and Local Public Health for Future Public Health Emergencies","Valencia D, Edwards L, Horter L, Turner H, Kaur M, Vaidya M, Johnson T, Briggs E, Wollins D, Phua S, Chen AY, Felt-Lisk S, Werbel WA, Kim AI, Lim S, Lynch JB, Foote MMK, Wiley Z, Vaishampayan J, Patel P, Santibañez S",2026,2026 Feb 9,https://pubmed.ncbi.nlm.nih.gov/40358245/,Clinical Infectious Diseases,10.1093/cid/ciaf179,healthcare delivery
"Characteristics of Inpatient Admission for Mpox Infection Control Isolation at 2 Large New York City Health Systems, 2022-2023","DiLorenzo MA, Lo Piccolo A, Butler DS, Jano K, Oberoi A, Mansuri A, Nauth M, Bratu S, Meissner JS, Foote MMK, Mukherjee V, Postelnicu R, Chan J",2026,2025 Nov 23,https://pubmed.ncbi.nlm.nih.gov/41277010/,Public Health Reports,10.1177/00333549251385983,healthcare quality; healthcare utilization; hospital care; infection control; infectious disease; patient safety; sexual health; sexually transmitted infection
"Mpox Among Pregnant Women and Their Infants in the U.S. Outbreak, 2022-2023","Roth NM, Hutcherson HM, Davis KM, Nguyen K, Oh H, Newton SM, Neelam V, Olsen EO, Merriweather A, Willabus T, Halai UA, Lee G, Chou J, Ricketts E, Aveni K, Shinall A, Sokale A, Tori M, Devasia R, McCollum AM, Shelus V, Yu PA, Yu Y, Tong VT, Fountain A, Meaney-Delman D",2026,2025 Sep 12,https://pubmed.ncbi.nlm.nih.gov/40934520/,Obstetrics & Gynecology,10.1097/AOG.0000000000006072,child health; epidemiology; infant health; infectious disease; outbreak investigation; pediatric health