PMID,Title,Authors,Year,Date,Link,Journal,DOI,Keywords,PMID
20798146,Having a primary care provider and receipt of recommended preventive care among men in New York City.,Jasek JP,2011,2011-05-01,https://pubmed.ncbi.nlm.nih.gov/20798146/,American journal of men's health,10.1177/1557988310375606,N/A,
20558790,Unprotected anal intercourse and sexually transmitted diseases in high-risk heterosexual women.,Jenness SM; Begier EM; Neaigus A; Murrill CS; Wendel T; Hagan H,2011,2011-04-01,https://pubmed.ncbi.nlm.nih.gov/20558790/,American journal of public health,10.2105/AJPH.2009.181883,N/A,
21190987,"Long-term posttraumatic stress symptoms among 3,271 civilian survivors of the September 11, 2001, terrorist attacks on the World Trade Center.",DiGrande L; Neria Y; Brackbill RM; Pulliam P; Galea S,2011,2011-02-01,https://pubmed.ncbi.nlm.nih.gov/21190987/,American journal of epidemiology,10.1093/aje/kwq372,N/A,
20923743,Population-based inorganic mercury biomonitoring and the identification of skin care products as a source of exposure in New York City.,McKelvey W; Jeffery N; Clark N; Kass D; Parsons PJ,2011,2011-02-01,https://pubmed.ncbi.nlm.nih.gov/20923743/,Environmental health perspectives,10.1289/ehp.1002396,N/A,
21144252,Congenital tuberculosis and management of exposure in three neonatal intensive care units.,Winters A; Agerton TB; Driver CR; Trieu L; O'Flaherty T; Munsiff SS,2010,2010-12-01,https://pubmed.ncbi.nlm.nih.gov/21144252/,The international journal of tuberculosis and lung disease : the official journal of the International Union against Tuberculosis and Lung Disease,N/A,N/A,
21144248,Achieving international targets for tuberculosis treatment success among HIV-positive patients in New York City.,King L; Munsiff SS; Ahuja SD,2010,2010-12-01,https://pubmed.ncbi.nlm.nih.gov/21144248/,The international journal of tuberculosis and lung disease : the official journal of the International Union against Tuberculosis and Lung Disease,N/A,N/A,
21144247,Hospitalizations for tuberculosis in New York City: how many could be avoided?,Thomas JA; Laraque F; Munsiff S; Piatek A; Harris TG,2010,2010-12-01,https://pubmed.ncbi.nlm.nih.gov/21144247/,The international journal of tuberculosis and lung disease : the official journal of the International Union against Tuberculosis and Lung Disease,N/A,N/A,
21039219,"HIV type 2 in New York City, 2000-2008.",Torian LV; Eavey JJ; Punsalang AP; Pirillo RE; Forgione LA; Kent SA; Oleszko WR,2010,2010-12-01,https://pubmed.ncbi.nlm.nih.gov/21039219/,Clinical infectious diseases : an official publication of the Infectious Diseases Society of America,10.1086/657117,N/A,
20966367,Consumer awareness of fast-food calorie information in New York City after implementation of a menu labeling regulation.,Dumanovsky T; Huang CY; Bassett MT; Silver LD,2010,2010-12-01,https://pubmed.ncbi.nlm.nih.gov/20966367/,American journal of public health,10.2105/AJPH.2010.191908,N/A,
20665100,Reconsidering the internet as an HIV/STD risk for men who have sex with men.,Jenness SM; Neaigus A; Hagan H; Wendel T; Gelpi-Acosta C; Murrill CS,2010,2010-12-01,https://pubmed.ncbi.nlm.nih.gov/20665100/,AIDS and behavior,10.1007/s10461-010-9769-x,N/A,
20585274,Comparing HIV partner notification effectiveness between blacks and Hispanics in New York City.,Bocour A; Udeagu CC; Renaud TC; Hadler JL; Begier EM,2010,2010-12-01,https://pubmed.ncbi.nlm.nih.gov/20585274/,Sexually transmitted diseases,10.1097/OLQ.0b013e3181e7107f,N/A,
18985452,Prevalence of tuberculin skin test positivity in clinical population in New York City.,Li J; Munsiff SS; Agerton TB,2010,2010-12-01,https://pubmed.ncbi.nlm.nih.gov/18985452/,Journal of immigrant and minority health,10.1007/s10903-008-9204-9,N/A,
20974791,"Sexual behaviors and sexual violence: adolescents with opposite-, same-, or both-sex partners.",Pathela P; Schillinger JA,2010,2010-11-01,https://pubmed.ncbi.nlm.nih.gov/20974791/,Pediatrics,10.1542/peds.2010-0396,N/A,
20942698,Making breastfeeding the norm in New York City.,Kaplan DL,2010,2010-10-01,https://pubmed.ncbi.nlm.nih.gov/20942698/,Breastfeeding medicine : the official journal of the Academy of Breastfeeding Medicine,10.1089/bfm.2010.0042,N/A,
20881145,Jail-based providers' perceptions of challenges to routine HIV testing in New York City jails.,Sabharwal CJ; Muse KH; Alper H; Begier E; McNeill M; Galeta G; Huang K; Franklin W; Parvez F,2010,2010-10-01,https://pubmed.ncbi.nlm.nih.gov/20881145/,Journal of correctional health care : the official journal of the National Commission on Correctional Health Care,10.1177/1078345810378842,N/A,
20691969,Mercury and polychlorinated biphenyls in Asian market fish: a response to results from mercury biomonitoring in New York City.,McKelvey W; Chang M; Arnason J; Jeffery N; Kricheff J; Kass D,2010,2010-10-01,https://pubmed.ncbi.nlm.nih.gov/20691969/,Environmental research,10.1016/j.envres.2010.07.002,N/A,
20825336,Public compliance with mass prophylaxis guidance.,Rinchiuso-Hasselmann A; Starr DT; McKay RL; Medina E; Raphael M,2010,2010-09-01,https://pubmed.ncbi.nlm.nih.gov/20825336/,"Biosecurity and bioterrorism : biodefense strategy, practice, and science",10.1089/bsp.2010.0017,N/A,
19644744,Breastfeeding ambivalence among low-income African American and Puerto Rican women in north and central Brooklyn.,Kaufman L; Deenadayalan S; Karpati A,2010,2010-09-01,https://pubmed.ncbi.nlm.nih.gov/19644744/,Maternal and child health journal,10.1007/s10995-009-0499-5,N/A,
21409295,"'They bring AIDS to us and say we give it to them': Socio-structural context of female sex workers' vulnerability to HIV infection in Ibadan, Nigeria.",Muñoz J; Adedimeji A; Alawode O,2010,2010-08-01,https://pubmed.ncbi.nlm.nih.gov/21409295/,SAHARA J : journal of Social Aspects of HIV/AIDS Research Alliance,10.1080/17290376.2010.9724957,N/A,
20678320,"Pandemic (H1N1) 2009 surveillance for severe illness and response, New York, New York, USA, April-July 2009.",Balter S; Gupta LS; Lim S; Fu J; Perlman SE; New York City 2009 H1N1 Flu Investigation Team,2010,2010-08-01,https://pubmed.ncbi.nlm.nih.gov/20678320/,Emerging infectious diseases,10.3201/eid1608.091847,N/A,
20494236,Deaths preventable in the U.S. by improvements in use of clinical preventive services.,Farley TA; Dalal MA; Mostashari F; Frieden TR,2010,2010-06-01,https://pubmed.ncbi.nlm.nih.gov/20494236/,American journal of preventive medicine,10.1016/j.amepre.2010.02.016,N/A,
20473247,The elephant never forgets; piloting a chlamydia and gonorrhea retesting reminder postcard in an STD clinic setting.,Paneth-Pollak R; Klingler EJ; Blank S; Schillinger JA,2010,2010-06-01,https://pubmed.ncbi.nlm.nih.gov/20473247/,Sexually transmitted diseases,10.1097/OLQ.0b013e3181cab281,N/A,
20438349,"Antimicrobial resistance trends of Shigella serotypes in New York City, 2006-2009.",Wong MR; Reddy V; Hanson H; Johnson KM; Tsoi B; Cokes C; Gallagher L; Lee L; Plentsova A; Dang T; Krueger A; Joyce K; Balter S,2010,2010-06-01,https://pubmed.ncbi.nlm.nih.gov/20438349/,"Microbial drug resistance (Larchmont, N.Y.)",10.1089/mdr.2009.0130,N/A,
20420514,Fatalities associated with the 2009 H1N1 influenza A virus in New York city.,Lee EH; Wu C; Lee EU; Stoute A; Hanson H; Cook HA; Nivin B; Fine AD; Kerker BD; Harper SA; Layton MC; Balter S,2010,2010-06-01,https://pubmed.ncbi.nlm.nih.gov/20420514/,Clinical infectious diseases : an official publication of the Infectious Diseases Society of America,10.1086/652446,N/A,
20415570,"Changing sociodemographic and clinical characteristics of tuberculosis among HIV-infected patients, New York City, 1992-2005.",Harris TG; Li J; Hanna DB; Munsiff SS,2010,2010-06-01,https://pubmed.ncbi.nlm.nih.gov/20415570/,Clinical infectious diseases : an official publication of the Infectious Diseases Society of America,10.1086/652654,N/A,
20395574,"Tuberculosis rates among HIV-infected persons in New York City, 2001-2005.",Trieu L; Li J; Hanna DB; Harris TG,2010,2010-06-01,https://pubmed.ncbi.nlm.nih.gov/20395574/,American journal of public health,10.2105/AJPH.2009.177725,N/A,
20394700,"Prevalence, awareness, treatment, and control of high LDL cholesterol in New York City, 2004.",Upadhyay UD; Waddell EN; Young S; Kerker BD; Berger M; Matte T; Angell SY,2010,2010-05-01,https://pubmed.ncbi.nlm.nih.gov/20394700/,Preventing chronic disease,N/A,N/A,
20394686,"Overreporting of deaths from coronary heart disease in New York City hospitals, 2003.",Agarwal R; Norton JM; Konty K; Zimmerman R; Glover M; Lekiachvili A; McGruder H; Malarcher A; Casper M; Mensah GA; Thorpe L,2010,2010-05-01,https://pubmed.ncbi.nlm.nih.gov/20394686/,Preventing chronic disease,N/A,N/A,
20383750,"Pregnancy risk among black, white, and Hispanic teen girls in New York City public schools.",Waddell EN; Orr MG; Sackoff J; Santelli JS,2010,2010-05-01,https://pubmed.ncbi.nlm.nih.gov/20383750/,Journal of urban health : bulletin of the New York Academy of Medicine,10.1007/s11524-010-9454-4,N/A,
20042868,"Undiagnosed HIV infection among New York City jail entrants, 2006: results of a blinded serosurvey.",Begier EM; Bennani Y; Forgione L; Punsalang A; Hanna DB; Herrera J; Torian L; Gbur M; Sepkowitz KA; Parvez F,2010,2010-05-01,https://pubmed.ncbi.nlm.nih.gov/20042868/,Journal of acquired immune deficiency syndromes (1999),10.1097/QAI.0b013e3181c98fa8,N/A,
20308830,Severity of 2009 pandemic influenza A (H1N1) virus infection in pregnant women.,Creanga AA; Johnson TF; Graitcer SB; Hartman LK; Al-Samarrai T; Schwarz AG; Chu SY; Sackoff JE; Jamieson DJ; Fine AD; Shapiro-Mendoza CK; Jones LE; Uyeki TM; Balter S; Bish CL; Finelli L; Honein MA,2010,2010-04-01,https://pubmed.ncbi.nlm.nih.gov/20308830/,Obstetrics and gynecology,10.1097/AOG.0b013e3181d57947,N/A,
20216478,Provider and client acceptance of a health department enhanced approach to improve HIV partner notification in New York City.,Udeagu CC; Bocour A; Gale I; Begier EM,2010,2010-04-01,https://pubmed.ncbi.nlm.nih.gov/20216478/,Sexually transmitted diseases,10.1097/OLQ.0b013e3181d013e0,N/A,
20150181,"Linezolid use for treatment of multidrug-resistant and extensively drug-resistant tuberculosis, New York City, 2000-06.",Anger HA; Dworkin F; Sharma S; Munsiff SS; Nilsen DM; Ahuja SD,2010,2010-04-01,https://pubmed.ncbi.nlm.nih.gov/20150181/,The Journal of antimicrobial chemotherapy,10.1093/jac/dkq017,N/A,
19656705,Adherence to treatment of latent tuberculosis infection in a clinical population in New York City.,Li J; Munsiff SS; Tarantino T; Dorsinville M,2010,2010-04-01,https://pubmed.ncbi.nlm.nih.gov/19656705/,International journal of infectious diseases : IJID : official publication of the International Society for Infectious Diseases,10.1016/j.ijid.2009.05.007,N/A,
20214485,Heterosexual HIV and sexual partnerships between injection drug users and noninjection drug users.,Jenness SM; Neaigus A; Hagan H; Murrill CS; Wendel T,2010,2010-03-01,https://pubmed.ncbi.nlm.nih.gov/20214485/,AIDS patient care and STDs,10.1089/apc.2009.0227,N/A,
20176305,Media campaign effectiveness in promoting a smoking-cessation program.,Czarnecki KD; Vichinsky LE; Ellis JA; Perl SB,2010,2010-03-01,https://pubmed.ncbi.nlm.nih.gov/20176305/,American journal of preventive medicine,10.1016/j.amepre.2009.11.019,N/A,
20975462,"An outbreak of Klebsiella pneumoniae and Enterobacter aerogenes bacteremia after interventional pain management procedures, New York City, 2008.",Wong MR; Del Rosso P; Heine L; Volpe V; Lee L; Kornblum J; Lin Y; Layton M; Weiss D,2010,2010-01-01,https://pubmed.ncbi.nlm.nih.gov/20975462/,Regional anesthesia and pain medicine,10.1097/AAP.0b013e3181fa1163,N/A,
20695245,The business end of health information technology. Can a fully integrated electronic health record increase provider productivity in a large community practice?,De Leon S; Connelly-Flores A; Mostashari F; Shih SC,2010,2010-01-01,https://pubmed.ncbi.nlm.nih.gov/20695245/,The Journal of medical practice management : MPM,N/A,N/A,
20689383,The impact of monitoring tuberculosis reporting delays in New York City.,Silin M; Laraque F; Munsiff SS; Crossa A; Harris TG,2010,2010-01-01,https://pubmed.ncbi.nlm.nih.gov/20689383/,Journal of public health management and practice : JPHMP,10.1097/PHH.0b013e3181c87ae5,N/A,
20357604,Public health and environmental response to the first case of naturally acquired inhalational anthrax in the United States in 30 years: infection of a new york city resident who worked with dried animal hides.,Nguyen TQ; Clark N; 2006 NYC Anthrax Working Group; Karpati A; Goldberg A; Paykin A; Tucker A; Baker A; Almiroudis A; Fine A; Tsoi B; Aston C; Berg D; Weiss D; Connelly E; Beaudry G; Weisfuse I; Durrah JC; Prudhomme J; Leighton J; Ackelsberg J; Mahoney K; Van Vynck L; Lee L; Moskin L; Layton M; Wong M; Raphael M; Robinson M; Phillips M; Jones M; Jeffery N; Nieves R; Slavinski S; Mullin S; Beatrice ST; Balter S; Blank S; Frieden T; Keifer M; Rosenstein N; Diaz P; Clark T; Compton H; Daloia J; Cardarelli J; Norrell N; Horn E; Jackling S; Bacon C; Glasgow E; Gomez T; Baltzersen RA; Kammerdener C; Margo-Zavazky D; Colgan J; Pulaski P,2010,2010-01-01,https://pubmed.ncbi.nlm.nih.gov/20357604/,Journal of public health management and practice : JPHMP,10.1097/PHH.0b013e3181ca64f2,N/A,
20144648,Using geographic information system analyses to monitor large-scale distribution of nicotine replacement therapy in New York City.,Czarnecki KD; Goranson C; Ellis JA; Vichinsky LE; Coady MH; Perl SB,2010,2010-01-01,https://pubmed.ncbi.nlm.nih.gov/20144648/,Preventive medicine,10.1016/j.ypmed.2010.01.013,N/A,
20056571,Summer heat and mortality in New York City: how hot is too hot?,Metzger KB; Ito K; Matte TD,2010,2010-01-01,https://pubmed.ncbi.nlm.nih.gov/20056571/,Environmental health perspectives,10.1289/ehp.0900906,N/A,
19834001,The NYC Condom: use and acceptability of New York City's branded condom.,Burke RC; Wilson J; Bernstein KT; Grosskopf N; Murrill C; Cutler B; Sweeney M; Begier EM,2009,2009-12-01,https://pubmed.ncbi.nlm.nih.gov/19834001/,American journal of public health,10.2105/AJPH.2008.152298,N/A,
19672718,"Prevalence of hepatitis C infection in New York City, 2004.",Bornschlegel K; Berger M; Garg RK; Punsalang A; McKinney CM; Gwynn RC; Thorpe LE,2009,2009-11-01,https://pubmed.ncbi.nlm.nih.gov/19672718/,Journal of urban health : bulletin of the New York Academy of Medicine,10.1007/s11524-009-9396-x,N/A,
19652632,Missed opportunities for HIV testing among high-risk heterosexuals.,Jenness SM; Murrill CS; Liu KL; Wendel T; Begier E; Hagan H,2009,2009-11-01,https://pubmed.ncbi.nlm.nih.gov/19652632/,Sexually transmitted diseases,10.1097/OLQ.0b013e3181ab375d,N/A,
19754994,"Calories from beverages purchased at 2 major coffee chains in New York City, 2007.",Huang C; Dumanovsky T; Silver LD; Nonas C; Bassett MT,2009,2009-10-01,https://pubmed.ncbi.nlm.nih.gov/19754994/,Preventing chronic disease,N/A,N/A,
19821753,The danger of declining funds: Public Health Preparedness in NYC.,Marquez M; Patel P; Raphael M; Morgenthau BM,2009,2009-09-01,https://pubmed.ncbi.nlm.nih.gov/19821753/,"Biosecurity and bioterrorism : biodefense strategy, practice, and science",10.1089/bsp.2009.0048,N/A,
19751279,Tracking diabetes: New York City's A1C Registry.,Chamany S; Silver LD; Bassett MT; Driver CR; Berger DK; Neuhaus CE; Kumar N; Frieden TR,2009,2009-09-01,https://pubmed.ncbi.nlm.nih.gov/19751279/,The Milbank quarterly,10.1111/j.1468-0009.2009.00568.x,N/A,
19430305,Most positive HIV western blot tests do not diagnose new cases in New York City: implications for HIV testing programs.,Hanna DB; Tsoi BW; Begier EM,2009,2009-08-15,https://pubmed.ncbi.nlm.nih.gov/19430305/,Journal of acquired immune deficiency syndromes (1999),10.1097/QAI.0b013e3181a4488f,N/A,
19672400,"Effectiveness of an integrated pest management intervention in controlling cockroaches, mice, and allergens in New York City public housing.",Kass D; McKelvey W; Carlton E; Hernandez M; Chew G; Nagle S; Garfinkel R; Clarke B; Tiven J; Espino C; Evans D,2009,2009-08-01,https://pubmed.ncbi.nlm.nih.gov/19672400/,Environmental health perspectives,10.1289/ehp.0800149,New York City; allergen; asthma; cockroach; integrated pest management; mouse; pesticide; public housing,
19620165,Cholesterol control beyond the clinic: New York City's trans fat restriction.,Angell SY; Silver LD; Goldstein GP; Johnson CM; Deitcher DR; Frieden TR; Bassett MT,2009,2009-07-21,https://pubmed.ncbi.nlm.nih.gov/19620165/,Annals of internal medicine,10.7326/0003-4819-151-2-200907210-00010,N/A,
19343015,"What people buy from fast-food restaurants: caloric content and menu item selection, New York City 2007.",Dumanovsky T; Nonas CA; Huang CY; Silver LD; Bassett MT,2009,2009-07-01,https://pubmed.ncbi.nlm.nih.gov/19343015/,"Obesity (Silver Spring, Md.)",10.1038/oby.2009.90,N/A,
19197261,Obesity and sugar-sweetened beverages in African-American preschool children: a longitudinal study.,Lim S; Zoellner JM; Lee JM; Burt BA; Sandretto AM; Sohn W; Ismail AI; Lepkowski JM,2009,2009-06-01,https://pubmed.ncbi.nlm.nih.gov/19197261/,"Obesity (Silver Spring, Md.)",10.1038/oby.2008.656,N/A,
19351780,Secondhand smoke exposure among nonsmokers nationally and in New York City.,Ellis JA; Gwynn C; Garg RK; Philburn R; Aldous KM; Perl SB; Thorpe L; Frieden TR,2009,2009-04-01,https://pubmed.ncbi.nlm.nih.gov/19351780/,Nicotine & tobacco research : official journal of the Society for Research on Nicotine and Tobacco,10.1093/ntr/ntp021,N/A,
19333828,Bicyclist fatalities in New York City: 1996-2005.,Nicaj L; Stayton C; Mandel-Ricci J; McCarthy P; Grasso K; Woloch D; Kerker B,2009,2009-04-01,https://pubmed.ncbi.nlm.nih.gov/19333828/,Traffic injury prevention,10.1080/15389580802641761,N/A,
19231975,"Epidemiologic investigation and targeted vaccination initiative in response to an outbreak of meningococcal disease among illicit drug users in Brooklyn, New York.",Weiss D; Stern EJ; Zimmerman C; Bregman B; Yeung A; Das D; Dentinger CM; Marx MA; Kornblum J; Lee L; Halse TA; Mayer LW; Hatcher CP; Theodore MJ; Schmink S; Harcourt BH; Zucker JR; Layton M; Clark TA; New York City Meningococcal Investigation Team,2009,2009-04-01,https://pubmed.ncbi.nlm.nih.gov/19231975/,Clinical infectious diseases : an official publication of the Infectious Diseases Society of America,10.1086/597257,N/A,
19866534,Knowledge of the Centers for Disease Control and Prevention's 2006 routine HIV testing recommendations among New York City internal medicine residents.,Jain CL; Wyatt CM; Burke R; Sepkowitz K; Begier EM,2009,2009-03-01,https://pubmed.ncbi.nlm.nih.gov/19866534/,AIDS patient care and STDs,10.1089/apc.2008.0130,N/A,
17989586,The contribution of a urine-based jail screening program to citywide male Chlamydia and gonorrhea case rates in New York City.,Pathela P; Hennessy RR; Blank S; Parvez F; Franklin W; Schillinger JA,2009,2009-02-01,https://pubmed.ncbi.nlm.nih.gov/17989586/,Sexually transmitted diseases,10.1097/OLQ.0b013e31815615bb,N/A,
19138414,The syringe gap: an assessment of sterile syringe need and acquisition among syringe exchange program participants in New York City.,Heller DI; Paone D; Siegler A; Karpati A,2009,2009-01-12,https://pubmed.ncbi.nlm.nih.gov/19138414/,Harm reduction journal,10.1186/1477-7517-6-1,N/A,
19894428,Comparing the National Death Index and the Social Security Administration's Death Master File to ascertain death in HIV surveillance.,Hanna DB; Pfeiffer MR; Sackoff JE; Selik RM; Begier EM; Torian LV,2009,2009-01-01,https://pubmed.ncbi.nlm.nih.gov/19894428/,"Public health reports (Washington, D.C. : 1974)",10.1177/003335490912400613,N/A,
19704302,"Using an immunization information system to improve accountability for vaccines distributed through the Vaccines for Children program in New York City, 2005-2008.",Metroka AE; Hansen MA; Papadouka V; Zucker JR,2009,2009-01-01,https://pubmed.ncbi.nlm.nih.gov/19704302/,Journal of public health management and practice : JPHMP,10.1097/PHH.0b013e3181a8c31f,N/A,
19618784,The free condom initiative: promoting condom availability and use in New York City.,Renaud TC; Bocour A; Irvine MK; Bernstein KT; Begier EM; Sepkowitz KA; Kellerman SE; Weglein D,2009,2009-01-01,https://pubmed.ncbi.nlm.nih.gov/19618784/,"Public health reports (Washington, D.C. : 1974)",10.1177/003335490912400404,N/A,
19592831,Integration of self-management tools in personal and provider e-health records.,Jenkins M; Levy J; Cohen E; Yoon S; Singer J; Mostashari F,2009,2009-01-01,https://pubmed.ncbi.nlm.nih.gov/19592831/,Studies in health technology and informatics,N/A,N/A,
19275989,A tale of two large community electronic health record extension projects.,Mostashari F; Tripathi M; Kendall M,2009,2009-01-01,https://pubmed.ncbi.nlm.nih.gov/19275989/,Health affairs (Project Hope),10.1377/hlthaff.28.2.345,N/A,
27382657,Here Comes the SSuN: Early Experiences with the STD Surveillance Network.,Rietmeijer CA; Donnelly J; Bernstein KT; Bissette JM; Martins S; Pathela P; Schillinger JA; Stenger MR; Weinstock H; Newman LM,2009,2009-01-01,https://pubmed.ncbi.nlm.nih.gov/27382657/,"Public health reports (Washington, D.C. : 1974)",10.1177/00333549091240S211,N/A,
19114627,Prevalence and control of diabetes and impaired fasting glucose in New York City.,Thorpe LE; Upadhyay UD; Chamany S; Garg R; Mandel-Ricci J; Kellerman S; Berger DK; Frieden TR; Gwynn C,2009,2009-01-01,https://pubmed.ncbi.nlm.nih.gov/19114627/,Diabetes care,10.2337/dc08-0727,N/A,
19091779,A public health approach to winning the war against cancer.,Frieden TR; Myers JE; Krauskopf MS; Farley TA,2008,2008-12-01,https://pubmed.ncbi.nlm.nih.gov/19091779/,The oncologist,10.1634/theoncologist.2008-0157,N/A,
18789351,Profiling risk of fear of an intimate partner among men and women.,Olson EC; Kerker BD; McVeigh KH; Stayton C; Wye GV; Thorpe L,2008,2008-11-01,https://pubmed.ncbi.nlm.nih.gov/18789351/,Preventive medicine,10.1016/j.ypmed.2008.08.005,N/A,
18785012,An overview of 9/11 experiences and respiratory and mental health conditions among World Trade Center Health Registry enrollees.,Farfel M; DiGrande L; Brackbill R; Prann A; Cone J; Friedman S; Walker DJ; Pezeshki G; Thomas P; Galea S; Williamson D; Frieden TR; Thorpe L,2008,2008-11-01,https://pubmed.ncbi.nlm.nih.gov/18785012/,Journal of urban health : bulletin of the New York Academy of Medicine,10.1007/s11524-008-9317-4,N/A,
18641535,Human immunodeficiency virus partner elicitation and notification in new york city: public health does it better.,Malave MC; Shah D; Sackoff JE; Rubin S; Begier EM,2008,2008-10-01,https://pubmed.ncbi.nlm.nih.gov/18641535/,Sexually transmitted diseases,10.1097/OLQ.0b013e31817d2f82,N/A,
18540026,"Public health in New York City, 2002-2007: confronting epidemics of the modern era.",Frieden TR; Bassett MT; Thorpe LE; Farley TA,2008,2008-10-01,https://pubmed.ncbi.nlm.nih.gov/18540026/,International journal of epidemiology,10.1093/ije/dyn108,N/A,
18309139,"Trends in perinatal HIV prevention in New York City, 1994-2003.",Peters VB; Liu KL; Robinson LG; Dominguez KL; Abrams EJ; Gill BS; Thomas PA,2008,2008-10-01,https://pubmed.ncbi.nlm.nih.gov/18309139/,American journal of public health,10.2105/AJPH.2007.110023,N/A,
20031787,"Prevalence, awareness, treatment, and predictors of control of hypertension in New York City.",Angell SY; Garg RK; Gwynn RC; Bash L; Thorpe LE; Frieden TR,2008,2008-09-01,https://pubmed.ncbi.nlm.nih.gov/20031787/,Circulation. Cardiovascular quality and outcomes,10.1161/CIRCOUTCOMES.108.791954,N/A,
18728271,Food safety for the 21st century.,Silver L; Bassett MT,2008,2008-08-27,https://pubmed.ncbi.nlm.nih.gov/18728271/,JAMA,10.1001/jama.300.8.957,N/A,
18689405,Adverse effects of nutritional inadequacy and excess: a hormetic model.,Hayes DP,2008,2008-08-01,https://pubmed.ncbi.nlm.nih.gov/18689405/,The American journal of clinical nutrition,10.1093/ajcn/88.2.578S,N/A,
18627282,"HIV screening among U.S. physicians, 1999-2000.",Bernstein KT; Begier E; Burke R; Karpati A; Hogben M,2008,2008-08-01,https://pubmed.ncbi.nlm.nih.gov/18627282/,AIDS patient care and STDs,10.1089/apc.2007.0261,N/A,
18463985,Marketing breastfeeding--reversing corporate influence on infant feeding practices.,Kaplan DL; Graff KM,2008,2008-07-01,https://pubmed.ncbi.nlm.nih.gov/18463985/,Journal of urban health : bulletin of the New York Academy of Medicine,10.1007/s11524-008-9279-6,N/A,
18541826,Risk factors for delayed initiation of medical care after diagnosis of human immunodeficiency virus.,Torian LV; Wiewel EW; Liu KL; Sackoff JE; Frieden TR,2008,2008-06-09,https://pubmed.ncbi.nlm.nih.gov/18541826/,Archives of internal medicine,10.1001/archinte.168.11.1181,N/A,
18553414,"Posttraumatic stress symptoms, PTSD, and risk factors among lower Manhattan residents 2-3 years after the September 11, 2001 terrorist attacks.",DiGrande L; Perrin MA; Thorpe LE; Thalji L; Murphy J; Wu D; Farfel M; Brackbill RM,2008,2008-06-01,https://pubmed.ncbi.nlm.nih.gov/18553414/,Journal of traumatic stress,10.1002/jts.20345,N/A,
18445806,HIV prevalence and associated risk behaviors in New York City's house ball community.,Murrill CS; Liu KL; Guilin V; Colón ER; Dean L; Buckley LA; Sanchez T; Finlayson TJ; Torian LV,2008,2008-06-01,https://pubmed.ncbi.nlm.nih.gov/18445806/,American journal of public health,10.2105/AJPH.2006.108936,N/A,
18418295,"Seroprevalence of herpes simplex virus type 2 and characteristics associated with undiagnosed infection: New York City, 2004.",Schillinger JA; McKinney CM; Garg R; Gwynn RC; White K; Lee F; Blank S; Thorpe L; Frieden T,2008,2008-06-01,https://pubmed.ncbi.nlm.nih.gov/18418295/,Sexually transmitted diseases,10.1097/OLQ.0b013e3181666fb1,N/A,
18382010,Ethics in public health research: privacy and public health at risk: public health confidentiality in the digital age.,Myers J; Frieden TR; Bherwani KM; Henning KJ,2008,2008-05-01,https://pubmed.ncbi.nlm.nih.gov/18382010/,American journal of public health,10.2105/AJPH.2006.107706,N/A,
18341783,"Obesity and diabetes in New York City, 2002 and 2004.",Van Wye G; Kerker BD; Matte T; Chamany S; Eisenhower D; Frieden TR; Thorpe L,2008,2008-04-01,https://pubmed.ncbi.nlm.nih.gov/18341783/,Preventing chronic disease,N/A,N/A,
18314438,Health care as if health mattered.,Frieden TR; Mostashari F,2008,2008-02-27,https://pubmed.ncbi.nlm.nih.gov/18314438/,JAMA,10.1001/jama.299.8.950,N/A,
18172153,Gender differences in smoking and cessation behaviors among young adults after implementation of local comprehensive tobacco control.,Ellis JA; Perl SB; Davis K; Vichinsky L,2008,2008-02-01,https://pubmed.ncbi.nlm.nih.gov/18172153/,American journal of public health,10.2105/AJPH.2006.101758,N/A,
18648573,Non-problematic risks from low-dose radiation-induced DNA damage clusters.,Hayes DP,2008,2008-01-16,https://pubmed.ncbi.nlm.nih.gov/18648573/,Dose-response : a publication of International Hormesis Society,10.2203/dose-response.07-023.Hayes,DNA repair; hormesis; low-LET radiation; low-dose radiation; radiation risks; radiation-induced damage clusters,
18097231,"Population prevalence of reported and unreported HIV and related behaviors among the household adult population in New York City, 2004.",Nguyen TQ; Gwynn RC; Kellerman SE; Begier E; Garg RK; Pfeiffer MR; Konty KJ; Torian L; Frieden TR; Thorpe LE,2008,2008-01-11,https://pubmed.ncbi.nlm.nih.gov/18097231/,"AIDS (London, England)",10.1097/QAD.0b013e3282f2ef58,N/A,
18828421,A multiagency effort to reduce bicyclist fatalities and serious injuries in New York City.,Mandel-Ricci J; Stayton C; Nicaj L; Assefa S; Woloch D; Jeffrey K; McCarthy P; Budnick N,2008,2008-01-01,https://pubmed.ncbi.nlm.nih.gov/18828421/,"Public health reports (Washington, D.C. : 1974)",10.1177/003335490812300516,N/A,
18180408,Subjective social status in the school and change in adiposity in female adolescents: findings from a prospective cohort study.,Lemeshow AR; Fisher L; Goodman E; Kawachi I; Berkey CS; Colditz GA,2008,2008-01-01,https://pubmed.ncbi.nlm.nih.gov/18180408/,Archives of pediatrics & adolescent medicine,10.1001/archpediatrics.2007.11,N/A,
18095838,"Concurrent HIV/AIDS diagnosis increases the risk of short-term HIV-related death among persons newly diagnosed with AIDS, 2002-2005.",Hanna DB; Pfeiffer MR; Torian LV; Sackoff JE,2008,2008-01-01,https://pubmed.ncbi.nlm.nih.gov/18095838/,AIDS patient care and STDs,10.1089/apc.2007.0042,N/A,
18048801,Immigration and risk of childhood lead poisoning: findings from a case control study of New York City children.,Tehranifar P; Leighton J; Auchincloss AH; Faciano A; Alper H; Paykin A; Wu S,2008,2008-01-01,https://pubmed.ncbi.nlm.nih.gov/18048801/,American journal of public health,10.2105/AJPH.2006.093229,N/A,
18190272,Space: the new frontier in HIV prevention for young men who have sex with men.,Easton D; Iverson E; Cribbin M; Wilson E; Weiss G; Community Intervention Trial For Youth Group,2007,2007-12-01,https://pubmed.ncbi.nlm.nih.gov/18190272/,AIDS education and prevention : official publication of the International Society for AIDS Education,10.1521/aeap.2007.19.6.465,N/A,
17621243,"Incident sexually transmitted infections among persons living with diagnosed HIV/AIDS in New York City, 2001-2002: a population-based assessment.",Manning SE; Pfeiffer MR; Nash D; Blank S; Sackoff J; Schillinger J,2007,2007-12-01,https://pubmed.ncbi.nlm.nih.gov/17621243/,Sexually transmitted diseases,10.1097/OLQ.0b013e3180eaa243,N/A,
23228640,Communicable disease and immigration fears.,Munsiff SS,2007,2007-12-01,https://pubmed.ncbi.nlm.nih.gov/23228640/,The virtual mentor : VM,10.1001/virtualmentor.2007.9.12.ccas3-0712,N/A,
18007989,Asthma diagnosed after 11 September 2001 among rescue and recovery workers: findings from the World Trade Center Health Registry.,Wheeler K; McKelvey W; Thorpe L; Perrin M; Cone J; Kass D; Farfel M; Thomas P; Brackbill R,2007,2007-11-01,https://pubmed.ncbi.nlm.nih.gov/18007989/,Environmental health perspectives,10.1289/ehp.10248,World Trade Center; asthma; disaster; masks; respirators; workers,
17945066,Evaluation of case management in tuberculosis control: a three-year effort to improve case management practices in New York City.,Udeagu CC; Dorsinville MS; Munsiff SS; Vilnyanskaya Y; Wang I,2007,2007-10-01,https://pubmed.ncbi.nlm.nih.gov/17945066/,The international journal of tuberculosis and lung disease : the official journal of the International Union against Tuberculosis and Lung Disease,N/A,N/A,
17938732,"A biomonitoring study of lead, cadmium, and mercury in the blood of New York city adults.",McKelvey W; Gwynn RC; Jeffery N; Kass D; Thorpe LE; Garg RK; Palmer CD; Parsons PJ,2007,2007-10-01,https://pubmed.ncbi.nlm.nih.gov/17938732/,Environmental health perspectives,10.1289/ehp.10056,NYC HANES; biomonitoring; blood; cadmium; fish; lead; mercury; methylmercury; seafood; survey,
17683196,Monitoring the impact of influenza by age: emergency department fever and respiratory complaint surveillance in New York City.,Olson DR; Heffernan RT; Paladini M; Konty K; Weiss D; Mostashari F,2007,2007-08-01,https://pubmed.ncbi.nlm.nih.gov/17683196/,PLoS medicine,10.1371/journal.pmed.0040247,N/A,
17630557,Why don't physicians test for HIV? A review of the US literature.,Burke RC; Sepkowitz KA; Bernstein KT; Karpati AM; Myers JE; Tsoi BW; Begier EM,2007,2007-07-31,https://pubmed.ncbi.nlm.nih.gov/17630557/,"AIDS (London, England)",10.1097/QAD.0b013e32823f91ff,N/A,
17557995,Adult obesity does not predict 6-year weight gain in men: the Aerobics Center Longitudinal Study.,Van Wye G; Dubin JA; Blair SN; Dipietro L,2007,2007-06-01,https://pubmed.ncbi.nlm.nih.gov/17557995/,"Obesity (Silver Spring, Md.)",10.1038/oby.2007.186,N/A,
17504866,Optimal metabolite curve fitting for kinetic modeling of 11C-WAY-100635.,Wu S; Ogden RT; Mann JJ; Parsey RV,2007,2007-06-01,https://pubmed.ncbi.nlm.nih.gov/17504866/,"Journal of nuclear medicine : official publication, Society of Nuclear Medicine",10.2967/jnumed.106.038075,N/A,
17383060,"Understanding the sociocultural roots of childhood obesity: food practices among Latino families of Bushwick, Brooklyn.",Kaufman L; Karpati A,2007,2007-06-01,https://pubmed.ncbi.nlm.nih.gov/17383060/,Social science & medicine (1982),10.1016/j.socscimed.2007.02.019,N/A,
17512860,How to prevent 100 million deaths from tobacco.,Frieden TR; Bloomberg MR,2007,2007-05-19,https://pubmed.ncbi.nlm.nih.gov/17512860/,"Lancet (London, England)",10.1016/S0140-6736(07)60782-X,N/A,
17639230,Promoting adherence to treatment for tuberculosis: the importance of direct observation.,Frieden TR; Sbarbaro JA,2007,2007-05-01,https://pubmed.ncbi.nlm.nih.gov/17639230/,Bulletin of the World Health Organization,10.2471/blt.06.038927,N/A,
17530529,Variation in adult asthma prevalence in Hispanic subpopulations in New York City.,Dumanovsky T; Matte TD,2007,2007-05-01,https://pubmed.ncbi.nlm.nih.gov/17530529/,The Journal of asthma : official journal of the Association for the Care of Asthma,10.1080/02770900701344140,N/A,
17064454,"Molecular epidemiology of tuberculosis after declining incidence, New York City, 2001-2003.",Driver CR; Kreiswirth B; Macaraig M; Clark C; Munsiff SS; Driscoll J; Zhao B,2007,2007-05-01,https://pubmed.ncbi.nlm.nih.gov/17064454/,Epidemiology and infection,10.1017/S0950268806007278,N/A,
17324352,"Lymphogranuloma venereum: old pathogen, new story.",Pathela P; Blank S; Schillinger JA,2007,2007-03-01,https://pubmed.ncbi.nlm.nih.gov/17324352/,Current infectious disease reports,10.1007/s11908-007-0010-7,N/A,
17364409,AIDS-defining opportunistic illnesses in the HAART era in New York City.,Hanna DB; Gupta LS; Jones LE; Thompson DM; Kellerman SE; Sackoff JE,2007,2007-02-01,https://pubmed.ncbi.nlm.nih.gov/17364409/,AIDS care,10.1080/09540120600834729,N/A,
16885926,Nutritional hormesis.,Hayes DP,2007,2007-02-01,https://pubmed.ncbi.nlm.nih.gov/16885926/,European journal of clinical nutrition,10.1038/sj.ejcn.1602507,N/A,
16810120,Patient-delivered partner treatment and other partner management strategies for sexually transmitted diseases used by New York City healthcare providers.,Rogers ME; Opdyke KM; Blank S; Schillinger JA,2007,2007-02-01,https://pubmed.ncbi.nlm.nih.gov/16810120/,Sexually transmitted diseases,10.1097/01.olq.0000225322.94613.c2,N/A,
17894191,Promoting adherence to treatment for tuberculosis: the importance of direct observation.,Frieden TR; Sbarbaro JA,2007,2007-01-01,https://pubmed.ncbi.nlm.nih.gov/17894191/,World hospitals and health services : the official journal of the International Hospital Federation,N/A,N/A,
17542461,A community experience responding to hepatitis C.,Rude EJ; Weisfuse I,2007,2007-01-01,https://pubmed.ncbi.nlm.nih.gov/17542461/,"Public health reports (Washington, D.C. : 1974)",10.1177/00333549071220S217,N/A,
17542450,Does integrating viral hepatitis services into a public STD clinic attract injection drug users for care?,Hennessy RR; Weisfuse IB; Schlanger K,2007,2007-01-01,https://pubmed.ncbi.nlm.nih.gov/17542450/,"Public health reports (Washington, D.C. : 1974)",10.1177/00333549071220S206,N/A,
17518311,Providing naloxone to substance users for secondary administration to reduce overdose mortality in New York City.,Heller DI; Stancliff S,2007,2007-01-01,https://pubmed.ncbi.nlm.nih.gov/17518311/,"Public health reports (Washington, D.C. : 1974)",10.1177/003335490712200313,N/A,
17435492,"Human immunodeficiency virus counseling, testing, and referral of close contacts to patients with pulmonary tuberculosis: feasibility and costs.",Li J; Marks SM; Driver CR; Diaz FA; Castro AF; de Regner AF; Gibson AE; Dokubo-Okereke K; Munsiff SS; Tuberculosis Epidemiologic Studies Consortium,2007,2007-01-01,https://pubmed.ncbi.nlm.nih.gov/17435492/,Journal of public health management and practice : JPHMP,10.1097/01.PHH.0000267683.85411.78,N/A,
17354521,Striving toward comprehensive HIV/AIDS surveillance: the view from New York City.,Torian LV; Henning KJ; Kellerman SE; Frieden TR,2007,2007-01-01,https://pubmed.ncbi.nlm.nih.gov/17354521/,"Public health reports (Washington, D.C. : 1974)",10.1177/00333549071220S102,N/A,
17260690,"Best practices for EMS. Who's found a better way of doing things, and how can you benefit too?",Barishansky RM; O'Connor K,2007,2007-01-01,https://pubmed.ncbi.nlm.nih.gov/17260690/,Emergency medical services,N/A,N/A,
17304944,Description of a Culex pipiens gynandromorph from New York City.,Mahmood F; Bajwa WI,2006,2006-12-01,https://pubmed.ncbi.nlm.nih.gov/17304944/,Journal of the American Mosquito Control Association,10.2987/8756-971X(2006)22[751:DOACPG]2.0.CO;2,N/A,
17170193,Motor vehicle crash pedestrian deaths in New York City: the plight of the older pedestrian.,Nicaj L; Wilt S; Henning K,2006,2006-12-01,https://pubmed.ncbi.nlm.nih.gov/17170193/,Injury prevention : journal of the International Society for Child and Adolescent Injury Prevention,10.1136/ip.2005.010082,N/A,
17108302,"Neighbourhood mortality inequalities in New York City, 1989-1991 and 1999-2001.",Karpati AM; Bassett MT; McCord C,2006,2006-12-01,https://pubmed.ncbi.nlm.nih.gov/17108302/,Journal of epidemiology and community health,10.1136/jech.2006.047100,N/A,
17083024,Rifapentine for the treatment of pulmonary tuberculosis.,Munsiff SS; Kambili C; Ahuja SD,2006,2006-12-01,https://pubmed.ncbi.nlm.nih.gov/17083024/,Clinical infectious diseases : an official publication of the Infectious Diseases Society of America,10.1086/508278,N/A,
17026641,Validating an asthma case detection instrument in a Head Start sample.,Bonner S; Matte T; Rubin M; Sheares BJ; Fagan JK; Evans D; Mellins RB,2006,2006-11-01,https://pubmed.ncbi.nlm.nih.gov/17026641/,The Journal of school health,10.1111/j.1746-1561.2006.00144.x,N/A,
17044207,Ensuring accountability: the contribution of the cohort review method to tuberculosis control in New York City.,Munsiff SS; Ahuja SD; King L; Udeagu CC; Dorsinville M; Frieden TR; Fujiwara PI,2006,2006-10-01,https://pubmed.ncbi.nlm.nih.gov/17044207/,The international journal of tuberculosis and lung disease : the official journal of the International Union against Tuberculosis and Lung Disease,N/A,N/A,
16983129,Discordance between sexual behavior and self-reported sexual identity: a population-based survey of New York City men.,Pathela P; Hajat A; Schillinger J; Blank S; Sell R; Mostashari F,2006,2006-09-19,https://pubmed.ncbi.nlm.nih.gov/16983129/,Annals of internal medicine,10.7326/0003-4819-145-6-200609190-00005,N/A,
16983127,Causes of death among persons with AIDS in the era of highly active antiretroviral therapy: New York City.,Sackoff JE; Hanna DB; Pfeiffer MR; Torian LV,2006,2006-09-19,https://pubmed.ncbi.nlm.nih.gov/16983127/,Annals of internal medicine,10.7326/0003-4819-145-6-200609190-00003,N/A,
16897415,Health care access and utilization among women who have sex with women: sexual behavior and identity.,Kerker BD; Mostashari F; Thorpe L,2006,2006-09-01,https://pubmed.ncbi.nlm.nih.gov/16897415/,Journal of urban health : bulletin of the New York Academy of Medicine,10.1007/s11524-006-9096-8,N/A,
16891508,Strain-specific differences in two large Mycobacterium tuberculosis genotype clusters in isolates collected from homeless patients in New York City from 2001 to 2004.,Macaraig M; Agerton T; Driver CR; Munsiff SS; Abdelwahab J; Park J; Kreiswirth B; Driscoll J; Zhao B,2006,2006-08-01,https://pubmed.ncbi.nlm.nih.gov/16891508/,Journal of clinical microbiology,10.1128/JCM.00160-06,N/A,
16791538,Higher mortality rate among infants of US-born mothers compared to foreign-born mothers in New York City.,Liu KL; Laraque F,2006,2006-07-01,https://pubmed.ncbi.nlm.nih.gov/16791538/,Journal of immigrant and minority health,10.1007/s10903-006-9333-3,N/A,
16776895,"Study design and participation rates of the New York City Health and Nutrition Examination Survey, 2004.",Thorpe LE; Gwynn RC; Mandel-Ricci J; Roberts S; Tsoi B; Berman L; Porter K; Ostchega Y; Curtain LR; Montaquila J; Mohadjer L; Frieden TR,2006,2006-07-01,https://pubmed.ncbi.nlm.nih.gov/16776895/,Preventing chronic disease,N/A,N/A,
16641308,Which patients' factors predict the rate of growth of Mycobacterium tuberculosis clusters in an urban community?,Driver CR; Macaraig M; McElroy PD; Clark C; Munsiff SS; Kreiswirth B; Driscoll J; Zhao B,2006,2006-07-01,https://pubmed.ncbi.nlm.nih.gov/16641308/,American journal of epidemiology,10.1093/aje/kwj153,N/A,
16705575,"Trends in drug-resistant Mycobacterium tuberculosis in New York City, 1991-2003.",Munsiff SS; Li J; Cook SV; Piatek A; Laraque F; Ebrahimzadeh A; Fujiwara PI,2006,2006-06-15,https://pubmed.ncbi.nlm.nih.gov/16705575/,Clinical infectious diseases : an official publication of the Infectious Diseases Society of America,10.1086/504325,N/A,
16776451,Public-private collaboration for multidrug-resistant tuberculosis control in New York City.,Munsiff SS; Ahuja SD; Li J; Driver CR,2006,2006-06-01,https://pubmed.ncbi.nlm.nih.gov/16776451/,The international journal of tuberculosis and lung disease : the official journal of the International Union against Tuberculosis and Lung Disease,N/A,N/A,
16739043,"The epidemiology of nonspecific psychological distress in New York City, 2002 and 2003.",McVeigh KH; Galea S; Thorpe LE; Maulsby C; Henning K; Sederer LI,2006,2006-05-01,https://pubmed.ncbi.nlm.nih.gov/16739043/,Journal of urban health : bulletin of the New York Academy of Medicine,10.1007/s11524-006-9049-2,N/A,
16704826,"Universal genotyping in tuberculosis control program, New York City, 2001-2003.",Clark CM; Driver CR; Munsiff SS; Driscoll JR; Kreiswirth BN; Zhao B; Ebrahimzadeh A; Salfinger M; Piatek AS; Abdelwahab J,2006,2006-05-01,https://pubmed.ncbi.nlm.nih.gov/16704826/,Emerging infectious diseases,10.3201/eid1205.050446,N/A,
16702721,Access to health care for migrants returning to Mexico.,Ross SJ; Pagán JA; Polsky D,2006,2006-05-01,https://pubmed.ncbi.nlm.nih.gov/16702721/,Journal of health care for the poor and underserved,10.1353/hpu.2006.0067,N/A,
16380562,"Diarrheal illness detected through syndromic surveillance after a massive power outage: New York City, August 2003.",Marx MA; Rodriguez CV; Greenko J; Das D; Heffernan R; Karpati AM; Mostashari F; Balter S; Layton M; Weiss D,2006,2006-03-01,https://pubmed.ncbi.nlm.nih.gov/16380562/,American journal of public health,10.2105/AJPH.2004.061358,N/A,
16599345,Racial and ethnic disparities in medical history taking: detecting substance use among low-income pregnant women.,Kerker BD; Leventhal JM; Schlesinger M; Horwitz SM,2006,2006-01-01,https://pubmed.ncbi.nlm.nih.gov/16599345/,Ethnicity & disease,N/A,N/A,
16569139,Mental health needs and treatment of foster youth: barriers and opportunities.,Kerker BD; Dore MM,2006,2006-01-01,https://pubmed.ncbi.nlm.nih.gov/16569139/,The American journal of orthopsychiatry,10.1037/0002-9432.76.1.138,N/A,
16416696,Blackout of 2003: public health effects and emergency response.,Beatty ME; Phelps S; Rohner MC; Weisfuse MI,2006,2006-01-01,https://pubmed.ncbi.nlm.nih.gov/16416696/,"Public health reports (Washington, D.C. : 1974)",10.1177/003335490612100109,N/A,
16319391,Applying public health principles to the HIV epidemic.,Frieden TR; Das-Douglas M; Kellerman SE; Henning KJ,2005,2005-12-01,https://pubmed.ncbi.nlm.nih.gov/16319391/,The New England journal of medicine,10.1056/NEJMsb053133,N/A,
16238721,Nursing shortages and international nurse migration.,Ross SJ; Polsky D; Sochalski J,2005,2005-12-01,https://pubmed.ncbi.nlm.nih.gov/16238721/,International nursing review,10.1111/j.1466-7657.2005.00430.x,N/A,
16212669,"Evaluation of school absenteeism data for early outbreak detection, New York City.",Besculides M; Heffernan R; Mostashari F; Weiss D,2005,2005-10-07,https://pubmed.ncbi.nlm.nih.gov/16212669/,BMC public health,10.1186/1471-2458-5-105,N/A,
16211194,Human bites and blood exposures in New York City schools.,Stockheim J; Wilkinson N; Ramos-Bonoan C,2005,2005-10-01,https://pubmed.ncbi.nlm.nih.gov/16211194/,Clinical pediatrics,10.1177/000992280504400808,N/A,
16205296,Reaching out to boys at bars: utilizing community partnerships to employ a wellness strategy for syphilis control among men who have sex with men in New York City.,Blank S; Gallagher K; Washburn K; Rogers M,2005,2005-10-01,https://pubmed.ncbi.nlm.nih.gov/16205296/,Sexually transmitted diseases,10.1097/01.olq.0000175401.37527.de,N/A,
16220641,The protective role of fruits and vegetables against radiation-induced cancer.,Hayes DP,2005,2005-09-01,https://pubmed.ncbi.nlm.nih.gov/16220641/,Nutrition reviews,10.1111/j.1753-4887.2005.tb00145.x,N/A,
16158888,Risk factors for drug-resistant tuberculosis among non-US-born persons in New York City.,Clark CM; Li J; Driver CR; Munsiff SS,2005,2005-09-01,https://pubmed.ncbi.nlm.nih.gov/16158888/,The international journal of tuberculosis and lung disease : the official journal of the International Union against Tuberculosis and Lung Disease,N/A,N/A,
16122575,Management of the acutely violent patient.,Petit JR,2005,2005-09-01,https://pubmed.ncbi.nlm.nih.gov/16122575/,The Psychiatric clinics of North America,10.1016/j.psc.2005.05.011,N/A,
16051930,The dirty dozen: 12 myths that undermine tobacco control.,Frieden TR; Blakeman DE,2005,2005-09-01,https://pubmed.ncbi.nlm.nih.gov/16051930/,American journal of public health,10.2105/AJPH.2005.063073,N/A,
16051928,"Trends and racial/ethnic disparities in gestational diabetes among pregnant women in New York City, 1990-2001.",Thorpe LE; Berger D; Ellis JA; Bettegowda VR; Brown G; Matte T; Bassett M; Frieden TR,2005,2005-09-01,https://pubmed.ncbi.nlm.nih.gov/16051928/,American journal of public health,10.2105/AJPH.2005.066100,N/A,
16044401,"Colon cancer screening practices in New York City, 2003: results of a large random-digit dialed telephone survey.",Thorpe LE; Mostashari F; Hajat A; Nash D; Karpati A; Weber T; Winawer S; Neugut AI; Awad A; Zevallos M; Remy P; Frieden T; Citywide Colon Cancer Control Coalition,2005,2005-09-01,https://pubmed.ncbi.nlm.nih.gov/16044401/,Cancer,10.1002/cncr.21274,N/A,
16177711,Three years of emergency department gastrointestinal syndromic surveillance in New York City: what have we found?,Balter S; Weiss D; Hanson H; Reddy V; Das D; Heffernan R,2005,2005-08-26,https://pubmed.ncbi.nlm.nih.gov/16177711/,MMWR supplements,N/A,N/A,
16177692,Monitoring over-the-counter medication sales for early detection of disease outbreaks--New York City.,Das D; Metzger K; Heffernan R; Balter S; Weiss D; Mostashari F; New York City Department of Health and Mental Hygiene,2005,2005-08-26,https://pubmed.ncbi.nlm.nih.gov/16177692/,MMWR supplements,N/A,N/A,
16104635,DOT and timely treatment completion among Asian-born immigrant tuberculosis patients.,Liu SY; Li JH; Schluger NW,2005,2005-08-01,https://pubmed.ncbi.nlm.nih.gov/16104635/,The international journal of tuberculosis and lung disease : the official journal of the International Union against Tuberculosis and Lung Disease,N/A,N/A,
15937767,"Relapse and acquired rifampin resistance in HIV-infected patients with tuberculosis treated with rifampin- or rifabutin-based regimens in New York City, 1997-2000.",Li J; Munsiff SS; Driver CR; Sackoff J,2005,2005-07-01,https://pubmed.ncbi.nlm.nih.gov/15937767/,Clinical infectious diseases : an official publication of the Infectious Diseases Society of America,10.1086/430377,N/A,
15914832,Use of pharmacy data to evaluate smoking regulations' impact on sales of nicotine replacement therapies in New York City.,Metzger KB; Mostashari F; Kerker BD,2005,2005-06-01,https://pubmed.ncbi.nlm.nih.gov/15914832/,American journal of public health,10.2105/AJPH.2004.048025,N/A,
15914827,"Adult tobacco use levels after intensive tobacco control measures: New York City, 2002-2003.",Frieden TR; Mostashari F; Kerker BD; Miller N; Hajat A; Frankel M,2005,2005-06-01,https://pubmed.ncbi.nlm.nih.gov/15914827/,American journal of public health,10.2105/AJPH.2004.058164,N/A,
15890761,Shortchanged? An assessment of chronic disease programming in major US city health departments.,Georgeson M; Thorpe LE; Merlino M; Frieden TR; Fielding JE; Big Cities Health Coalition,2005,2005-06-01,https://pubmed.ncbi.nlm.nih.gov/15890761/,Journal of urban health : bulletin of the New York Academy of Medicine,10.1093/jurban/jti042,N/A,
15872189,"Increasing breastfeeding rates in New York City, 1980-2000.",Besculides M; Grigoryan K; Laraque F,2005,2005-06-01,https://pubmed.ncbi.nlm.nih.gov/15872189/,Journal of urban health : bulletin of the New York Academy of Medicine,10.1093/jurban/jti044,N/A,
15837105,The DOTS strategy for controlling the global tuberculosis epidemic.,Frieden TR; Munsiff SS,2005,2005-06-01,https://pubmed.ncbi.nlm.nih.gov/15837105/,Clinics in chest medicine,10.1016/j.ccm.2005.02.001,N/A,
15851920,"Estimates of HIV incidence among persons testing for HIV using the sensitive/less sensitive enzyme immunoassy, New York City, 2001.",Nash D; Bennani Y; Ramaswamy C; Torian L,2005,2005-05-01,https://pubmed.ncbi.nlm.nih.gov/15851920/,Journal of acquired immune deficiency syndromes (1999),10.1097/01.qai.0000144446.52141.4c,N/A,
15796275,Failure to control an outbreak of multidrug-resistant Streptococcus pneumoniae in a long-term-care facility: emergence and ongoing transmission of a fluoroquinolone-resistant strain.,Carter RJ; Sorenson G; Heffernan R; Kiehlbauch JA; Kornblum JS; Leggiadro RJ; Nixon LJ; Wertheim WA; Whitney CG; Layton M; MDRSP Working Group,2005,2005-03-01,https://pubmed.ncbi.nlm.nih.gov/15796275/,Infection control and hospital epidemiology,10.1086/502534,N/A,
15738335,Smoking practices in New York City: the use of a population-based survey to guide policy-making and programming.,Mostashari F; Kerker BD; Hajat A; Miller N; Frieden TR,2005,2005-03-01,https://pubmed.ncbi.nlm.nih.gov/15738335/,Journal of urban health : bulletin of the New York Academy of Medicine,10.1093/jurban/jti008,N/A,
15701546,Risk assessment and disease prevention in travelers visiting friends and relatives.,Angell SY; Behrens RH,2005,2005-03-01,https://pubmed.ncbi.nlm.nih.gov/15701546/,Infectious disease clinics of North America,10.1016/j.idc.2004.11.001,N/A,
16845762,Disparity in maternal mortality in New York City.,Sundaram V; Liu KL; Laraque F,2005,2005-01-01,https://pubmed.ncbi.nlm.nih.gov/16845762/,Journal of the American Medical Women's Association (1972),N/A,N/A,
15958938,Factors associated with tuberculosis treatment interruption in New York City.,Driver CR; Matus SP; Bayuga S; Winters AI; Munsiff SS,2005,2005-01-01,https://pubmed.ncbi.nlm.nih.gov/15958938/,Journal of public health management and practice : JPHMP,10.1097/00124784-200507000-00017,N/A,
15832837,Injection prevalence and risks among male ethnic minority drug users in Northern Thailand.,Wiewel EW; Go VF; Kawichai S; Beyrer C; Vongchak T; Srirak N; Jittiwutitikarn J; Suriyanon V; Razak MH; Celentano DD,2005,2005-01-01,https://pubmed.ncbi.nlm.nih.gov/15832837/,AIDS care,10.1080/09540120412331305160,N/A,
15685281,Expert searching in public health.,Alpi KM,2005,2005-01-01,https://pubmed.ncbi.nlm.nih.gov/15685281/,Journal of the Medical Library Association : JMLA,N/A,N/A,
15670462,The volume and capacity of colonoscopy procedures performed at New York City hospitals in 2002.,Leng JC; Thorpe LE; Feldman GE; Thomas PA; Frieden TR,2005,2005-01-01,https://pubmed.ncbi.nlm.nih.gov/15670462/,Preventing chronic disease,N/A,N/A,
15596672,Use of therapeutic drug monitoring for multidrug-resistant tuberculosis patients.,Li J; Burzynski JN; Lee YA; Berg D; Driver CR; Ridzon R; Munsiff SS,2004,2004-12-01,https://pubmed.ncbi.nlm.nih.gov/15596672/,Chest,10.1378/chest.126.6.1770,N/A,
15583107,Sex differences in morbidity and mortality among children with perinatally acquired human immunodeficiency virus infection in new york city.,Liu KL; Peters V; Weedon J; Thomas P; Dominguez K,2004,2004-12-01,https://pubmed.ncbi.nlm.nih.gov/15583107/,Archives of pediatrics & adolescent medicine,10.1001/archpedi.158.12.1187,N/A,
15678983,Development of certified health education specialists (CHES) in the United States: focusing on the CHES responsibilities and competencies.,Sakagami K,2004,2004-11-01,https://pubmed.ncbi.nlm.nih.gov/15678983/,[Nihon koshu eisei zasshi] Japanese journal of public health,N/A,N/A,
15643363,Integrating the New York citywide immunization registry and the childhood blood lead registry.,Papadouka V; Schaeffer P; Metroka A; Borthwick A; Tehranifar P; Leighton J; Aponte A; Liao R; Ternier A; Friedman S; Arzt N,2004,2004-11-01,https://pubmed.ncbi.nlm.nih.gov/15643363/,Journal of public health management and practice : JPHMP,10.1097/00124784-200411001-00012,N/A,
15483472,"Effect of hard-drug use on CD4 cell percentage, HIV RNA level, and progression to AIDS-defining class C events among HIV-infected women.",Thorpe LE; Frederick M; Pitt J; Cheng I; Watts DH; Buschur S; Green K; Zorrilla C; Landesman SH; Hershow RC,2004,2004-11-01,https://pubmed.ncbi.nlm.nih.gov/15483472/,Journal of acquired immune deficiency syndromes (1999),10.1097/01.qai.0000127354.78706.5d,N/A,
15471736,Developing a comprehensive pesticide health effects tracking system for an urban setting: New York City's approach.,Kass DE; Thier AL; Leighton J; Cone JE; Jeffery NL,2004,2004-10-01,https://pubmed.ncbi.nlm.nih.gov/15471736/,Environmental health perspectives,10.1289/ehp.7149,N/A,
15717390,Field investigations of emergency department syndromic surveillance signals--New York City.,Steiner-Sichel L; Greenko J; Heffernan R; Layton M; Weiss D,2004,2004-09-24,https://pubmed.ncbi.nlm.nih.gov/15717390/,MMWR supplements,N/A,N/A,
15714638,How many illnesses does one emergency department visit represent? Using a population-based telephone survey to estimate the syndromic multiplier.,Metzger KB; Hajat A; Crawford M; Mostashari F,2004,2004-09-24,https://pubmed.ncbi.nlm.nih.gov/15714638/,MMWR supplements,N/A,N/A,
15714627,"Daily Emergency Department Surveillance System --- Bergen County, New Jersey.",Paladini M,2004,2004-09-24,https://pubmed.ncbi.nlm.nih.gov/15714627/,MMWR supplements,N/A,N/A,
15714622,New York City syndromic surveillance systems.,Heffernan R; Mostashari F; Das D; Besculides M; Rodriguez C; Greenko J; Steiner-Sichel L; Balter S; Karpati A; Thomas P; Phillips M; Ackelsberg J; Lee E; Leng J; Hartman J; Metzger K; Rosselli R; Weiss D,2004,2004-09-24,https://pubmed.ncbi.nlm.nih.gov/15714622/,MMWR supplements,N/A,N/A,
15714620,What is syndromic surveillance?,Henning KJ,2004,2004-09-24,https://pubmed.ncbi.nlm.nih.gov/15714620/,MMWR supplements,N/A,N/A,
15333301,Childhood obesity in New York City elementary school students.,Thorpe LE; List DG; Marx T; May L; Helgerson SD; Frieden TR,2004,2004-09-01,https://pubmed.ncbi.nlm.nih.gov/15333301/,American journal of public health,10.2105/ajph.94.9.1496,N/A,
15289164,"Pesticide spraying for West Nile virus control and emergency department asthma visits in New York City, 2000.",Karpati AM; Perrin MC; Matte T; Leighton J; Schwartz J; Barr RG,2004,2004-08-01,https://pubmed.ncbi.nlm.nih.gov/15289164/,Environmental health perspectives,10.1289/ehp.6946,N/A,
15273972,The New York City Smoke-Free Air Act: second-hand smoke as a worker health and safety issue.,Chang C; Leighton J; Mostashari F; McCord C; Frieden TR,2004,2004-08-01,https://pubmed.ncbi.nlm.nih.gov/15273972/,American journal of industrial medicine,10.1002/ajim.20030,N/A,
15200831,"Mass smallpox vaccination and cardiac deaths, New York City, 1947.",Thorpe LE; Mostashari F; Karpati AM; Schwartz SP; Manning SE; Marx MA; Frieden TR,2004,2004-05-01,https://pubmed.ncbi.nlm.nih.gov/15200831/,Emerging infectious diseases,10.3201/eid1005.040119,N/A,
15200820,"Syndromic surveillance in public health practice, New York City.",Heffernan R; Mostashari F; Das D; Karpati A; Kulldorff M; Weiss D,2004,2004-05-01,https://pubmed.ncbi.nlm.nih.gov/15200820/,Emerging infectious diseases,10.3201/eid1005.030646,N/A,
15124335,New York City agency seeks volunteer emergency responders.,Rinchiuso A; Franklin DM,2004,2004-02-01,https://pubmed.ncbi.nlm.nih.gov/15124335/,The New York state dental journal,N/A,N/A,
15003403,Patients' characteristics and providers' attitudes: predictors of screening pregnant women for illicit substance use.,Kerker BD; Horwitz SM; Leventhal JM,2004,2004-02-01,https://pubmed.ncbi.nlm.nih.gov/15003403/,Child abuse & neglect,10.1016/j.chiabu.2003.07.004,N/A,
15461242,Ecgonine methyl ester protects against cocaine lethality in mice.,Hoffman RS; Kaplan JL; Hung OL; Goldfrank LR,2004,2004-01-01,https://pubmed.ncbi.nlm.nih.gov/15461242/,Journal of toxicology. Clinical toxicology,10.1081/clt-120039540,N/A,
14689352,Effectiveness of isoniazid treatment for latent tuberculosis infection among human immunodeficiency virus (HIV)-infected and HIV-uninfected injection drug users in methadone programs.,Scholten JN; Driver CR; Munsiff SS; Kaye K; Rubino MA; Gourevitch MN; Trim C; Amofa J; Seewald R; Highley E; Fujiwara PI,2003,2003-12-15,https://pubmed.ncbi.nlm.nih.gov/14689352/,Clinical infectious diseases : an official publication of the Infectious Diseases Society of America,10.1086/379513,N/A,
14677834,"Contact investigations in congregate settings, New York City.",Driver CR; Balcewicz-Sablinska MK; Kim Z; Scholten J; Munsiff SS,2003,2003-12-01,https://pubmed.ncbi.nlm.nih.gov/14677834/,The international journal of tuberculosis and lung disease : the official journal of the International Union against Tuberculosis and Lung Disease,N/A,N/A,
14677829,Finding contacts of homeless tuberculosis patients in New York City.,Li J; Driver CR; Munsiff SS; Fujiwara PI,2003,2003-12-01,https://pubmed.ncbi.nlm.nih.gov/14677829/,The international journal of tuberculosis and lung disease : the official journal of the International Union against Tuberculosis and Lung Disease,N/A,N/A,
14649767,Prevalence of tuberculin skin test positivity and conversions among healthcare workers in New York City during 1994 to 2001.,Cook S; Maw KL; Munsiff SS; Fujiwara PI; Frieden TR,2003,2003-11-01,https://pubmed.ncbi.nlm.nih.gov/14649767/,Infection control and hospital epidemiology,10.1086/502141,N/A,
13678977,Tuberculosis.,Frieden TR; Sterling TR; Munsiff SS; Watt CJ; Dye C,2003,2003-09-13,https://pubmed.ncbi.nlm.nih.gov/13678977/,"Lancet (London, England)",10.1016/S0140-6736(03)14333-4,N/A,
12870116,Persistence of a highly resistant strain of tuberculosis in New York City during 1990-1999.,Munsiff SS; Nivin B; Sacajiu G; Mathema B; Bifani P; Kreiswirth BN,2003,2003-08-01,https://pubmed.ncbi.nlm.nih.gov/12870116/,The Journal of infectious diseases,10.1086/376837,N/A,
12791779,"Clinical evaluation of the Emergency Medical Services (EMS) ambulance dispatch-based syndromic surveillance system, New York City.",Greenko J; Mostashari F; Fine A; Layton M,2003,2003-06-01,https://pubmed.ncbi.nlm.nih.gov/12791779/,Journal of urban health : bulletin of the New York Academy of Medicine,10.1007/pl00022315,N/A,
12791778,"Use of ambulance dispatch data as an early warning system for communitywide influenzalike illness, New York City.",Mostashari F; Fine A; Das D; Adams J; Layton M,2003,2003-06-01,https://pubmed.ncbi.nlm.nih.gov/12791778/,Journal of urban health : bulletin of the New York Academy of Medicine,10.1007/pl00022314,N/A,
12791775,New York City and state legal authorities related to syndromic surveillance.,Lopez W,2003,2003-06-01,https://pubmed.ncbi.nlm.nih.gov/12791775/,Journal of urban health : bulletin of the New York Academy of Medicine,10.1007/pl00022311,N/A,
12781002,Dead bird clusters as an early warning system for West Nile virus activity.,Mostashari F; Kulldorff M; Hartman JJ; Miller JR; Kulasekera V,2003,2003-06-01,https://pubmed.ncbi.nlm.nih.gov/12781002/,Emerging infectious diseases,10.3201/eid0906.020794,N/A,
12728136,"Missed opportunities for perinatal HIV prevention among HIV-exposed infants born 1996-2000, pediatric spectrum of HIV disease cohort.",Peters V; Liu KL; Dominguez K; Frederick T; Melville S; Hsu HW; Ortiz I; Rakusan T; Gill B; Thomas P,2003,2003-05-01,https://pubmed.ncbi.nlm.nih.gov/12728136/,Pediatrics,N/A,N/A,
12721142,Death of a senator: life expectancy and causes of death in 20th-century US senators.,Feldman G,2003,2003-05-01,https://pubmed.ncbi.nlm.nih.gov/12721142/,American journal of public health,10.2105/ajph.93.5.771,N/A,
12643832,"Epidemiology of meningococcal disease, New York City, 1989-2000.",Moura AS; Pablos-Méndez A; Layton M; Weiss D,2003,2003-03-01,https://pubmed.ncbi.nlm.nih.gov/12643832/,Emerging infectious diseases,10.3201/eid0903.020071,N/A,
15040207,"New York City's communication trials by fire, from West Nile to SARS.",Mullin S,2003,2003-01-01,https://pubmed.ncbi.nlm.nih.gov/15040207/,"Biosecurity and bioterrorism : biodefense strategy, practice, and science",10.1089/153871303771861478,N/A,
14728449,Development of competency-based on-line public health informatics tutorials: accessing and using on-line public health data and information.,Morrison F; Malpas C; Kukafka R,2003,2003-01-01,https://pubmed.ncbi.nlm.nih.gov/14728449/,AMIA ... Annual Symposium proceedings. AMIA Symposium,N/A,N/A,
14705847,"Status epilepticus from an illegally imported Chinese rodenticide: ""tetramine"".",Barrueto F; Furdyna PM; Hoffman RS; Hoffman RJ; Nelson LS,2003,2003-01-01,https://pubmed.ncbi.nlm.nih.gov/14705847/,Journal of toxicology. Clinical toxicology,10.1081/clt-120026523,N/A,
14692569,"The anthrax attacks in New York City: the ""Giuliani press conference model"" and other communication strategies that helped.",Mullin S,2003,2003-01-01,https://pubmed.ncbi.nlm.nih.gov/14692569/,Journal of health communication,10.1080/713851984,N/A,
12817930,Asthma in New York City.,Davis LE; Lee J; Garg R; Leighton J; Goodman A; Cohen L; Morris C; Rome M,2003,2003-01-01,https://pubmed.ncbi.nlm.nih.gov/12817930/,The Journal of asthma : official journal of the Association for the Care of Asthma,N/A,N/A,
12758194,Tuberculosis control: past 10 years and future progress.,Frieden TR; Driver CR,2003,2003-01-01,https://pubmed.ncbi.nlm.nih.gov/12758194/,"Tuberculosis (Edinburgh, Scotland)",10.1016/s1472-9792(02)00060-4,N/A,
12508516,The legal context of mosquito control for West Nile Virus in New York City.,Lopez W; Miller JR,2002,2002-01-01,https://pubmed.ncbi.nlm.nih.gov/12508516/,"The Journal of law, medicine & ethics : a journal of the American Society of Law, Medicine & Ethics",N/A,N/A,
15924980,Effectiveness of a large-scale distribution programme of free nicotine patches: a prospective evaluation.,Miller N; Frieden TR; Liu SY; Matte TD; Mostashari F; Deitcher DR; Cummings KM; Chang C; Bauer U; Bassett MT,,-01-01,https://pubmed.ncbi.nlm.nih.gov/15924980/,"Lancet (London, England)",10.1016/S0140-6736(05)66615-9,N/A,
15885284,Lymphogranuloma venereum in the industrialised world.,Blank S; Schillinger JA; Harbatkin D,,-01-01,https://pubmed.ncbi.nlm.nih.gov/15885284/,"Lancet (London, England)",10.1016/S0140-6736(05)66490-2,N/A,
25550417,"Trends in smoking among adults with serious psychological distress during comprehensive tobacco control in New York City, 2003-2012.",Jasek JP; Williams JM; Mandel-Ricci J; Johns M,2015,11/1/15,https://pubmed.ncbi.nlm.nih.gov/25550417/,Tobacco control,10.1136/tobaccocontrol-2014-052024,Cessation; Disparities; Priority/special populations,
24789607,Smoke-free parks and beaches: an interrupted time-series study of behavioural impact in New York City.,Johns M; Farley SM; Rajulu DT; Kansagra SM; Juster HR,2015,9/1/15,https://pubmed.ncbi.nlm.nih.gov/24789607/,Tobacco control,10.1136/tobaccocontrol-2013-051335,Denormalization; Environment; Secondhand smoke,
25363807,"Human Brucella canis Infection and Subsequent Laboratory Exposures Associated with a Puppy, New York City, 2012.",Dentinger CM; Jacob K; Lee LV; Mendez HA; Chotikanatis K; McDonough PL; Chico DM; De BK; Tiller RV; Traxler RM; Campagnolo ER; Schmitt D; Guerra MA; Slavinski SA,2015,8/1/15,https://pubmed.ncbi.nlm.nih.gov/25363807/,Zoonoses and public health,10.1111/zph.12163,Brucella canis; Brucella infection; brucellosis; canine brucellosis; laboratory exposure; personal protection; pet breeders; pet dogs; veterinary treatment; zoonosis,
25387450,"Characteristics and TB treatment outcomes in TB patients with viral hepatitis, New York City, 2000-2010.",Bushnell G; Stennis NL; Drobnik AM; Proops DC; Ahuja SD; Bornschlegel K; Fuld J,2015,7/1/15,https://pubmed.ncbi.nlm.nih.gov/25387450/,Epidemiology and infection,10.1017/S0950268814002970,Hepatitis C; hepatitis B; infectious disease epidemiology; surveillance; tuberculosis (TB),
24610054,One cigarette is one too many: evaluating a light smoker-targeted media campaign.,Jasek JP; Johns M; Mbamalu I; Auer K; Kilgore EA; Kansagra SM,2015,7/1/15,https://pubmed.ncbi.nlm.nih.gov/24610054/,Tobacco control,10.1136/tobaccocontrol-2013-051348,N/A,
25255366,Mortality of New York children with sickle cell disease identified through newborn screening.,Wang Y; Liu G; Caggana M; Kennedy J; Zimmerman R; Oyeku SO; Werner EM; Grant AM; Green NS; Grosse SD,2015,6/1/15,https://pubmed.ncbi.nlm.nih.gov/25255366/,Genetics in medicine : official journal of the American College of Medical Genetics,10.1038/gim.2014.123,N/A,
25521904,An evaluation of voluntary 2-dose varicella vaccination coverage in New York City public schools.,Doll MK; Rosen JB; Bialek SR; Szeto H; Zimmerman CM,2015,5/1/15,https://pubmed.ncbi.nlm.nih.gov/25521904/,American journal of public health,10.2105/AJPH.2014.302229,N/A,
25393181,"Disparities in tuberculosis burden among South Asians living in New York City, 2001-2010.",Stennis N; Trieu L; Perri B; Anderson J; Mushtaq M; Ahuja S,2015,5/1/15,https://pubmed.ncbi.nlm.nih.gov/25393181/,American journal of public health,10.2105/AJPH.2014.302056,N/A,
25170631,"HIV and viral hepatitis co-infection in New York City, 2000-2010: prevalence and case characteristics.",Prussing C; Chan C; Pinchoff J; Kersanske L; Bornschlegel K; Balter S; Drobnik A; Fuld J,2015,5/1/15,https://pubmed.ncbi.nlm.nih.gov/25170631/,Epidemiology and infection,10.1017/S0950268814002209,surveillance,
24365700,Public opinions on tax and retail-based tobacco control strategies.,Farley SM; Coady MH; Mandel-Ricci J; Waddell EN; Chan C; Kilgore EA; Kansagra SM,2015,3/1/15,https://pubmed.ncbi.nlm.nih.gov/24365700/,Tobacco control,10.1136/tobaccocontrol-2013-051272,Prevention; Public opinion; Public policy,
25482501,Crystal methamphetamine use and HIV medical outcomes among HIV-infected men who have sex with men accessing support services in New York.,Feldman MB; Thomas JA; Alexy ER; Irvine MK,2015,2/1/15,https://pubmed.ncbi.nlm.nih.gov/25482501/,Drug and alcohol dependence,10.1016/j.drugalcdep.2014.09.780,HIV; Men who have sex with men; Methamphetamine; Viral suppression,
25301208,Improvements in HIV care engagement and viral load suppression following enrollment in a comprehensive HIV care coordination program.,Irvine MK; Chamberlin SA; Robbins RS; Myers JE; Braunstein SL; Mitts BJ; Harriman GA; Laraque F; Nash D,2015,1/15/15,https://pubmed.ncbi.nlm.nih.gov/25301208/,Clinical infectious diseases : an official publication of the Infectious Diseases Society of America,10.1093/cid/ciu783,Ryan White; implementation science; intervention effectiveness; outcomes evaluation; public health surveillance,
25449828,"Construct validity of a single-item, self-rated question of diet quality.",Loftfield E; Yi S; Immerwahr S; Eisenhower D,2015,1/1/15,https://pubmed.ncbi.nlm.nih.gov/25449828/,Journal of nutrition education and behavior,10.1016/j.jneb.2014.09.003,diet surveys; health surveys; public health,
25403463,A Road Not Taken: substance abuse programming in the New York City jail system.,Selling D; Lee D; Solimo A; Venters H,2015,1/1/15,https://pubmed.ncbi.nlm.nih.gov/25403463/,Journal of correctional health care : the official journal of the National Commission on Correctional Health Care,10.1177/1078345814557248,diversion; jail; program evaluation; recidivism; substance abuse,
25294369,Independent associations of sodium intake with measures of body size and predictive body fatness.,Yi SS; Firestone MJ; Beasley JM,2015,1/1/15,https://pubmed.ncbi.nlm.nih.gov/25294369/,"Obesity (Silver Spring, Md.)",10.1002/oby.20912,N/A,
25244628,The high proportion of late HIV diagnoses in the USA is likely to stay: findings from a mathematical model.,Xia Q; Kobrak P; Wiewel EW; Torian LV,2015,1/1/15,https://pubmed.ncbi.nlm.nih.gov/25244628/,AIDS care,10.1080/09540121.2014.958430,HIV; USA; diagnosis; mathematical model; surveillance,
25244545,Linkage and retention in care and the time to HIV viral suppression and viral rebound - New York City.,Robertson M; Laraque F; Mavronicolas H; Braunstein S; Torian L,2015,1/1/15,https://pubmed.ncbi.nlm.nih.gov/25244545/,AIDS care,10.1080/09540121.2014.959463,HIV viral load; HIV viral rebound; HIV viral suppression; initiation of care; linkage to care; retention in care,
24477313,Designing a quality improvement program with electronic health records: New York City's Health eQuits.,Duquaine D; Farley SM; Sacks R; Mandel-Ricci J; Silfen SL; Shih SC,2015,1/1/15,https://pubmed.ncbi.nlm.nih.gov/24477313/,American journal of medical quality : the official journal of the American College of Medical Quality,10.1177/1062860613520406,community health centers; electronic health records; quality improvement; smoking cessation intervention,
23933949,Understanding the relationship between social support and physical and mental well-being among jail detainees living with HIV.,Arriola KJ; Spaulding AC; Booker CA; Williams C; Avery A; Porter NJ; Jordan AO; Loewenthal H; Frew PM,2015,1/1/15,https://pubmed.ncbi.nlm.nih.gov/23933949/,Journal of health psychology,10.1177/1359105313496447,AIDS; adults; social support; socioeconomic status; well-being,
25365783,The public health benefits of reducing fine particulate matter through conversion to cleaner heating fuels in New York City.,Kheirbek I; Haney J; Douglas S; Ito K; Caputo S; Matte T,2014,12/2/14,https://pubmed.ncbi.nlm.nih.gov/25365783/,Environmental science & technology,10.1021/es503587p,N/A,
25859690,"Assessing electronic death registration and american red cross systems for mortality surveillance during Hurricane Sandy, October 29-November 10, 2012, New York City.",Howland RE; Madsen AM; Nicaj L; Noe RS; Casey-Lockyer M; Begier E,2014,12/1/14,https://pubmed.ncbi.nlm.nih.gov/25859690/,Disaster medicine and public health preparedness,10.1017/dmp.2014.133,public health surveillance,
25470556,Comorbidity of 9/11-related PTSD and depression in the World Trade Center Health Registry 10-11 years postdisaster.,Caramanica K; Brackbill RM; Liao T; Stellman SD,2014,12/1/14,https://pubmed.ncbi.nlm.nih.gov/25470556/,Journal of traumatic stress,10.1002/jts.21972,N/A,
25453336,An HIV-1 RNA test following a reactive fourth-generation antigen/antibody combination assay confirms a high proportion of HIV infections.,Westheimer E; Fu J; Radix A; Giancotti FR; Hall L; Daskalakis DC; Tsoi B; Peters PJ,2014,12/1/14,https://pubmed.ncbi.nlm.nih.gov/25453336/,Journal of clinical virology : the official publication of the Pan American Society for Clinical Virology,10.1016/j.jcv.2014.10.010,N/A,
25384490,Adolescent vaccine co-administration and coverage in New York City: 2007-2013.,Sull M; Eavey J; Papadouka V; Mandell R; Hansen MA; Zucker JR,2014,12/1/14,https://pubmed.ncbi.nlm.nih.gov/25384490/,Pediatrics,10.1542/peds.2014-1452,HPV vaccine; MCV4; Tdap; adolescent immunization; co-administration,
25320885,"Acceptability of home self-tests for HIV in New York City, 2006.",Myers JE; Bodach S; Cutler BH; Shepard CW; Philippou C; Branson BM,2014,12/1/14,https://pubmed.ncbi.nlm.nih.gov/25320885/,American journal of public health,10.2105/AJPH.2014.302271,N/A,
25287906,Factors related to clinical quality improvement for small practices using an EHR.,Wang JJ; Cha J; Sebek KM; McCullough CM; Parsons AS; Singer J; Shih SC,2014,12/1/14,https://pubmed.ncbi.nlm.nih.gov/25287906/,Health services research,10.1111/1475-6773.12243,PCMH; Quality measurement; meaningful use; pay-for-performance; primary care,
25239639,Predictors of senior center use among older adults in New York City public housing.,Schneider AE; Ralph N; Olson C; Flatley AM; Thorpe L,2014,12/1/14,https://pubmed.ncbi.nlm.nih.gov/25239639/,Journal of urban health : bulletin of the New York Academy of Medicine,10.1007/s11524-014-9906-3,N/A,
25217445,"Response to letter to the editor titled ""Medicaid reimbursement for immediate post-abortion provision of long-acting reversible contraception reduces both unintended pregnancies and health care expenditures"".",Langston A,2014,12/1/14,https://pubmed.ncbi.nlm.nih.gov/25217445/,Contraception,10.1016/j.contraception.2014.07.014,Contraceptives; Cost savings; IUD; Reproductive health access,
25117526,Building safety into active living initiatives.,Pollack KM; Bailey MM; Gielen AC; Wolf S; Auld ME; Sleet DA; Lee KK,2014,12/1/14,https://pubmed.ncbi.nlm.nih.gov/25117526/,Preventive medicine,10.1016/j.ypmed.2014.08.010,Building design; Physical activity; Safety; Urban design; Wounds and injuries,
25108581,Medicaid reimbursement for immediate post-abortion provision of long-acting reversible contraception reduces both unintended pregnancies and health care expenditures.,Tsao TY; Yunzal-Butler C; Sackoff J; Kaplan D,2014,12/1/14,https://pubmed.ncbi.nlm.nih.gov/25108581/,Contraception,10.1016/j.contraception.2014.05.020,Contraceptives; Cost savings; IUD; Reproductive health access,
25088395,The effects of changes in physical fitness on academic performance among New York City youth.,Bezold CP; Konty KJ; Day SE; Berger M; Harr L; Larkin M; Napier MD; Nonas C; Saha S; Harris TG; Stark JH,2014,12/1/14,https://pubmed.ncbi.nlm.nih.gov/25088395/,The Journal of adolescent health : official publication of the Society for Adolescent Medicine,10.1016/j.jadohealth.2014.06.006,Academic performance; Obesity; Physical activity; Physical fitness,
24432875,"Sodium intake in a cross-sectional, representative sample of New York City adults.",Angell SY; Yi S; Eisenhower D; Kerker BD; Curtis CJ; Bartley K; Silver LD; Farley TA,2014,12/1/14,https://pubmed.ncbi.nlm.nih.gov/24432875/,American journal of public health,10.2105/AJPH.2013.301542,N/A,
25427318,"Test of an electronic program to query clinicians about nonspecific causes reported for pneumonia deaths, New York City, 2012.",Korin L; Das T; Madsen A; Soto A; Begier E,2014,11/26/14,https://pubmed.ncbi.nlm.nih.gov/25427318/,Preventing chronic disease,10.5888/pcd11.140282,N/A,
25419175,"The illness narratives of men involved in the criminal justice system: A study of health behaviors, chronic conditions and HIV/AIDS.",Valera P; Kratz M,2014,11/1/14,https://pubmed.ncbi.nlm.nih.gov/25419175/,"Journal of social work (London, England)",10.1177/1468017313503944,HIV/AIDS transmission issues and risk; incarcerated; qualitative research; treatment issues,
25299418,"Predictors of index patient acceptance of expedited partner therapy for Chlamydia trachomatis infection and reasons for refusal, sexually transmitted disease clinics, New York City, 2011 to 2012.",Vaidya S; Johnson K; Rogers M; Nash D; Schillinger JA,2014,11/1/14,https://pubmed.ncbi.nlm.nih.gov/25299418/,Sexually transmitted diseases,10.1097/OLQ.0000000000000197,N/A,
25299414,"For partner services, do we need ""face-time,"" or FaceTime?: Trends in relative proportion of in-person notifications and HIV testing after introduction of a telephone option for HIV exposure notification by public health.",Udeagu CC; Bocour A; Shepard CW,2014,11/1/14,https://pubmed.ncbi.nlm.nih.gov/25299414/,Sexually transmitted diseases,10.1097/OLQ.0000000000000192,N/A,
25299410,Neighborhoods at risk: estimating risk of higher Neisseria gonorrhoeae incidence among women at the census tract level.,Stenger MR; Samuel MC; Anschuetz GL; Pugsley R; Eaglin M; Klingler E; Reed M; Schumacher CM; Simon J; Weinstock H,2014,11/1/14,https://pubmed.ncbi.nlm.nih.gov/25299410/,Sexually transmitted diseases,10.1097/OLQ.0000000000000195,N/A,
25211737,Beyond the bridge: evaluating a novel mental health program in the New York City jail system.,Glowa-Kollisch S; Lim S; Summers C; Cohen L; Selling D; Venters H,2014,11/1/14,https://pubmed.ncbi.nlm.nih.gov/25211737/,American journal of public health,10.2105/AJPH.2014.302126,N/A,
25211736,Menthol smokers in large-scale nicotine replacement therapy program.,Thihalolipavan S; Jung M; Jasek J; Chamany S,2014,11/1/14,https://pubmed.ncbi.nlm.nih.gov/25211736/,American journal of public health,10.2105/AJPH.2014.302168,N/A,
25199872,"Intra-urban vulnerability to heat-related mortality in New York City, 1997-2006.",Klein Rosenthal J; Kinney PL; Metzger KB,2014,11/1/14,https://pubmed.ncbi.nlm.nih.gov/25199872/,Health & place,10.1016/j.healthplace.2014.07.014,Health disparities; Heat-related mortality; Housing quality; Neighborhood characteristics; Vulnerability,
25193719,Correlates of selling sex among male injection drug users in New York City.,Reilly KH; Neaigus A; Wendel T; Marshall Iv DM; Hagan H,2014,11/1/14,https://pubmed.ncbi.nlm.nih.gov/25193719/,Drug and alcohol dependence,10.1016/j.drugalcdep.2014.08.010,Drug use; Exchange sex; Injection drug use; Men; Sexual behavior,
25124372,Reengagement of high-need individuals with serious mental illness after discontinuation of services.,Smith TE; Stein BD; Donahue SA; Sorbero MJ; Karpati A; Marsik T; Myers RW; Thomann-Howe D; Appel A; Essock SM,2014,11/1/14,https://pubmed.ncbi.nlm.nih.gov/25124372/,"Psychiatric services (Washington, D.C.)",10.1176/appi.ps.201300549,N/A,
25082831,Teen use of flavored tobacco products in new york city.,Farley SM; Seoh H; Sacks R; Johns M,2014,11/1/14,https://pubmed.ncbi.nlm.nih.gov/25082831/,Nicotine & tobacco research : official journal of the Society for Research on Nicotine and Tobacco,10.1093/ntr/ntu126,N/A,
25321635,"Evaluation design of New York City's regulations on nutrition, physical activity, and screen time in early child care centers.",Breck A; Goodman K; Dunn L; Stephens RL; Dawkins N; Dixon B; Jernigan J; Kakietek J; Lesesne C; Lessard L; Nonas C; O'Dell SA; Osuji TA; Bronson B; Xu Y; Kettel Khan L,2014,10/16/14,https://pubmed.ncbi.nlm.nih.gov/25321635/,Preventing chronic disease,10.5888/pcd11.130431,N/A,
25321634,"Measurement of compliance with New York City's regulations on beverages, physical activity, and screen time in early child care centers.",Lessard L; Lesesne C; Kakietek J; Breck A; Jernigan J; Dunn L; Nonas C; O'Dell SA; Stephens RL; Xu Y; Kettel Khan L,2014,10/16/14,https://pubmed.ncbi.nlm.nih.gov/25321634/,Preventing chronic disease,10.5888/pcd11.130433,N/A,
25321633,"Rationale for New York City's regulations on nutrition, physical activity, and screen time in early child care centers.",Nonas C; Silver LD; Kettel Khan L; Leviton L,2014,10/16/14,https://pubmed.ncbi.nlm.nih.gov/25321633/,Preventing chronic disease,10.5888/pcd11.130435,N/A,
25321630,"Relationship between child care centers' compliance with physical activity regulations and children's physical activity, New York City, 2010.",Stephens RL; Xu Y; Lesesne CA; Dunn L; Kakietek J; Jernigan J; Khan LK,2014,10/16/14,https://pubmed.ncbi.nlm.nih.gov/25321630/,Preventing chronic disease,10.5888/pcd11.130432,N/A,
25321629,"Insights and implications for health departments from the evaluation of New York City's regulations on nutrition, physical activity, and screen time in child care centers.",Nonas C; Silver LD; Kettel Khan L,2014,10/16/14,https://pubmed.ncbi.nlm.nih.gov/25321629/,Preventing chronic disease,10.5888/pcd11.130429,N/A,
25321628,Training and technical assistance for compliance with beverage and physical activity components of New York City's regulations for early child care centers.,Kakietek J; Dunn L; O'Dell SA; Jernigan J; Kettel Khan L,2014,10/16/14,https://pubmed.ncbi.nlm.nih.gov/25321628/,Preventing chronic disease,10.5888/pcd11.130434,N/A,
25275805,Institution-to-institution mentoring to build capacity in 24 local US health departments: best practices and lessons learned.,Veatch M; Goldstein GP; Sacks R; Lent M; Van Wye G,2014,10/2/14,https://pubmed.ncbi.nlm.nih.gov/25275805/,Preventing chronic disease,10.5888/pcd11.140017,N/A,
25211262,Bringing HIV partner services into the age of social media and mobile connectivity.,Udeagu CC; Bocour A; Shah S; Ramos Y; Gutierrez R; Shepard CW,2014,10/1/14,https://pubmed.ncbi.nlm.nih.gov/25211262/,Sexually transmitted diseases,10.1097/OLQ.0000000000000181,N/A,
24841560,Does it get easier to use an EHR? Report from an urban regional extension center.,Ryan MS; Shih SC; Winther CH; Wang JJ,2014,10/1/14,https://pubmed.ncbi.nlm.nih.gov/24841560/,Journal of general internal medicine,10.1007/s11606-014-2891-0,N/A,
24522520,"Understanding perinatal death: a systematic analysis of New York City fetal and neonatal death vital record data and implications for improvement, 2007-2011.",Lee EJ; Gambatese M; Begier E; Soto A; Das T; Madsen A,2014,10/1/14,https://pubmed.ncbi.nlm.nih.gov/24522520/,Maternal and child health journal,10.1007/s10995-014-1440-0,N/A,
24407771,Baseline characteristics and Latino versus non-Latino contrasts among Bronx A1C study participants.,Walker EA; Silver LD; Chamany S; Schechter CB; Gonzalez JS; Carrasco J; Powell D; Berger D; Basch CE,2014,10/1/14,https://pubmed.ncbi.nlm.nih.gov/24407771/,Western journal of nursing research,10.1177/0193945913517947,Latino; diabetes; self-management support; telephonic intervention,
25734119,Estimated Prevalence of Tuberculosis Infection Among a New York City Clinic Population Using Interferon-gamma Release Assays.,Stennis NL; Trieu L; Ahuja SD; Harris TG,2014,9/1/14,https://pubmed.ncbi.nlm.nih.gov/25734119/,Open forum infectious diseases,10.1093/ofid/ofu047,immunologic tests; latent tuberculosis; public health,
25122585,"Re: ""Estimated rate of reactivation of latent tuberculosis infection in the United States, overall and by population subgroup"".",Sanderson JM; Meissner JS; Ahuja SD,2014,9/1/14,https://pubmed.ncbi.nlm.nih.gov/25122585/,American journal of epidemiology,10.1093/aje/kwu205,N/A,
25122562,Small primary care physician practices have low rates of preventable hospital admissions.,Casalino LP; Pesko MF; Ryan AM; Mendelsohn JL; Copeland KR; Ramsay PP; Sun X; Rittenhouse DR; Shortell SM,2014,9/1/14,https://pubmed.ncbi.nlm.nih.gov/25122562/,Health affairs (Project Hope),10.1377/hlthaff.2014.0434,Cost of Health Care; Organization and Delivery of Care; Primary Care; Quality Of Care,
25100231,The intended and unintended consequences of quality improvement interventions for small practices in a community-based electronic health record implementation project.,Ryan AM; McCullough CM; Shih SC; Wang JJ; Ryan MS; Casalino LP,2014,9/1/14,https://pubmed.ncbi.nlm.nih.gov/25100231/,Medical care,10.1097/MLR.0000000000000186,N/A,
25033144,"Retention in care and viral suppression among persons living with HIV/AIDS in New York City, 2006-2010.",Torian LV; Xia Q; Wiewel EW,2014,9/1/14,https://pubmed.ncbi.nlm.nih.gov/25033144/,American journal of public health,10.2105/AJPH.2014.302080,N/A,
25033123,Preventing childhood obesity: what are we doing right?,Farley TA; Dowell D,2014,9/1/14,https://pubmed.ncbi.nlm.nih.gov/25033123/,American journal of public health,10.2105/AJPH.2014.302015,N/A,
24879890,Posttraumatic stress disorder and new-onset diabetes among adult survivors of the World Trade Center disaster.,Miller-Archie SA; Jordan HT; Ruff RR; Chamany S; Cone JE; Brackbill RM; Kong J; Ortega F; Stellman SD,2014,9/1/14,https://pubmed.ncbi.nlm.nih.gov/24879890/,Preventive medicine,10.1016/j.ypmed.2014.05.016,Diabetes; Disaster registry; Posttraumatic stress disorder; Prospective cohort; World Trade Center,
25167090,"Prevalence of partially hydrogenated oils in US packaged foods, 2012.",Clapp J; Curtis CJ; Middleton AE; Goldstein GP,2014,8/28/14,https://pubmed.ncbi.nlm.nih.gov/25167090/,Preventing chronic disease,10.5888/pcd11.140161,N/A,
25198602,Creating student sleuths: how a team of graduate students helped solve an outbreak of Salmonella Heidelberg infections associated with kosher broiled chicken livers.,Hanson H; Hancock WT; Harrison C; Kornstein L; Waechter H; Reddy V; Luker J; Malavet M; Huth P; Gieraltowski L; Balter S,2014,8/1/14,https://pubmed.ncbi.nlm.nih.gov/25198602/,Journal of food protection,10.4315/0362-028X.JFP-13-564,N/A,
25044202,Strategies to reduce youth tobacco use: opportunities for local government.,Kansagra SM,2014,8/1/14,https://pubmed.ncbi.nlm.nih.gov/25044202/,American journal of preventive medicine,10.1016/j.amepre.2014.04.014,N/A,
24922141,Intervention model for contaminated consumer products: a multifaceted tool for protecting public health.,Hore P; Ahmed M; Nagin D; Clark N,2014,8/1/14,https://pubmed.ncbi.nlm.nih.gov/24922141/,American journal of public health,10.2105/AJPH.2014.301912,N/A,
24899033,Molecular characterization of methicillin-resistant Staphylococcus aureus clinical isolates obtained from the Rikers Island Jail System from 2009 to 2013.,Tanner J; Lin Y; Kornblum J; Herzig CT; Bystritsky R; Uhlemann AC; Lowy FD,2014,8/1/14,https://pubmed.ncbi.nlm.nih.gov/24899033/,Journal of clinical microbiology,10.1128/JCM.01129-14,N/A,
24840742,Assessing capacity and disease burden in a virtual network of New York City primary care providers following Hurricane Sandy.,Sebek K; Jacobson L; Wang J; Newton-Dame R; Singer J,2014,8/1/14,https://pubmed.ncbi.nlm.nih.gov/24840742/,Journal of urban health : bulletin of the New York Academy of Medicine,10.1007/s11524-014-9874-7,N/A,
25011000,"Severe obesity among children in New York City public elementary and middle schools, school years 2006-07 through 2010-11.",Day SE; Konty KJ; Leventer-Roberts M; Nonas C; Harris TG,2014,7/10/14,https://pubmed.ncbi.nlm.nih.gov/25011000/,Preventing chronic disease,10.5888/pcd11.130439,N/A,
26250377,Electronic health records and technical assistance to improve quality of primary care: Lessons for regional extension centers.,Boas SJ; Bishop TF; Ryan AM; Shih SC; Casalino LP,2014,7/1/14,https://pubmed.ncbi.nlm.nih.gov/26250377/,"Healthcare (Amsterdam, Netherlands)",10.1016/j.hjdsi.2013.10.003,Information technology; Medical informatics; Public health; Quality of health care,
24984157,Biomonitoring of Exposure to Organophosphate Pesticides: McKelvey et al. Respond.,McKelvey W; Jacobson JB; Kass D; Barr DB,2014,7/1/14,https://pubmed.ncbi.nlm.nih.gov/24984157/,Environmental health perspectives,10.1289/ehp.1408444R,N/A,
24922109,Insurance and billing concerns among patients seeking free and confidential sexually transmitted disease care: New York City sexually transmitted disease clinics 2012.,Washburn K; Goodwin C; Pathela P; Blank S,2014,7/1/14,https://pubmed.ncbi.nlm.nih.gov/24922109/,Sexually transmitted diseases,10.1097/OLQ.0000000000000137,N/A,
24922102,Multilevel risk factors for greater HIV infection of black men who have sex with men in New York City.,Neaigus A; Reilly KH; Jenness SM; Wendel T; Marshall DM; Hagan H,2014,7/1/14,https://pubmed.ncbi.nlm.nih.gov/24922102/,Sexually transmitted diseases,10.1097/OLQ.0000000000000144,N/A,
24831753,Frequent binge drinking five to six years after exposure to 9/11: findings from the World Trade Center Health Registry.,Welch AE; Caramanica K; Maslow CB; Cone JE; Farfel MR; Keyes KM; Stellman SD; Hasin DS,2014,7/1/14,https://pubmed.ncbi.nlm.nih.gov/24831753/,Drug and alcohol dependence,10.1016/j.drugalcdep.2014.04.013,"9/11; Frequent binge drinking; PTSD; Posttraumatic stress disorder; September 11, 2001; World Trade Center",
24704504,The impact of neighborhood park access and quality on body mass index among adults in New York City.,Stark JH; Neckerman K; Lovasi GS; Quinn J; Weiss CC; Bader MD; Konty K; Harris TG; Rundle A,2014,7/1/14,https://pubmed.ncbi.nlm.nih.gov/24704504/,Preventive medicine,10.1016/j.ypmed.2014.03.026,Environment; Epidemiology; Neighborhood; Obesity; Urban; Walkability,
24941176,Tuberculosis control in New York City--a changing landscape.,Macaraig M; Burzynski J; Varma JK,2014,6/19/14,https://pubmed.ncbi.nlm.nih.gov/24941176/,The New England journal of medicine,10.1056/NEJMp1402147,N/A,
25474604,Data-driven human rights: using the electronic health record to promote human rights in jail.,Glowa-Kollisch S; Andrade K; Stazesky R; Teixeira P; Kaba F; Macdonald R; Rosner Z; Selling D; Parsons A; Venters H,2014,6/14/14,https://pubmed.ncbi.nlm.nih.gov/25474604/,Health and human rights,N/A,N/A,
25180435,Patient-centered medical home and quality measurement in small practices.,Wang JJ; Winther CH; Cha J; McCullough CM; Parsons AS; Singer J; Shih SC,2014,6/1/14,https://pubmed.ncbi.nlm.nih.gov/25180435/,The American journal of managed care,N/A,N/A,
24842744,"Associations of sodium intake with obesity, body mass index, waist circumference, and weight.",Yi SS; Kansagra SM,2014,6/1/14,https://pubmed.ncbi.nlm.nih.gov/24842744/,American journal of preventive medicine,10.1016/j.amepre.2014.02.005,N/A,
24825340,"Would targeting increase efficiency of syphilis partner services programs?--Data from New York City, Philadelphia, Texas, and Virginia.",Hoots BE; Lewis FM; Anschuetz G; Schillinger JA; Blank S; Foskey T; Stover JA; Peterman TA,2014,6/1/14,https://pubmed.ncbi.nlm.nih.gov/24825340/,Sexually transmitted diseases,10.1097/OLQ.0000000000000130,N/A,
24825232,Making it harder to smoke and easier to quit: the effect of 10 years of tobacco control in New York City.,Kilgore EA; Mandel-Ricci J; Johns M; Coady MH; Perl SB; Goodman A; Kansagra SM,2014,6/1/14,https://pubmed.ncbi.nlm.nih.gov/24825232/,American journal of public health,10.2105/AJPH.2014.301940,N/A,
24825197,Legal and policy barriers to sharing data between public health programs in New York City: a case study.,Gasner MR; Fuld J; Drobnik A; Varma JK,2014,6/1/14,https://pubmed.ncbi.nlm.nih.gov/24825197/,American journal of public health,10.2105/AJPH.2013.301775,N/A,
24488652,Spatial variation in environmental noise and air pollution in New York City.,Kheirbek I; Ito K; Neitzel R; Kim J; Johnson S; Ross Z; Eisl H; Matte T,2014,6/1/14,https://pubmed.ncbi.nlm.nih.gov/24488652/,Journal of urban health : bulletin of the New York Academy of Medicine,10.1007/s11524-013-9857-0,N/A,
24297476,Extreme heat awareness and protective behaviors in New York City.,Lane K; Wheeler K; Charles-Guzman K; Ahmed M; Blum M; Gregory K; Graber N; Clark N; Matte T,2014,6/1/14,https://pubmed.ncbi.nlm.nih.gov/24297476/,Journal of urban health : bulletin of the New York Academy of Medicine,10.1007/s11524-013-9850-7,N/A,
24885506,Unmet mental health care need 10-11 years after the 9/11 terrorist attacks: 2011-2012 results from the World Trade Center Health Registry.,Ghuman SJ; Brackbill RM; Stellman SD; Farfel MR; Cone JE,2014,5/22/14,https://pubmed.ncbi.nlm.nih.gov/24885506/,BMC public health,10.1186/1471-2458-14-491,N/A,
24716570,Geography should not be destiny: focusing HIV/AIDS implementation research and programs on microepidemics in US neighborhoods.,Nunn A; Yolken A; Cutler B; Trooskin S; Wilson P; Little S; Mayer K,2014,5/1/14,https://pubmed.ncbi.nlm.nih.gov/24716570/,American journal of public health,10.2105/AJPH.2013.301864,N/A,
24655601,Case series of exercise-induced rhabdomyolysis in the New York City jail system.,MacDonald R; Rosner Z; Venters H,2014,5/1/14,https://pubmed.ncbi.nlm.nih.gov/24655601/,The American journal of emergency medicine,10.1016/j.ajem.2013.08.051,N/A,
24625166,Developing built environment programs in local health departments: lessons learned from a nationwide mentoring program.,Rube K; Veatch M; Huang K; Sacks R; Lent M; Goldstein GP; Lee KK,2014,5/1/14,https://pubmed.ncbi.nlm.nih.gov/24625166/,American journal of public health,10.2105/AJPH.2013.301863,N/A,
24614261,We stand by our guidelines.,Pi-Sunyer X; Jensen M; Ryan D; Apovian C; Millen B; Nonas C,2014,5/1/14,https://pubmed.ncbi.nlm.nih.gov/24614261/,Nature reviews. Endocrinology,10.1038/nrendo.2013.271-c1,N/A,
24585562,"Outbreak of measles among persons with prior evidence of immunity, New York City, 2011.",Rosen JB; Rota JS; Hickman CJ; Sowers SB; Mercader S; Rota PA; Bellini WJ; Huang AJ; Doll MK; Zucker JR; Zimmerman CM,2014,5/1/14,https://pubmed.ncbi.nlm.nih.gov/24585562/,Clinical infectious diseases : an official publication of the Infectious Diseases Society of America,10.1093/cid/ciu105,immunity; measles; outbreak; vaccine failure; waning immunity,
24529834,Traumatic brain injury among newly admitted adolescents in the New York city jail system.,Kaba F; Diamond P; Haque A; MacDonald R; Venters H,2014,5/1/14,https://pubmed.ncbi.nlm.nih.gov/24529834/,The Journal of adolescent health : official publication of the Society for Adolescent Medicine,10.1016/j.jadohealth.2013.12.013,Jail; Traumatic brain injury; Violence,
24412006,"Unintentional opioid overdose deaths in New York City, 2005-2010: a place-based approach to reduce risk.",Siegler A; Tuazon E; Bradley O'Brien D; Paone D,2014,5/1/14,https://pubmed.ncbi.nlm.nih.gov/24412006/,The International journal on drug policy,10.1016/j.drugpo.2013.10.015,Drug; Mortality; Opioid; Overdose; Setting,
24335338,Cigarette trafficking in five northeastern US cities.,Davis KC; Grimshaw V; Merriman D; Farrelly MC; Chernick H; Coady MH; Campbell K; Kansagra SM,2014,5/1/14,https://pubmed.ncbi.nlm.nih.gov/24335338/,Tobacco control,10.1136/tobaccocontrol-2013-051244,Economics; Price; Public Policy; Taxation,
24326601,Optimizing the use of surveillance data for monitoring the care status of persons recently diagnosed with HIV in NYC.,Sabharwal CJ; Braunstein SL; Robbins RS; Shepard CW,2014,4/15/14,https://pubmed.ncbi.nlm.nih.gov/24326601/,Journal of acquired immune deficiency syndromes (1999),10.1097/QAI.0000000000000077,N/A,
24560676,Hepatitis B vaccine response among infants born to hepatitis B surface antigen-positive women.,Ko SC; Schillie SF; Walker T; Veselsky SL; Nelson NP; Lazaroff J; Crowley S; Dusek C; Loggins K; Onye K; Fenlon N; Murphy TV,2014,4/11/14,https://pubmed.ncbi.nlm.nih.gov/24560676/,Vaccine,10.1016/j.vaccine.2014.01.099,Antibody response; Hepatitis B; Immunization; Perinatal; Vaccine,
24659763,Surveillance of suicidal and nonsuicidal self-injury in the New York City jail system.,Selling D; Solimo A; Lee D; Horne K; Panove E; Venters H,2014,4/1/14,https://pubmed.ncbi.nlm.nih.gov/24659763/,Journal of correctional health care : the official journal of the National Commission on Correctional Health Care,10.1177/1078345813518637,jail; mental health; self-injury; suicide,
24650846,Toward a healthier city: nutrition standards for New York City government.,Lederer A; Curtis CJ; Silver LD; Angell SY,2014,4/1/14,https://pubmed.ncbi.nlm.nih.gov/24650846/,American journal of preventive medicine,10.1016/j.amepre.2013.11.011,N/A,
24523215,"Deaths among people with hepatitis C in New York City, 2000-2011.",Pinchoff J; Drobnik A; Bornschlegel K; Braunstein S; Chan C; Varma JK; Fuld J,2014,4/1/14,https://pubmed.ncbi.nlm.nih.gov/24523215/,Clinical infectious diseases : an official publication of the Infectious Diseases Society of America,10.1093/cid/ciu075,HIV; coinfection; hepatitis C; mortality; surveillance,
24485991,"Hand, foot, and mouth disease in China, 2008-12: an epidemiological study.",Xing W; Liao Q; Viboud C; Zhang J; Sun J; Wu JT; Chang Z; Liu F; Fang VJ; Zheng Y; Cowling BJ; Varma JK; Farrar JJ; Leung GM; Yu H,2014,4/1/14,https://pubmed.ncbi.nlm.nih.gov/24485991/,The Lancet. Infectious diseases,10.1016/S1473-3099(13)70342-6,N/A,
24184397,Validation of obstetric estimate of gestational age on US birth certificates.,Dietz PM; Bombard JM; Hutchings YL; Gauthier JP; Gambatese MA; Ko JY; Martin JA; Callaghan WM,2014,4/1/14,https://pubmed.ncbi.nlm.nih.gov/24184397/,American journal of obstetrics and gynecology,10.1016/j.ajog.2013.10.875,birth certificates; gestational age; preterm; validation,
24043480,Comparing sugary drinks in the food retail environment in six NYC neighborhoods.,Adjoian T; Dannefer R; Sacks R; Van Wye G,2014,4/1/14,https://pubmed.ncbi.nlm.nih.gov/24043480/,Journal of community health,10.1007/s10900-013-9765-y,N/A,
23605156,Factors associated with recent HIV testing among men who have sex with men in New York City.,Reilly KH; Neaigus A; Jenness SM; Wendel T; Marshall DM; Hagan H,2014,4/1/14,https://pubmed.ncbi.nlm.nih.gov/23605156/,AIDS and behavior,10.1007/s10461-013-0483-3,N/A,
24636819,First time compliance inspections to evaluate an artificial trans fat ban in Nassau County.,Sood RK; Torroella Carney M; Buchman T; Cabello CS; Lynch JF; Frank SH; Trapl ES,2014,3/1/14,https://pubmed.ncbi.nlm.nih.gov/24636819/,Clinical therapeutics,10.1016/j.clinthera.2014.02.001,food policy; nutrition policy; partially hydrogenated oils policy compliance; trans fatty acids,
24521721,Incarceration: a prime opportunity for sexually transmitted infection control.,Pathela P,2014,3/1/14,https://pubmed.ncbi.nlm.nih.gov/24521721/,Sexually transmitted diseases,10.1097/OLQ.0000000000000107,N/A,
24521238,Solitary confinement and risk of self-harm among jail inmates.,Kaba F; Lewis A; Glowa-Kollisch S; Hadler J; Lee D; Alper H; Selling D; MacDonald R; Solimo A; Parsons A; Venters H,2014,3/1/14,https://pubmed.ncbi.nlm.nih.gov/24521238/,American journal of public health,10.2105/AJPH.2013.301742,N/A,
24432950,Health information technology and the primary care information project.,Kaye K; Singer J; Newton-Dame R; Shih SC,2014,3/1/14,https://pubmed.ncbi.nlm.nih.gov/24432950/,American journal of public health,10.2105/AJPH.2013.301787,N/A,
24432922,Government leadership in addressing public health priorities: strides and delays in electronic laboratory reporting in the United States.,Gluskin RT; Mavinkurve M; Varma JK,2014,3/1/14,https://pubmed.ncbi.nlm.nih.gov/24432922/,American journal of public health,10.2105/AJPH.2013.301753,N/A,
24432878,Gender disparities in HIV treatment outcomes following release from jail: results from a multicenter study.,Meyer JP; Zelenev A; Wickersham JA; Williams CT; Teixeira PA; Altice FL,2014,3/1/14,https://pubmed.ncbi.nlm.nih.gov/24432878/,American journal of public health,10.2105/AJPH.2013.301553,N/A,
24355575,"Associations between building design, point-of-decision stair prompts, and stair use in urban worksites.",Ruff RR; Rosenblum R; Fischer S; Meghani H; Adamic J; Lee KK,2014,3/1/14,https://pubmed.ncbi.nlm.nih.gov/24355575/,Preventive medicine,10.1016/j.ypmed.2013.12.006,Environment; Exercise; Hierarchical analysis; Motor activity; Public health,
24442083,"A cluster of methicillin-susceptible Staphylococcus aureus infections at a rheumatology practice, New York City, 2011.",Drezner K; Antwi M; Del Rosso P; Dorsinville M; Kellner P; Ackelsberg J,2014,2/1/14,https://pubmed.ncbi.nlm.nih.gov/24442083/,Infection control and hospital epidemiology,10.1086/674850,N/A,
24413486,"Prevalence of genital warts among sexually transmitted disease clinic patients-sexually transmitted disease surveillance network, United States, January 2010 to December 2011.",Llata E; Stenger M; Bernstein K; Guerry S; Kerani R; Pugsley R; Pathela P; Tabidze I; Weinstock H; SSuN GW Working Group,2014,2/1/14,https://pubmed.ncbi.nlm.nih.gov/24413486/,Sexually transmitted diseases,10.1097/OLQ.0000000000000077,N/A,
24309218,"Immediate postabortion access to IUDs, implants and DMPA reduces repeat pregnancy within 1 year in a New York City practice.",Langston AM; Joslin-Roher SL; Westhoff CL,2014,2/1/14,https://pubmed.ncbi.nlm.nih.gov/24309218/,Contraception,10.1016/j.contraception.2013.10.014,Contraceptives; LARC; Repeat abortion,
24275173,Toxicologic acid-base disorders.,Wiener SW,2014,2/1/14,https://pubmed.ncbi.nlm.nih.gov/24275173/,Emergency medicine clinics of North America,10.1016/j.emc.2013.09.011,Acid-base; Acidemia; Alkalemia; Anion gap; Delta gap; Osmol gap; Toxicity,
24190903,"Nativity, language spoken at home, length of time in the United States, and race/ethnicity: associations with self-reported hypertension.",Yi S; Elfassy T; Gupta L; Myers C; Kerker B,2014,2/1/14,https://pubmed.ncbi.nlm.nih.gov/24190903/,American journal of hypertension,10.1093/ajh/hpt209,New York City.; blood pressure; emigration; hypertension; immigration; minority groups; nativity status,
23657093,Estimating the prevalence of hepatitis C infection in New York City using surveillance data.,Balter S; Stark JH; Kennedy J; Bornschlegel K; Konty K,2014,2/1/14,https://pubmed.ncbi.nlm.nih.gov/23657093/,Epidemiology and infection,10.1017/S0950268813000952,N/A,
24480633,"Public support for smoke-free air strategies among smokers and nonsmokers, New York City, 2010-2012.",Waddell EN; Farley SM; Mandel-Ricci J; Kansagra SM,2014,1/30/14,https://pubmed.ncbi.nlm.nih.gov/24480633/,Preventing chronic disease,10.5888/pcd11.130263,N/A,
24430326,Physician payment incentives to improve care quality--reply.,Bardach NS; Shih SC; Dudley RA,2014,1/15/14,https://pubmed.ncbi.nlm.nih.gov/24430326/,JAMA,10.1001/jama.2013.284478,N/A,
24252695,Mumps vaccine effectiveness and risk factors for disease in households during an outbreak in New York City.,Livingston KA; Rosen JB; Zucker JR; Zimmerman CM,2014,1/9/14,https://pubmed.ncbi.nlm.nih.gov/24252695/,Vaccine,10.1016/j.vaccine.2013.11.021,Households; Mumps; Outbreaks; Risk factors; Vaccine effectiveness,
28229007,"Adolescent behavior and PTSD 6-7 years after the World Trade Center terrorist attacks of September 11, 2001.",Mann M; Li J; Farfel MR; Maslow CB; Osahan S; Stellman SD,2014,1/1/14,https://pubmed.ncbi.nlm.nih.gov/28229007/,Disaster health,10.1080/21665044.2015.1010931,9/11; PTSD; World Trade Center; adolescents; behavior; disaster; follow-up,
25364050,"Duplicate hepatitis C antibody testing in New York City, 2006-2010.",Tsai V; Bornschlegel K; McGibbon E; Arpadi S,2014,1/1/14,https://pubmed.ncbi.nlm.nih.gov/25364050/,"Public health reports (Washington, D.C. : 1974)",10.1177/003335491412900607,N/A,
28229004,Translating research into action: An evaluation of the World Trade Center Health Registry's Treatment Referral Program.,Welch AE; Debchoudhury I; Jordan HT; Petrsoric LJ; Farfel MR; Cone JE,2014,1/1/14,https://pubmed.ncbi.nlm.nih.gov/28229004/,Disaster health,10.4161/dish.28219,9/11; PTSD; World Trade Center Health Registry; disaster; evaluation; intervention; outreach; referral; screening,
25310449,Bias due to sample selection in propensity score matching for a supportive housing program evaluation in New York City.,Lim S; Marcus SM; Singh TP; Harris TG; Levanon Seligson A,2014,1/1/14,https://pubmed.ncbi.nlm.nih.gov/25310449/,PloS one,10.1371/journal.pone.0109112,N/A,
25072598,Demonstrating the use of high-volume electronic medical claims data to monitor local and regional influenza activity in the US.,Viboud C; Charu V; Olson D; Ballesteros S; Gog J; Khan F; Grenfell B; Simonsen L,2014,1/1/14,https://pubmed.ncbi.nlm.nih.gov/25072598/,PloS one,10.1371/journal.pone.0102429,N/A,
24699371,"Query Health: standards-based, cross-platform population health surveillance.",Klann JG; Buck MD; Brown J; Hadley M; Elmore R; Weber GM; Murphy SN,2014,1/1/14,https://pubmed.ncbi.nlm.nih.gov/24699371/,Journal of the American Medical Informatics Association : JAMIA,10.1136/amiajnl-2014-002707,Database Management Systems; Healthcare Quality Assessment; Medical Informatics; Public Health Informatics; Systems Integration,
24458313,Reassessing provider reporting in the age of electronic surveillance.,Stachel AG; Waechter H; Bornschlegel K; Reddy V; Hanson H; Wen T; Baumgartner J; Balter S,2014,1/1/14,https://pubmed.ncbi.nlm.nih.gov/24458313/,Journal of public health management and practice : JPHMP,10.1097/PHH.0b013e31829d8047,N/A,
24385653,The effect of case rate and coinfection rate on the positive predictive value of a registry data-matching algorithm.,Xia Q; Braunstein SL; Stadelmann LE; Pathela P; Torian LV,2014,1/1/14,https://pubmed.ncbi.nlm.nih.gov/24385653/,"Public health reports (Washington, D.C. : 1974)",10.1177/00333549141291S112,N/A,
24335712,"Matching HIV, tuberculosis, viral hepatitis, and sexually transmitted diseases surveillance data, 2000-2010: identification of infectious disease syndemics in New York City.",Drobnik A; Pinchoff J; Bushnell G; Ly S; Yuan J; Varma JK; Fuld J,2014,1/1/14,https://pubmed.ncbi.nlm.nih.gov/24335712/,Journal of public health management and practice : JPHMP,10.1097/PHH.0b013e3182a95607,N/A,
24281129,Evaluating New York City's abortion reporting system: insights for public health data collection systems.,Toprani A; Madsen A; Das T; Gambatese M; Greene C; Begier E,2014,1/1/14,https://pubmed.ncbi.nlm.nih.gov/24281129/,Journal of public health management and practice : JPHMP,10.1097/PHH.0b013e31829c88b8,N/A,
24270086,"Proceedings of the national burn surge strategy meeting, Atlanta, Georgia, March, 2012.",Helminiak C; Lord G; Barillo D; Cairns BA; Goodwin C; Lamana J; Manning RG; Rubinson L; Soloff L; Wang SC; Yurt R; Jeng JC,2014,1/1/14,https://pubmed.ncbi.nlm.nih.gov/24270086/,Journal of burn care & research : official publication of the American Burn Association,10.1097/BCR.0000000000000033,N/A,
24228684,"Description of a school nurse visit syndromic surveillance system and comparison to emergency department visits, New York City.",Wilson EL; Egger JR; Konty KJ; Paladini M; Weiss D; Nguyen TQ,2014,1/1/14,https://pubmed.ncbi.nlm.nih.gov/24228684/,American journal of public health,10.2105/AJPH.2013.301411,N/A,
24228652,Reaching children never previously vaccinated for influenza through a school-located vaccination program.,Kansagra SM; Papadouka V; Geevarughese A; Hansen MA; Konty KJ; Zucker JR,2014,1/1/14,https://pubmed.ncbi.nlm.nih.gov/24228652/,American journal of public health,10.2105/AJPH.2013.301671,N/A,
23916801,"Syringe access, syringe sharing, and police encounters among people who inject drugs in New York City: a community-level perspective.",Beletsky L; Heller D; Jenness SM; Neaigus A; Gelpi-Acosta C; Hagan H,2014,1/1/14,https://pubmed.ncbi.nlm.nih.gov/23916801/,The International journal on drug policy,10.1016/j.drugpo.2013.06.005,Barriers; Injection drug use; Policing; Public health surveillance; Structural factors; Syringe exchange programs,
23435918,Racial/Ethnic and nativity differences in birth outcomes among mothers in New York City: the role of social ties and social support.,Almeida J; Mulready-Ward C; Bettegowda VR; Ahluwalia IB,2014,1/1/14,https://pubmed.ncbi.nlm.nih.gov/23435918/,Maternal and child health journal,10.1007/s10995-013-1238-5,N/A,
24342545,Enhancing the public impact of ethnography.,Martin E; Litchfield G; Mandefro M; Parvez F; Holmes SM; Lindemann D; Hansen H,2013,12/1/13,https://pubmed.ncbi.nlm.nih.gov/24342545/,Social science & medicine (1982),10.1016/j.socscimed.2013.11.020,N/A,
24342485,The Multispot rapid HIV-1/HIV-2 differentiation assay is comparable with the Western blot and an immunofluorescence assay at confirming HIV infection in a prospective study in three regions of the United States.,Pandori MW; Westheimer E; Gay C; Moss N; Fu J; Hightow-Weidman LB; Craw J; Hall L; Giancotti FR; Mak ML; Madayag C; Tsoi B; Louie B; Patel P; Owen SM; Peters PJ,2013,12/1/13,https://pubmed.ncbi.nlm.nih.gov/24342485/,Journal of clinical virology : the official publication of the Pan American Society for Clinical Virology,10.1016/j.jcv.2013.10.006,Algorithms; HIV; HIV serodiagnosis,
24252459,Evacuating damaged and destroyed buildings on 9/11: behavioral and structural barriers.,Groeger JL; Stellman SD; Kravitt A; Brackbill RM,2013,12/1/13,https://pubmed.ncbi.nlm.nih.gov/24252459/,Prehospital and disaster medicine,10.1017/S1049023X13008996,N/A,
24148068,Programmatic impact of 5 years of mortality surveillance of New York City homeless populations.,Gambatese M; Marder D; Begier E; Gutkovich A; Mos R; Griffin A; Zimmerman R; Madsen A,2013,12/1/13,https://pubmed.ncbi.nlm.nih.gov/24148068/,American journal of public health,10.2105/AJPH.2012.301196,N/A,
23700202,Exposure to tobacco retail outlets and smoking initiation among New York City adolescents.,Johns M; Sacks R; Rane M; Kansagra SM,2013,12/1/13,https://pubmed.ncbi.nlm.nih.gov/23700202/,Journal of urban health : bulletin of the New York Academy of Medicine,10.1007/s11524-013-9810-2,N/A,
24189585,HIV partner services are associated with timely linkage to HIV medical care.,Bocour A; Renaud TC; Udeagu CC; Shepard CW,2013,11/28/13,https://pubmed.ncbi.nlm.nih.gov/24189585/,"AIDS (London, England)",10.1097/QAD.0000000000000031,N/A,
24286273,"Multiple chronic conditions and limitations in activities of daily living in a community-based sample of older adults in New York City, 2009.",Ralph NL; Mielenz TJ; Parton H; Flatley AM; Thorpe LE,2013,11/27/13,https://pubmed.ncbi.nlm.nih.gov/24286273/,Preventing chronic disease,10.5888/pcd10.130159,N/A,
24511883,"Small practices' experience with EHR, quality measurement, and incentives.",Begum R; Smith Ryan M; Winther CH; Wang JJ; Bardach NS; Parsons AH; Shih SC; Dudley RA,2013,11/1/13,https://pubmed.ncbi.nlm.nih.gov/24511883/,The American journal of managed care,N/A,N/A,
24126445,Barriers and facilitators of linkage to HIV primary care in New York City.,Bauman LJ; Braunstein S; Calderon Y; Chhabra R; Cutler B; Leider J; Rivera A; Sclafane J; Tsoi B; Watnick D,2013,11/1/13,https://pubmed.ncbi.nlm.nih.gov/24126445/,Journal of acquired immune deficiency syndromes (1999),10.1097/QAI.0b013e3182a99c19,N/A,
24113414,"Expedited partner therapy in federally qualified health centers--New York City, 2012.",Introcaso CE; Rogers ME; Abbott SA; Gorwitz RJ; Markowitz LE; Schillinger JA,2013,11/1/13,https://pubmed.ncbi.nlm.nih.gov/24113414/,Sexually transmitted diseases,10.1097/OLQ.0000000000000045,N/A,
24113409,"Trichomonas vaginalis in selected U.S. sexually transmitted disease clinics: testing, screening, and prevalence.",Meites E; Llata E; Braxton J; Schwebke JR; Bernstein KT; Pathela P; Asbel LE; Kerani RP; Mettenbrink CJ; Weinstock HS,2013,11/1/13,https://pubmed.ncbi.nlm.nih.gov/24113409/,Sexually transmitted diseases,10.1097/OLQ.0000000000000038,N/A,
24059251,Carbon monoxide exposures in New York City following Hurricane Sandy in 2012.,Chen BC; Shawn LK; Connors NJ; Wheeler K; Williams N; Hoffman RS; Matte TD; Smith SW,2013,11/1/13,https://pubmed.ncbi.nlm.nih.gov/24059251/,"Clinical toxicology (Philadelphia, Pa.)",10.3109/15563650.2013.839030,N/A,
24025631,Potassium and fruit and vegetable intakes in relation to social determinants and access to produce in New York City.,Loftfield E; Yi S; Curtis CJ; Bartley K; Kansagra SM,2013,11/1/13,https://pubmed.ncbi.nlm.nih.gov/24025631/,The American journal of clinical nutrition,10.3945/ajcn.113.059204,N/A,
24008193,"Medication injection safety knowledge and practices among anesthesiologists: New York State, 2011.",Gounder P; Beers R; Bornschlegel K; Hinterland K; Balter S,2013,11/1/13,https://pubmed.ncbi.nlm.nih.gov/24008193/,Journal of clinical anesthesia,10.1016/j.jclinane.2013.04.013,Anesthesiologists: bloodborne pathogens; Drug injection practices; Infection control; Injection contamination; Medication injection safety; Patient safety,
23794365,Comorbid persistent lower respiratory symptoms and posttraumatic stress disorder 5-6 years post-9/11 in responders enrolled in the World Trade Center Health Registry.,Friedman SM; Farfel MR; Maslow CB; Cone JE; Brackbill RM; Stellman SD,2013,11/1/13,https://pubmed.ncbi.nlm.nih.gov/23794365/,American journal of industrial medicine,10.1002/ajim.22217,World Trade Center; comorbidity; disaster response; longitudinal study; mental health; posttraumatic stress disorder; respiratory illness,
23722976,To weight or not to weight in time-location sampling: why not do both?,Xia Q; Torian LV,2013,11/1/13,https://pubmed.ncbi.nlm.nih.gov/23722976/,AIDS and behavior,10.1007/s10461-013-0528-7,N/A,
23108740,"Outcomes and factors associated with breastfeeding for <8 weeks among preterm infants: findings from 6 states and NYC, 2004-2007.",Mulready-Ward C; Sackoff J,2013,11/1/13,https://pubmed.ncbi.nlm.nih.gov/23108740/,Maternal and child health journal,10.1007/s10995-012-1178-5,N/A,
24157650,"Cardiovascular disease hospitalizations in relation to exposure to the September 11, 2001 World Trade Center disaster and posttraumatic stress disorder.",Jordan HT; Stellman SD; Morabia A; Miller-Archie SA; Alper H; Laskaris Z; Brackbill RM; Cone JE,2013,10/24/13,https://pubmed.ncbi.nlm.nih.gov/24157650/,Journal of the American Heart Association,10.1161/JAHA.113.000431,9/11 World Trade Center disaster; cardiovascular diseases; epidemiology; risk factors; stress,
24150477,Risks associated with opioid use--reply.,Dowell D; Kunins HV; Farley TA,2013,10/23/13,https://pubmed.ncbi.nlm.nih.gov/24150477/,JAMA,10.1001/jama.2013.277320,N/A,
24275728,Identifying the correlates of membership in HIV-serodiscordant partnerships in New York City.,Braunstein SL; Udeagu CC; Bocour A; Renaud T; Shepard CW,2013,10/1/13,https://pubmed.ncbi.nlm.nih.gov/24275728/,Sexually transmitted diseases,10.1097/OLQ.0000000000000007,N/A,
24274131,"Assessment of reportable disease incidence after Hurricane Sandy, New York City, 2012.",Greene SK; Wilson EL; Konty KJ; Fine AD,2013,10/1/13,https://pubmed.ncbi.nlm.nih.gov/24274131/,Disaster medicine and public health preparedness,10.1017/dmp.2013.98,N/A,
24042544,Getting the message right: reducing sodium intake saves lives.,Clapp JE; Curtis CJ; Kansagra SM; Farley TA,2013,10/1/13,https://pubmed.ncbi.nlm.nih.gov/24042544/,American journal of hypertension,10.1093/ajh/hpt146,N/A,
23947326,Evaluation of the New York City breakfast in the classroom program.,Van Wye G; Seoh H; Adjoian T; Dowell D,2013,10/1/13,https://pubmed.ncbi.nlm.nih.gov/23947326/,American journal of public health,10.2105/AJPH.2013.301470,N/A,
23128979,Transitional care coordination in New York City jails: facilitating linkages to care for people with HIV returning home from Rikers Island.,Jordan AO; Cohen LR; Harriman G; Teixeira PA; Cruzado-Quinones J; Venters H,2013,10/1/13,https://pubmed.ncbi.nlm.nih.gov/23128979/,AIDS and behavior,10.1007/s10461-012-0352-5,N/A,
22729473,Reciprocal sex partner concurrency and STDs among heterosexuals at high-risk of HIV infection.,Neaigus A; Jenness SM; Hagan H; Murrill CS; Wendel T,2013,10/1/13,https://pubmed.ncbi.nlm.nih.gov/22729473/,Journal of urban health : bulletin of the New York Academy of Medicine,10.1007/s11524-012-9727-1,N/A,
24070035,"The impact of New York City's Health Bucks Program on electronic benefit transfer spending at farmers markets, 2006-2009.",Baronberg S; Dunn L; Nonas C; Dannefer R; Sacks R,2013,9/26/13,https://pubmed.ncbi.nlm.nih.gov/24070035/,Preventing chronic disease,10.5888/pcd10.130113,N/A,
23669157,Lost or just not following up: public health effort to re-engage HIV-infected persons lost to follow-up into HIV medical care.,Udeagu CC; Webster TR; Bocour A; Michel P; Shepard CW,2013,9/10/13,https://pubmed.ncbi.nlm.nih.gov/23669157/,"AIDS (London, England)",10.1097/QAD.0b013e328362fdde,N/A,
24000348,"Visual diagnosis: girl with sickle cell disease, abdominal pain, and elevated blood pressure ... a missed opportunity.",Chuang E; Ng C; Ehrlich J,2013,9/1/13,https://pubmed.ncbi.nlm.nih.gov/24000348/,Pediatrics in review,10.1542/pir.34-9-e31,N/A,
23931126,"High HIV prevalence among low-income, Black women in New York City with self-reported HIV negative and unknown status.",Reilly KH; Neaigus A; Jenness SM; Hagan H; Wendel T; Gelpí-Acosta C,2013,9/1/13,https://pubmed.ncbi.nlm.nih.gov/23931126/,Journal of women's health (2002),10.1089/jwh.2013.4341,N/A,
23851151,Neighbourhood food environments and body mass index among New York City adults.,Stark JH; Neckerman K; Lovasi GS; Konty K; Quinn J; Arno P; Viola D; Harris TG; Weiss CC; Bader MD; Rundle A,2013,9/1/13,https://pubmed.ncbi.nlm.nih.gov/23851151/,Journal of epidemiology and community health,10.1136/jech-2013-202354,N/A,
23640654,Dual HIV risk: receptive syringe sharing and unprotected sex among HIV-negative injection drug users in New York City.,Neaigus A; Reilly KH; Jenness SM; Hagan H; Wendel T; Gelpi-Acosta C,2013,9/1/13,https://pubmed.ncbi.nlm.nih.gov/23640654/,AIDS and behavior,10.1007/s10461-013-0496-y,N/A,
24384591,Disparities in community viral load among HIV-infected persons in New York City.,Laraque F; Mavronicolas HA; Robertson MM; Gortakowski HW; Terzian AS,2013,8/24/13,https://pubmed.ncbi.nlm.nih.gov/24384591/,"AIDS (London, England)",10.1097/QAD.0b013e328360f619,N/A,
23906330,Sustained improvement in clinical preventive service delivery among independent primary care practices after implementing electronic health record systems.,Wang JJ; Sebek KM; McCullough CM; Amirfar SJ; Parsons AS; Singer J; Shih SC,2013,8/1/13,https://pubmed.ncbi.nlm.nih.gov/23906330/,Preventing chronic disease,10.5888/pcd10.120341,N/A,
23786667,Half a diagnosis: gap in confirming infection among hepatitis C antibody-positive patients.,McGibbon E; Bornschlegel K; Balter S,2013,8/1/13,https://pubmed.ncbi.nlm.nih.gov/23786667/,The American journal of medicine,10.1016/j.amjmed.2013.01.031,Hepatitis C; Surveillance; Testing,
23628136,Do sexual risk behaviors differ between heterosexual youth infected with HIV perinatally versus sexually?,Renaud TC; Bocour A; Tsega A; Sepkowitz KA; Udeagu CC; Shepard CW,2013,8/1/13,https://pubmed.ncbi.nlm.nih.gov/23628136/,The Journal of adolescent health : official publication of the Society for Adolescent Medicine,10.1016/j.jadohealth.2013.02.020,Adolescents; HIV; Partner services; Perinatal infection; Risk behaviors; Viral load,
23468320,"Preventive dental care among New York City children, 2009.",Norton JM; Jasek JP; Kaye K,2013,8/1/13,https://pubmed.ncbi.nlm.nih.gov/23468320/,Journal of community health,10.1007/s10900-013-9662-4,N/A,
23335641,"HIV diagnosis and utilisation of HIV-related medical care among foreign-born persons in New York City, 2001-2009.",Wiewel EW; Torian LV; Nasrallah HN; Hanna DB; Shepard CW,2013,8/1/13,https://pubmed.ncbi.nlm.nih.gov/23335641/,Sexually transmitted infections,10.1136/sextrans-2012-050677,Epidemiology (General); HIV; Public Health; Surveillance,
23807269,Rapid HIV self-testing: long in coming but opportunities beckon.,Myers JE; El-Sadr WM; Zerbe A; Branson BM,2013,7/17/13,https://pubmed.ncbi.nlm.nih.gov/23807269/,"AIDS (London, England)",10.1097/QAD.0b013e32835fd7a0,N/A,
23535295,"Achievement and maintenance of viral suppression in persons newly diagnosed with HIV, New York City, 2006-2009: using population surveillance data to measure the treatment part of ""test and treat"".",Torian LV; Xia Q,2013,7/1/13,https://pubmed.ncbi.nlm.nih.gov/23535295/,Journal of acquired immune deficiency syndromes (1999),10.1097/QAI.0b013e3182926b02,N/A,
23479003,Knowledge and use of pre-exposure prophylaxis among an online sample of young men who have sex with men in New York City.,Rucinski KB; Mensah NP; Sepkowitz KA; Cutler BH; Sweeney MM; Myers JE,2013,7/1/13,https://pubmed.ncbi.nlm.nih.gov/23479003/,AIDS and behavior,10.1007/s10461-013-0443-y,N/A,
23700072,"Opioid analgesics--risky drugs, not risky patients.",Dowell D; Kunins HV; Farley TA,2013,6/5/13,https://pubmed.ncbi.nlm.nih.gov/23700072/,JAMA,10.1001/jama.2013.5794,N/A,
23567824,Guidelines for opioid prescription: why emergency physicians need support.,Kunins HV; Farley TA; Dowell D,2013,6/4/13,https://pubmed.ncbi.nlm.nih.gov/23567824/,Annals of internal medicine,10.7326/0003-4819-158-11-201306040-00631,N/A,
23710262,PM<sub>2.5</sub> and ozone health impacts and disparities in New York City: sensitivity to spatial and temporal resolution.,Kheirbek I; Wheeler K; Walters S; Kass D; Matte T,2013,6/1/13,https://pubmed.ncbi.nlm.nih.gov/23710262/,"Air quality, atmosphere, & health",10.1007/s11869-012-0185-4,Air quality management; Health impact analysis; Ozone; PM2.5; Public health burden; Vulnerability,
23687128,Female sex workers incarcerated in New York City jails: prevalence of sexually transmitted infections and associated risk behaviors.,Parvez F; Katyal M; Alper H; Leibowitz R; Venters H,2013,6/1/13,https://pubmed.ncbi.nlm.nih.gov/23687128/,Sexually transmitted infections,10.1136/sextrans-2012-050977,Prostitution; Public Health; Sexual Health,
23597382,The impact of cigarette excise tax increases on purchasing behaviors among New York city smokers.,Coady MH; Chan CA; Sacks R; Mbamalu IG; Kansagra SM,2013,6/1/13,https://pubmed.ncbi.nlm.nih.gov/23597382/,American journal of public health,10.2105/AJPH.2013.301213,N/A,
23408681,A pill for HIV prevention: déjà vu all over again?,Myers JE; Sepkowitz KA,2013,6/1/13,https://pubmed.ncbi.nlm.nih.gov/23408681/,Clinical infectious diseases : an official publication of the Infectious Diseases Society of America,10.1093/cid/cit085,HIV prevention; birth control; historical insight; oral contraceptives; pre-exposure prophylaxis,
21321102,Successful strategies for recruitment of emergency medical volunteers.,Hasselmann AR,2013,6/1/13,https://pubmed.ncbi.nlm.nih.gov/21321102/,Disaster medicine and public health preparedness,10.1001/dmp.2011.7,N/A,
23517003,Early age of first sex and health risk in an urban adolescent population.,Kaplan DL; Jones EJ; Olson EC; Yunzal-Butler CB,2013,5/1/13,https://pubmed.ncbi.nlm.nih.gov/23517003/,The Journal of school health,10.1111/josh.12038,N/A,
23414223,"Respiratory health of 985 children exposed to the World Trade Center disaster: report on world trade center health registry wave 2 follow-up, 2007-2008.",Stellman SD; Thomas PA; S Osahan S; Brackbill RM; Farfel MR,2013,5/1/13,https://pubmed.ncbi.nlm.nih.gov/23414223/,The Journal of asthma : official journal of the Association for the Care of Asthma,10.3109/02770903.2013.776073,N/A,
23409900,"Deaths in New York City jails, 2001-2009.",Brittain J; Axelrod G; Venters H,2013,4/1/13,https://pubmed.ncbi.nlm.nih.gov/23409900/,American journal of public health,10.2105/AJPH.2012.301042,N/A,
23458590,Integrating self blood pressure monitoring into the routine management of uncontrolled hypertension: translating evidence to practice.,Angell S; Guthartz S; Dalal M; Foster V; Pogue V; Wei A; Chamany S; Yi S,2013,3/1/13,https://pubmed.ncbi.nlm.nih.gov/23458590/,"Journal of clinical hypertension (Greenwich, Conn.)",10.1111/jch.12046,N/A,
23337833,"Mental health of those directly exposed to the World Trade Center disaster: unmet mental health care need, mental health treatment service use, and quality of life.",Brackbill RM; Stellman SD; Perlman SE; Walker DJ; Farfel MR,2013,3/1/13,https://pubmed.ncbi.nlm.nih.gov/23337833/,Social science & medicine (1982),10.1016/j.socscimed.2012.12.016,N/A,
22638901,Evaluating New York City's smoke-free parks and beaches law: a critical multiplist approach to assessing behavioral impact.,Johns M; Coady MH; Chan CA; Farley SM; Kansagra SM,2013,3/1/13,https://pubmed.ncbi.nlm.nih.gov/22638901/,American journal of community psychology,10.1007/s10464-012-9519-5,N/A,
23237169,Enrolling and retaining uninsured and underinsured populations in public health insurance through a service integration model in New York City.,Fuld J; Farag M; Weinstein J; Gale LB,2013,2/1/13,https://pubmed.ncbi.nlm.nih.gov/23237169/,American journal of public health,10.2105/AJPH.2012.300872,N/A,
22750037,Delay in diagnosis leading to nosocomial transmission of tuberculosis at a New York City health care facility.,Harris TG; Sullivan Meissner J; Proops D,2013,2/1/13,https://pubmed.ncbi.nlm.nih.gov/22750037/,American journal of infection control,10.1016/j.ajic.2012.02.015,N/A,
24551320,Exploring performance on composite quality measures captured by electronic health records for a cohort of New York City clinical practices from 2009 to 2011.,Amoah AO; Amirfar S; Sebek K; Shih S; Wang J,2013,1/1/13,https://pubmed.ncbi.nlm.nih.gov/24551320/,AMIA ... Annual Symposium proceedings. AMIA Symposium,N/A,N/A,
24454374,"Cancer Mortality among Asians and Pacific Islanders in New York City, 2001-2010.",Huang V; Li W; Tsai J; Begier E,2013,1/1/13,https://pubmed.ncbi.nlm.nih.gov/24454374/,Journal of cancer epidemiology,10.1155/2013/986408,N/A,
24228367,Understanding awareness of pharmacist-led medication therapy management among primary care physicians in New York City using qualitative methods: part I.,Arya V; Pinto S; Singer J; Khan T,2013,1/1/13,https://pubmed.ncbi.nlm.nih.gov/24228367/,The Journal of medical practice management : MPM,N/A,N/A,
24179262,"Enhanced chronic hepatitis C surveillance in New York City, April 2009-January 2011.",Drezner K; Bornschlegel K; McGibbon E; Balter S,2013,1/1/13,https://pubmed.ncbi.nlm.nih.gov/24179262/,"Public health reports (Washington, D.C. : 1974)",10.1177/003335491312800610,N/A,
24146603,Reassessing Google Flu Trends data for detection of seasonal and pandemic influenza: a comparative epidemiological study at three geographic scales.,Olson DR; Konty KJ; Paladini M; Viboud C; Simonsen L,2013,1/1/13,https://pubmed.ncbi.nlm.nih.gov/24146603/,PLoS computational biology,10.1371/journal.pcbi.1003256,N/A,
24076605,Population-based biomonitoring of exposure to organophosphate and pyrethroid pesticides in New York City.,McKelvey W; Jacobson JB; Kass D; Barr DB; Davis M; Calafat AM; Aldous KM,2013,1/1/13,https://pubmed.ncbi.nlm.nih.gov/24076605/,Environmental health perspectives,10.1289/ehp.1206015,N/A,
23818911,Health effects of coastal storms and flooding in urban areas: a review and vulnerability assessment.,Lane K; Charles-Guzman K; Wheeler K; Abid Z; Graber N; Matte T,2013,1/1/13,https://pubmed.ncbi.nlm.nih.gov/23818911/,Journal of environmental and public health,10.1155/2013/913064,N/A,
23748275,Early assessment of health care utilization among a workforce population with access to primary care practices with electronic health records.,De Leon SF; Pauls L; Shih SC; Cannell T; Wang JJ,2013,1/1/13,https://pubmed.ncbi.nlm.nih.gov/23748275/,The Journal of ambulatory care management,10.1097/JAC.0b013e31829741e0,N/A,
23529019,Using QuantiFERON-TB Gold In-Tube for field-based tuberculosis contact investigations in congregate settings.,Trieu L; Proops DC; Ahuja SD,2013,1/1/13,https://pubmed.ncbi.nlm.nih.gov/23529019/,Journal of public health management and practice : JPHMP,10.1097/PHH.0b013e318268af0b,N/A,
23449125,Evaluation of a pilot respiratory virus surveillance system linking electronic health record and diagnostic data.,Al-Samarrai T; Wu W; Begier E; Lurio J; Tokarz R; Plagianos M; Calman N; Mostashari F; Briese T; Lipkin WI; Greene C,2013,1/1/13,https://pubmed.ncbi.nlm.nih.gov/23449125/,Journal of public health management and practice : JPHMP,10.1097/PHH.0b013e3182602ef6,N/A,
23321861,Monitoring intraurban spatial patterns of multiple combustion air pollutants in New York City: design and implementation.,Matte TD; Ross Z; Kheirbek I; Eisl H; Johnson S; Gorczynski JE; Kass D; Markowitz S; Pezeshki G; Clougherty JE,2013,1/1/13,https://pubmed.ncbi.nlm.nih.gov/23321861/,Journal of exposure science & environmental epidemiology,10.1038/jes.2012.126,N/A,
23169399,Disparities in the severity of influenza illness: a descriptive study of hospitalized and nonhospitalized novel H1N1 influenza-positive patients in New York City: 2009-2010 influenza season.,Levy NS; Nguyen TQ; Westheimer E; Layton M,2013,1/1/13,https://pubmed.ncbi.nlm.nih.gov/23169399/,Journal of public health management and practice : JPHMP,10.1097/PHH.0b013e31824155a2,N/A,
22302239,Examining pica in NYC pregnant women with elevated blood lead levels.,Thihalolipavan S; Candalla BM; Ehrlich J,2013,1/1/13,https://pubmed.ncbi.nlm.nih.gov/22302239/,Maternal and child health journal,10.1007/s10995-012-0947-5,N/A,
22917693,Effectiveness of gentamicin for gonorrhoea treatment: systematic review and meta-analysis.,Dowell D; Kirkcaldy RD,2012,12/1/12,https://pubmed.ncbi.nlm.nih.gov/22917693/,Sexually transmitted infections,10.1136/sextrans-2012-050604,N/A,
22684423,Pushing produce: the New York City Green Carts initiative.,Leggat M; Kerker B; Nonas C; Marcus E,2012,12/1/12,https://pubmed.ncbi.nlm.nih.gov/22684423/,Journal of urban health : bulletin of the New York Academy of Medicine,10.1007/s11524-012-9688-4,N/A,
23063239,Prevention of non-communicable diseases in New York City.,Dowell D; Farley TA,2012,11/17/12,https://pubmed.ncbi.nlm.nih.gov/23063239/,"Lancet (London, England)",10.1016/S0140-6736(12)60733-8,N/A,
22998342,Clinical decisions. Regulation of sugar-sweetened beverages.,Farley T; Just DR; Wansink B,2012,10/11/12,https://pubmed.ncbi.nlm.nih.gov/22998342/,The New England journal of medicine,10.1056/NEJMclde1210278,N/A,
22999831,Knowledge and likelihood to recommend intrauterine devices for adolescents among school-based health center providers.,Kohn JE; Hacker JG; Rousselle MA; Gold M,2012,10/1/12,https://pubmed.ncbi.nlm.nih.gov/22999831/,The Journal of adolescent health : official publication of the Society for Adolescent Medicine,10.1016/j.jadohealth.2011.12.024,N/A,
22996106,Missed opportunities for preventing congenital syphilis infection in New York City.,Patel SJ; Klinger EJ; OʼToole D; Schillinger JA,2012,10/1/12,https://pubmed.ncbi.nlm.nih.gov/22996106/,Obstetrics and gynecology,10.1097/AOG.0b013e31826ac25f,N/A,
22954168,"A menu for health: changes to New York City school food, 2001 to 2011.",Perlman SE; Nonas C; Lindstrom LL; Choe-Castillo J; McKie H; Alberti PM,2012,10/1/12,https://pubmed.ncbi.nlm.nih.gov/22954168/,The Journal of school health,10.1111/j.1746-1561.2012.00726.x,N/A,
22897552,Co-occurring lower respiratory symptoms and posttraumatic stress disorder 5 to 6 years after the World Trade Center terrorist attack.,Nair HP; Ekenga CC; Cone JE; Brackbill RM; Farfel MR; Stellman SD,2012,10/1/12,https://pubmed.ncbi.nlm.nih.gov/22897552/,American journal of public health,10.2105/AJPH.2012.300690,N/A,
22897534,Healthy bodegas: increasing and promoting healthy foods at corner stores in New York City.,Dannefer R; Williams DA; Baronberg S; Silver L,2012,10/1/12,https://pubmed.ncbi.nlm.nih.gov/22897534/,American journal of public health,10.2105/AJPH.2011.300615,N/A,
22544658,Changes in smoking prevalence and number of cigarettes smoked per day following the implementation of a comprehensive tobacco control plan in New York City.,Coady MH; Jasek J; Davis K; Kerker B; Kilgore EA; Perl SB,2012,10/1/12,https://pubmed.ncbi.nlm.nih.gov/22544658/,Journal of urban health : bulletin of the New York Academy of Medicine,10.1007/s11524-012-9683-9,N/A,
22990264,The role of government in preventing excess calorie consumption: the example of New York City.,Farley TA,2012,9/19/12,https://pubmed.ncbi.nlm.nih.gov/22990264/,JAMA,10.1001/2012.jama.11623,N/A,
22938854,An unexpected benefit from enhanced 2009 H1N1 influenza surveillance.,Nivin B; Yeung A,2012,9/1/12,https://pubmed.ncbi.nlm.nih.gov/22938854/,American journal of infection control,10.1016/j.ajic.2012.02.039,N/A,
22898168,Reversing the obesity epidemic: the importance of policy and policy research.,Farley TA; Van Wye G,2012,9/1/12,https://pubmed.ncbi.nlm.nih.gov/22898168/,American journal of preventive medicine,10.1016/j.amepre.2012.06.003,N/A,
22694903,Worldwide emergence of multiple clades of enterovirus 68.,Tokarz R; Firth C; Madhi SA; Howie SRC; Wu W; Sall AA; Haq S; Briese T; Lipkin WI,2012,9/1/12,https://pubmed.ncbi.nlm.nih.gov/22694903/,The Journal of general virology,10.1099/vir.0.043935-0,N/A,
22935548,A qualitative examination of health and health care utilization after the September 11th terror attacks among World Trade Center Health Registry enrollees.,Welch AE; Caramanica K; Debchoudhury I; Pulizzi A; Farfel MR; Stellman SD; Cone JE,2012,8/31/12,https://pubmed.ncbi.nlm.nih.gov/22935548/,BMC public health,10.1186/1471-2458-12-721,N/A,
22849853,"Spatial variability in levels of benzene, formaldehyde, and total benzene, toluene, ethylbenzene and xylenes in New York City: a land-use regression study.",Kheirbek I; Johnson S; Ross Z; Pezeshki G; Ito K; Eisl H; Matte T,2012,7/31/12,https://pubmed.ncbi.nlm.nih.gov/22849853/,Environmental health : a global access science source,10.1186/1476-069X-11-51,N/A,
22709617,"Trap-vaccinate-release program to control raccoon rabies, New York, USA.",Slavinski S; Humberg L; Lowney M; Simon R; Calvanese N; Bregman B; Kass D; Oleszko W,2012,7/1/12,https://pubmed.ncbi.nlm.nih.gov/22709617/,Emerging infectious diseases,10.3201/eid1807.111485,N/A,
22676501,Cost comparison of 2 mass vaccination campaigns against influenza A H1N1 in New York City.,Kansagra SM; McGinty MD; Morgenthau BM; Marquez ML; Rosselli-Fraschilla A; Zucker JR; Farley TA,2012,7/1/12,https://pubmed.ncbi.nlm.nih.gov/22676501/,American journal of public health,10.2105/AJPH.2011.300363,N/A,
22663166,"A comparison of partner notification effectiveness in African-, Caribbean-, and United States-born HIV-infected Blacks in New York City.",Tsega A; Udeagu CC; Begier EM,2012,7/1/12,https://pubmed.ncbi.nlm.nih.gov/22663166/,AIDS patient care and STDs,10.1089/apc.2011.0313,N/A,
22576619,Improving medical care for patients with HIV in New York City jails.,Jaffer M; Kimura C; Venters H,2012,7/1/12,https://pubmed.ncbi.nlm.nih.gov/22576619/,Journal of correctional health care : the official journal of the National Commission on Correctional Health Care,10.1177/1078345812445556,N/A,
22551808,Effectiveness of 1 dose of 2009 influenza A (H1N1) vaccine at preventing hospitalization with pandemic H1N1 influenza in children aged 7 months-9 years.,Hadler JL; Baker TN; Papadouka V; France AM; Zimmerman C; Livingston KA; Zucker JR,2012,7/1/12,https://pubmed.ncbi.nlm.nih.gov/22551808/,The Journal of infectious diseases,10.1093/infdis/jis306,N/A,
23281863,The significance of breastfeeding to incarcerated pregnant women: an exploratory study.,Huang K; Atlas R; Parvez F,2012,6/1/12,https://pubmed.ncbi.nlm.nih.gov/23281863/,"Birth (Berkeley, Calif.)",10.1111/j.1523-536X.2012.00528.x,N/A,
22704431,Putting public health into practice: a model for assessing the relationship between local health departments and practicing physicians.,Parton HB; Perlman SE; Koppaka R; Greene CM,2012,6/1/12,https://pubmed.ncbi.nlm.nih.gov/22704431/,American journal of preventive medicine,10.1016/j.amepre.2012.03.020,N/A,
22704430,"Public health detailing of primary care providers: New York City's experience, 2003-2010.",Dresser MG; Short L; Wedemeyer L; Bredow VL; Sacks R; Larson K; Levy J; Silver LD,2012,6/1/12,https://pubmed.ncbi.nlm.nih.gov/22704430/,American journal of preventive medicine,10.1016/j.amepre.2012.03.014,N/A,
22704427,Integrating public health-oriented e-learning into graduate medical education.,Hemans-Henry C; Greene CM; Koppaka R,2012,6/1/12,https://pubmed.ncbi.nlm.nih.gov/22704427/,American journal of preventive medicine,10.1016/j.amepre.2012.03.019,N/A,
22690971,Integrating public health--oriented e-learning into graduate medical education.,Hemans-Henry C; Greene CM; Koppaka R,2012,6/1/12,https://pubmed.ncbi.nlm.nih.gov/22690971/,American journal of public health,10.2105/AJPH.2012.300669,N/A,
22690970,"Public health detailing of primary care providers: New York City's experience, 2003-2010.",Dresser MG; Short L; Wedemeyer L; Bredow VL; Sacks R; Larson K; Levy J; Silver LD,2012,6/1/12,https://pubmed.ncbi.nlm.nih.gov/22690970/,American journal of public health,10.2105/AJPH.2011.300622,N/A,
22690968,Putting public health into practice: a model for assessing the relationship between local health departments and practicing physicians.,Parton HB; Perlman SE; Koppaka R; Greene CM,2012,6/1/12,https://pubmed.ncbi.nlm.nih.gov/22690968/,American journal of public health,10.2105/AJPH.2011.300645,N/A,
22515865,Chronic and acute exposures to the world trade center disaster and lower respiratory symptoms: area residents and workers.,Maslow CB; Friedman SM; Pillai PS; Reibman J; Berger KI; Goldring R; Stellman SD; Farfel M,2012,6/1/12,https://pubmed.ncbi.nlm.nih.gov/22515865/,American journal of public health,10.2105/AJPH.2011.300561,N/A,
22515857,Injury surveillance in New York City jails.,Ludwig A; Cohen L; Parsons A; Venters H,2012,6/1/12,https://pubmed.ncbi.nlm.nih.gov/22515857/,American journal of public health,10.2105/AJPH.2011.300306,N/A,
22071531,The Hub Population Health System: distributed ad hoc queries and alerts.,Buck MD; Anane S; Taverna J; Amirfar S; Stubbs-Dame R; Singer J,2012,6/1/12,https://pubmed.ncbi.nlm.nih.gov/22071531/,Journal of the American Medical Informatics Association : JAMIA,10.1136/amiajnl-2011-000322,N/A,
22412056,Active case finding and prevention of tuberculosis among a cohort of contacts exposed to infectious tuberculosis cases in New York City.,Anger HA; Proops D; Harris TG; Li J; Kreiswirth BN; Shashkina E; Ahuja SD,2012,5/1/12,https://pubmed.ncbi.nlm.nih.gov/22412056/,Clinical infectious diseases : an official publication of the Infectious Diseases Society of America,10.1093/cid/cis029,N/A,
22419642,Chlamydia and gonorrhea screening using urine-based nucleic acid amplification testing among males entering New York City jails: a pilot study.,Franklin WB; Katyal M; Mahajan R; Parvez FM,2012,4/1/12,https://pubmed.ncbi.nlm.nih.gov/22419642/,Journal of correctional health care : the official journal of the National Commission on Correctional Health Care,10.1177/1078345811435767,N/A,
21983693,Estimating HIV incidence and the correlates of recent infection in venue-sampled men who have sex with men in New York City.,Neaigus A; Jenness SM; Hagan H; Murrill CS; Torian LV; Wendel T; Gelpi-Acosta C,2012,4/1/12,https://pubmed.ncbi.nlm.nih.gov/21983693/,AIDS and behavior,10.1007/s10461-011-0050-8,N/A,
22331462,"Risks of drug-related death, suicide, and homicide during the immediate post-release period among people released from New York City jails, 2001-2005.",Lim S; Seligson AL; Parvez FM; Luther CW; Mavinkurve MP; Binswanger IA; Kerker BD,2012,3/15/12,https://pubmed.ncbi.nlm.nih.gov/22331462/,American journal of epidemiology,10.1093/aje/kwr327,N/A,
22261209,Promoting routine stair use: evaluating the impact of a stair prompt across buildings.,Lee KK; Perry AS; Wolf SA; Agarwal R; Rosenblum R; Fischer S; Grimshaw VE; Wener RE; Silver LD,2012,2/1/12,https://pubmed.ncbi.nlm.nih.gov/22261209/,American journal of preventive medicine,10.1016/j.amepre.2011.10.005,N/A,
21452049,Participation in online and offline HIV prevention among men who have sex with men who use the internet to meet sex partners in New York City.,Navejas M; Neaigus A; Torian L; Murrill C,2012,2/1/12,https://pubmed.ncbi.nlm.nih.gov/21452049/,AIDS and behavior,10.1007/s10461-011-9934-x,N/A,
23373154,Patient experiences at primary care practices using electronic health records.,De Leon SF; Silfen SL; Wang JJ; Kamara TS; Wu WY; Shih SC,2012,1/1/12,https://pubmed.ncbi.nlm.nih.gov/23373154/,The Journal of medical practice management : MPM,N/A,N/A,
23078668,"An intervention to improve cause-of-death reporting in New York City hospitals, 2009-2010.",Madsen A; Thihalolipavan S; Maduro G; Zimmerman R; Koppaka R; Li W; Foster V; Begier E,2012,1/1/12,https://pubmed.ncbi.nlm.nih.gov/23078668/,Preventing chronic disease,10.5888/pcd9.120071,N/A,
26550609,The New National Healthcare Safety Network (NHSN) Healthcare Personnel Influenza Vaccination Measure.,Kalayil E; Lindley MC; Geevarughese A; McClendon P; Smith C; Ahmed F,2012,1/1/12,https://pubmed.ncbi.nlm.nih.gov/26550609/,Prevention strategist,N/A,N/A,
22964361,Racial and ethnic differences in depression by partner status and the presence of children in the household.,Schwarz AG; McVeigh KH; Hoven C; Kerker BD,2012,1/1/12,https://pubmed.ncbi.nlm.nih.gov/22964361/,Women's health issues : official publication of the Jacobs Institute of Women's Health,10.1016/j.whi.2012.07.006,N/A,
22916274,Local variations in spatial synchrony of influenza epidemics.,Stark JH; Cummings DA; Ermentrout B; Ostroff S; Sharma R; Stebbins S; Burke DS; Wisniewski SR,2012,1/1/12,https://pubmed.ncbi.nlm.nih.gov/22916274/,PloS one,10.1371/journal.pone.0043528,N/A,
22879878,"Transmitted antiretroviral drug resistance in New York State, 2006-2008: results from a new surveillance system.",Readhead AC; Gordon DE; Wang Z; Anderson BJ; Brousseau KS; Kouznetsova MA; Forgione LA; Smith LC; Torian LV,2012,1/1/12,https://pubmed.ncbi.nlm.nih.gov/22879878/,PloS one,10.1371/journal.pone.0040533,N/A,
22753990,Integrating acute HIV infection within routine public health surveillance practices in New York City.,Bodach S; Braunstein S; Bernard MA; Sabharwal CJ; Tsega A; Shepard C,2012,1/1/12,https://pubmed.ncbi.nlm.nih.gov/22753990/,"Public health reports (Washington, D.C. : 1974)",10.1177/003335491212700413,N/A,
22698175,"Incidence of self-reported diabetes in New York City, 2002, 2004, and 2008.",Tabaei BP; Chamany S; Driver CR; Kerker B; Silver L,2012,1/1/12,https://pubmed.ncbi.nlm.nih.gov/22698175/,Preventing chronic disease,10.5888/pcd9.110320,N/A,
22685481,Exploring the next frontier for tobacco control: Nondaily smoking among New York City adults.,Sacks R; Coady MH; Mbamalu IG; Johns M; Kansagra SM,2012,1/1/12,https://pubmed.ncbi.nlm.nih.gov/22685481/,Journal of environmental and public health,10.1155/2012/145861,N/A,
22473114,Impact of integrating public health clinical decision support alerts into electronic health records on testing for gastrointestinal illness.,Wu WY; Hripcsak G; Lurio J; Pichardo M; Berg R; Buck MD; Morrison FP; Kitson K; Calman N; Mostashari F,2012,1/1/12,https://pubmed.ncbi.nlm.nih.gov/22473114/,Journal of public health management and practice : JPHMP,10.1097/PHH.0b013e318241555d,N/A,
22470544,"Local spatial and temporal processes of influenza in Pennsylvania, USA: 2003-2009.",Stark JH; Sharma R; Ostroff S; Cummings DA; Ermentrout B; Stebbins S; Burke DS; Wisniewski SR,2012,1/1/12,https://pubmed.ncbi.nlm.nih.gov/22470544/,PloS one,10.1371/journal.pone.0034245,N/A,
22379219,"Using emergency department data to conduct dog and animal bite surveillance in New York City, 2003-2006.",Bregman B; Slavinski S,2012,1/1/12,https://pubmed.ncbi.nlm.nih.gov/22379219/,"Public health reports (Washington, D.C. : 1974)",10.1177/003335491212700208,N/A,
22298930,Impact of a New York City Health Department initiative to expand HIV partner services outside STD clinics.,Udeagu CC; Shah D; Shepard CW; Bocour A; Guiterrez R; Begier EM,2012,1/1/12,https://pubmed.ncbi.nlm.nih.gov/22298930/,"Public health reports (Washington, D.C. : 1974)",N/A,N/A,
22291892,Novel use of surveillance data to detect HIV-infected persons with sustained high viral load and durable virologic suppression in New York City.,Terzian AS; Bodach SD; Wiewel EW; Sepkowitz K; Bernard MA; Braunstein SL; Shepard CW,2012,1/1/12,https://pubmed.ncbi.nlm.nih.gov/22291892/,PloS one,10.1371/journal.pone.0029679,N/A,
22249967,Validity of electronic health record-derived quality measurement for performance monitoring.,Parsons A; McCullough C; Wang J; Shih S,2012,1/1/12,https://pubmed.ncbi.nlm.nih.gov/22249967/,Journal of the American Medical Informatics Association : JAMIA,10.1136/amiajnl-2011-000557,N/A,
22243901,Developing and implementing the Active Design Guidelines in New York City.,Lee KK,2012,1/1/12,https://pubmed.ncbi.nlm.nih.gov/22243901/,Health & place,10.1016/j.healthplace.2011.09.009,N/A,
22172171,"Metabolic syndrome among adults in New York City, 2004 New York City Health and Nutrition Examination Survey.",Jordan HT; Tabaei BP; Nash D; Angell SY; Chamany S; Kerker B,2012,1/1/12,https://pubmed.ncbi.nlm.nih.gov/22172171/,Preventing chronic disease,N/A,N/A,
22151508,"Medication abortions among New York City residents, 2001-2008.",Yunzal-Butler C; Sackoff J; Li W,2011,12/1/11,https://pubmed.ncbi.nlm.nih.gov/22151508/,Perspectives on sexual and reproductive health,10.1363/4321811,N/A,
22099237,Health information systems in small practices. Improving the delivery of clinical preventive services.,Shih SC; McCullough CM; Wang JJ; Singer J; Parsons AS,2011,12/1/11,https://pubmed.ncbi.nlm.nih.gov/22099237/,American journal of preventive medicine,10.1016/j.amepre.2011.07.024,N/A,
22040652,"Heart disease among adults exposed to the September 11, 2001 World Trade Center disaster: results from the World Trade Center Health Registry.",Jordan HT; Miller-Archie SA; Cone JE; Morabia A; Stellman SD,2011,12/1/11,https://pubmed.ncbi.nlm.nih.gov/22040652/,Preventive medicine,10.1016/j.ypmed.2011.10.014,N/A,
22021282,Public health research: lost in translation or speaking the wrong language?,Kansagra SM; Farley TA,2011,12/1/11,https://pubmed.ncbi.nlm.nih.gov/22021282/,American journal of public health,10.2105/AJPH.2011.300302,N/A,
21995935,Comparison of Multispot EIA with Western blot for confirmatory serodiagnosis of HIV.,Torian LV; Forgione LA; Punsalang AE; Pirillo RE; Oleszko WR,2011,12/1/11,https://pubmed.ncbi.nlm.nih.gov/21995935/,Journal of clinical virology : the official publication of the Pan American Society for Clinical Virology,10.1016/j.jcv.2011.09.017,N/A,
21930152,Comparison of health outcomes among affiliated and lay disaster volunteers enrolled in the World Trade Center Health Registry.,Debchoudhury I; Welch AE; Fairclough MA; Cone JE; Brackbill RM; Stellman SD; Farfel MR,2011,12/1/11,https://pubmed.ncbi.nlm.nih.gov/21930152/,Preventive medicine,10.1016/j.ypmed.2011.08.034,N/A,
21857351,Men who have sex with men have a 140-fold higher risk for newly diagnosed HIV and syphilis compared with heterosexual men in New York City.,Pathela P; Braunstein SL; Schillinger JA; Shepard C; Sweeney M; Blank S,2011,12/1/11,https://pubmed.ncbi.nlm.nih.gov/21857351/,Journal of acquired immune deficiency syndromes (1999),10.1097/QAI.0b013e318230e1ca,N/A,
21857350,Differences in risk behaviors and partnership patterns between younger and older men who have sex with men in New York City.,Bocour A; Renaud TC; Wong MR; Udeagu CC; Shepard CW,2011,12/1/11,https://pubmed.ncbi.nlm.nih.gov/21857350/,Journal of acquired immune deficiency syndromes (1999),10.1097/QAI.0b013e318230e6d9,N/A,
21856688,Tracking the delivery of prevention-oriented care among primary care providers who have adopted electronic health records.,De Leon SF; Shih SC,2011,12/1/11,https://pubmed.ncbi.nlm.nih.gov/21856688/,Journal of the American Medical Informatics Association : JAMIA,10.1136/amiajnl-2011-000219,N/A,
22251757,Victimization and health risk factors among weapon-carrying youth.,Stayton C; McVeigh KH; Olson EC; Perkins K; Kerker BD,2011,11/1/11,https://pubmed.ncbi.nlm.nih.gov/22251757/,American journal of health behavior,10.5993/ajhb.35.6.2,N/A,
21940910,Public health implications of rapid hepatitis C screening with an oral swab for community-based organizations serving high-risk populations.,Drobnik A; Judd C; Banach D; Egger J; Konty K; Rude E,2011,11/1/11,https://pubmed.ncbi.nlm.nih.gov/21940910/,American journal of public health,10.2105/AJPH.2011.300251,N/A,
21894225,Gastroesophageal reflux symptoms and comorbid asthma and posttraumatic stress disorder following the 9/11 terrorist attacks on World Trade Center in New York City.,Li J; Brackbill RM; Stellman SD; Farfel MR; Miller-Archie SA; Friedman S; Walker DJ; Thorpe LE; Cone J,2011,11/1/11,https://pubmed.ncbi.nlm.nih.gov/21894225/,The American journal of gastroenterology,10.1038/ajg.2011.300,N/A,
22308579,A qualitative study of pandemic influenza preparedness among small and medium-sized businesses in New York City.,Burton DC; Confield E; Gasner MR; Weisfuse I,2011,10/1/11,https://pubmed.ncbi.nlm.nih.gov/22308579/,Journal of business continuity & emergency planning,N/A,N/A,
22007807,Health departments helping hospitals: a New York City breastfeeding case study.,Boyd L; Hackett M; Magid E,2011,10/1/11,https://pubmed.ncbi.nlm.nih.gov/22007807/,Breastfeeding medicine : the official journal of the Academy of Breastfeeding Medicine,10.1089/bfm.2011.0078,N/A,
22007806,Increasing breastfeeding exclusivity and duration: New York City's multilevel approach.,Farley TA,2011,10/1/11,https://pubmed.ncbi.nlm.nih.gov/22007806/,Breastfeeding medicine : the official journal of the Academy of Breastfeeding Medicine,10.1089/bfm.2011.0088,N/A,
21955913,Keeping secrets.,Schwolsky E,2011,10/1/11,https://pubmed.ncbi.nlm.nih.gov/21955913/,The American journal of nursing,10.1097/01.NAJ.0000406424.57955.ae,N/A,
21890061,Redefining of public health preparedness after 9/11.,Farley TA; Weisfuse I,2011,9/3/11,https://pubmed.ncbi.nlm.nih.gov/21890061/,"Lancet (London, England)",10.1016/S0140-6736(11)60969-0,N/A,
21890057,Short-term and medium-term health effects of 9/11.,Perlman SE; Friedman S; Galea S; Nair HP; Eros-Sarnyai M; Stellman SD; Hon J; Greene CM,2011,9/3/11,https://pubmed.ncbi.nlm.nih.gov/21890057/,"Lancet (London, England)",10.1016/S0140-6736(11)60967-7,N/A,
21890052,"Mortality among survivors of the Sept 11, 2001, World Trade Center disaster: results from the World Trade Center Health Registry cohort.",Jordan HT; Brackbill RM; Cone JE; Debchoudhury I; Farfel MR; Greene CM; Hadler JL; Kennedy J; Li J; Liff J; Stayner L; Stellman SD,2011,9/3/11,https://pubmed.ncbi.nlm.nih.gov/21890052/,"Lancet (London, England)",10.1016/S0140-6736(11)60966-5,N/A,
21888804,"Syndromic surveillance during pandemic (H1N1) 2009 outbreak, New York, New York, USA.",Plagianos MG; Wu WY; McCullough C; Paladini M; Lurio J; Buck MD; Calman N; Soulakis N,2011,9/1/11,https://pubmed.ncbi.nlm.nih.gov/21888804/,Emerging infectious diseases,10.3201/eid1709.101357,N/A,
21856516,Patterns of chlamydia/gonorrhea positivity among voluntarily screened New York City public high school students.,Han JS; Rogers ME; Nurani S; Rubin S; Blank S,2011,9/1/11,https://pubmed.ncbi.nlm.nih.gov/21856516/,The Journal of adolescent health : official publication of the Society for Adolescent Medicine,10.1016/j.jadohealth.2010.12.006,N/A,
21793731,The NYC native air sampling pilot project: using HVAC filter data for urban biological incident characterization.,Ackelsberg J; Leykam FM; Hazi Y; Madsen LC; West TH; Faltesek A; Henderson GD; Henderson CL; Leighton T,2011,9/1/11,https://pubmed.ncbi.nlm.nih.gov/21793731/,"Biosecurity and bioterrorism : biodefense strategy, practice, and science",10.1089/bsp.2010.0064,N/A,
21642248,Case-control study of lung function in World Trade Center Health Registry area residents and workers.,Friedman SM; Maslow CB; Reibman J; Pillai PS; Goldring RM; Farfel MR; Stellman SD; Berger KI,2011,9/1/11,https://pubmed.ncbi.nlm.nih.gov/21642248/,American journal of respiratory and critical care medicine,10.1164/rccm.201011-1909OC,N/A,
21844723,Barriers to HIV testing among HIV/AIDS concurrently diagnosed persons in New York City.,Mills CW; Sabharwal CJ; Udeagu CC; Bocour A; Bodach S; Shepard C; Begier EM,2011,8/1/11,https://pubmed.ncbi.nlm.nih.gov/21844723/,Sexually transmitted diseases,10.1097/OLQ.0b013e31820ead73,N/A,
21792691,NYC condom use and satisfaction and demand for alternative condom products in New York City sexually transmitted disease clinics.,Burke RC; Wilson J; Kowalski A; Murrill C; Cutler B; Sweeney M; Begier EM,2011,8/1/11,https://pubmed.ncbi.nlm.nih.gov/21792691/,Journal of urban health : bulletin of the New York Academy of Medicine,10.1007/s11524-011-9597-y,N/A,
21715521,"Prevalence of diabetes in New York City, 2002-2008: comparing foreign-born South Asians and other Asians with U.S.-born whites, blacks, and Hispanics.",Gupta LS; Wu CC; Young S; Perlman SE,2011,8/1/11,https://pubmed.ncbi.nlm.nih.gov/21715521/,Diabetes care,10.2337/dc11-0088,N/A,
21747016,"Sodium and potassium intake: mortality effects and policy implications: comment on ""Sodium and potassium intake and mortality among US adults"".",Silver LD; Farley TA,2011,7/11/11,https://pubmed.ncbi.nlm.nih.gov/21747016/,Archives of internal medicine,10.1001/archinternmed.2011.271,N/A,
21684401,Perspective from the NYC Assistant Commissioner of the Department of Health.,Sweeney MM,2011,7/1/11,https://pubmed.ncbi.nlm.nih.gov/21684401/,Annals of emergency medicine,10.1016/j.annemergmed.2011.03.045,N/A,
21654417,World Trade Center Health Registry--a model for a nanomaterials exposure registry.,Cone JE; Farfel M,2011,6/1/11,https://pubmed.ncbi.nlm.nih.gov/21654417/,Journal of occupational and environmental medicine,10.1097/JOM.0b013e31821b177a,N/A,
21575237,9/11-related experiences and tasks of landfill and barge workers: qualitative analysis from the World Trade Center Health Registry.,Ekenga CC; Scheu KE; Cone JE; Stellman SD; Farfel MR,2011,5/16/11,https://pubmed.ncbi.nlm.nih.gov/21575237/,BMC public health,10.1186/1471-2458-11-321,N/A,
21508774,"Pregnancy-related mortality in the United States, 1998 to 2005.",Johnson TF; Mulready-Ward C,2011,5/1/11,https://pubmed.ncbi.nlm.nih.gov/21508774/,Obstetrics and gynecology,10.1097/AOG.0b013e31821763f2,N/A,
20798146,Having a primary care provider and receipt of recommended preventive care among men in New York City.,Jasek JP,2011,5/1/11,https://pubmed.ncbi.nlm.nih.gov/20798146/,American journal of men's health,10.1177/1557988310375606,N/A,
21460490,Serving high-risk foods in a high-risk setting: survey of hospital food service practices after an outbreak of listeriosis in a hospital.,Cokes C; France AM; Reddy V; Hanson H; Lee L; Kornstein L; Stavinsky F; Balter S,2011,4/1/11,https://pubmed.ncbi.nlm.nih.gov/21460490/,Infection control and hospital epidemiology,10.1086/658943,N/A,
21286827,Patterns of exchange sex and HIV infection in high-risk heterosexual men and women.,Jenness SM; Kobrak P; Wendel T; Neaigus A; Murrill CS; Hagan H,2011,4/1/11,https://pubmed.ncbi.nlm.nih.gov/21286827/,Journal of urban health : bulletin of the New York Academy of Medicine,10.1007/s11524-010-9534-5,N/A,
20558790,Unprotected anal intercourse and sexually transmitted diseases in high-risk heterosexual women.,Jenness SM; Begier EM; Neaigus A; Murrill CS; Wendel T; Hagan H,2011,4/1/11,https://pubmed.ncbi.nlm.nih.gov/20558790/,American journal of public health,10.2105/AJPH.2009.181883,N/A,
21361797,Protecting the Public from H1N1 through Points of Dispensing (PODs).,Rinchiuso-Hasselmann A; McKay RL; Williams CA; Starr DT; Morgenthau BM; Zucker JR; Raphael M,2011,3/1/11,https://pubmed.ncbi.nlm.nih.gov/21361797/,"Biosecurity and bioterrorism : biodefense strategy, practice, and science",10.1089/bsp.2010.0049,N/A,
21323529,Impact of accelerated progression to AIDS on public health monitoring of late HIV diagnosis.,Sabharwal CJ; Sepkowitz K; Mehta R; Shepard C; Bodach S; Torian L; Begier EM,2011,3/1/11,https://pubmed.ncbi.nlm.nih.gov/21323529/,AIDS patient care and STDs,10.1089/apc.2010.0268,N/A,
21339818,Assessing syndromic surveillance of cardiovascular outcomes from emergency department chief complaint data in New York City.,Mathes RW; Ito K; Matte T,2011,2/14/11,https://pubmed.ncbi.nlm.nih.gov/21339818/,PloS one,10.1371/journal.pone.0014677,N/A,
21284498,"Continuity of HIV-related medical care, New York City, 2005-2009: Do patients who initiate care stay in care?",Torian LV; Wiewel EW,2011,2/1/11,https://pubmed.ncbi.nlm.nih.gov/21284498/,AIDS patient care and STDs,10.1089/apc.2010.0151,N/A,
21259169,Etiology of nonspecific cause of death coding in New York City motor vehicle crash-related fatalities.,Thihalolipavan S; Madsen A; Smiddy M; Li W; Begier E; Zimmerman R,2011,2/1/11,https://pubmed.ncbi.nlm.nih.gov/21259169/,Traffic injury prevention,10.1080/15389588.2010.525082,N/A,
21233639,"Estimated HIV incidence among high-risk heterosexuals in New York City, 2007.",Jenness SM; Neaigus A; Murrill CS; Wendel T; Forgione L; Hagan H,2011,2/1/11,https://pubmed.ncbi.nlm.nih.gov/21233639/,Journal of acquired immune deficiency syndromes (1999),10.1097/QAI.0b013e318202a9c4,N/A,
21190987,"Long-term posttraumatic stress symptoms among 3,271 civilian survivors of the September 11, 2001, terrorist attacks on the World Trade Center.",DiGrande L; Neria Y; Brackbill RM; Pulliam P; Galea S,2011,2/1/11,https://pubmed.ncbi.nlm.nih.gov/21190987/,American journal of epidemiology,10.1093/aje/kwq372,N/A,
20923743,Population-based inorganic mercury biomonitoring and the identification of skin care products as a source of exposure in New York City.,McKelvey W; Jeffery N; Clark N; Kass D; Parsons PJ,2011,2/1/11,https://pubmed.ncbi.nlm.nih.gov/20923743/,Environmental health perspectives,10.1289/ehp.1002396,N/A,
20574776,High HIV prevalence and diagnosis rates in New York City black men.,Wiewel EW; Hanna DB; Begier EM; Torian LV,2011,2/1/11,https://pubmed.ncbi.nlm.nih.gov/20574776/,Journal of community health,10.1007/s10900-010-9291-0,N/A,
20177757,Studying sudden and unexpected infant deaths in a time of changing death certification and investigation practices: evaluating sleep-related risk factors for infant death in New York City.,Senter L; Sackoff J; Landi K; Boyd L,2011,2/1/11,https://pubmed.ncbi.nlm.nih.gov/20177757/,Maternal and child health journal,10.1007/s10995-010-0577-8,N/A,
22008834,Helping physicians achieve quality goals and metrics: the PCIP's experiences.,Singh M; Tiglias V,2011,1/1/11,https://pubmed.ncbi.nlm.nih.gov/22008834/,MD advisor : a journal for New Jersey medical community,N/A,N/A,
21964370,"Using an immunization information system to facilitate a vaccine recall in New York City, 2007.",Papadouka V; Metroka A; Zucker JR,2011,1/1/11,https://pubmed.ncbi.nlm.nih.gov/21964370/,Journal of public health management and practice : JPHMP,10.1097/PHH.0b013e3182214746,N/A,
21886335,Using GIS-based density maps of HIV surveillance data to identify previously unrecognized geographic foci of HIV burden in an urban epidemic.,Shepard CW; Gortakowski HW; Nasrallah H; Cutler BH; Begier EM,2011,1/1/11,https://pubmed.ncbi.nlm.nih.gov/21886335/,"Public health reports (Washington, D.C. : 1974)",10.1177/003335491112600517,N/A,
21886323,Recruitment-adjusted estimates of HIV prevalence and risk among men who have sex with men: effects of weighting venue-based sampling data.,Jenness SM; Neaigus A; Murrill CS; Gelpi-Acosta C; Wendel T; Hagan H,2011,1/1/11,https://pubmed.ncbi.nlm.nih.gov/21886323/,"Public health reports (Washington, D.C. : 1974)",10.1177/003335491112600505,N/A,
21788779,"Missed opportunities for tuberculosis prevention in New York City, 2003.",Slopen ME; Laraque F; Piatek AS; Ahuja SD,2011,1/1/11,https://pubmed.ncbi.nlm.nih.gov/21788779/,Journal of public health management and practice : JPHMP,10.1097/PHH.0b013e31820759b8,N/A,
21617400,"Unmet needs among people reported with hepatitis C, New York City.",Bornschlegel K; Crotty KJ; Sahl S; Balter S,2011,1/1/11,https://pubmed.ncbi.nlm.nih.gov/21617400/,Journal of public health management and practice : JPHMP,10.1097/PHH.0b013e3182053f1b,N/A,
21441230,HIV and Drug Use in Puerto Rico: Findings from the ARIBBA Study.,Mino M; Deren S; Colón HM,2011,1/1/11,https://pubmed.ncbi.nlm.nih.gov/21441230/,"Journal of the International Association of Physicians in AIDS Care (Chicago, Ill. : 2002)",10.1177/1545109710397768,N/A,
21337929,"Evaluation of HIV incidence surveillance in New York City, 2006.",Nair HP; Torian LV; Forgione L; Begier EM,2011,1/1/11,https://pubmed.ncbi.nlm.nih.gov/21337929/,"Public health reports (Washington, D.C. : 1974)",10.1177/003335491112600107,N/A,
21303244,"Excess mortality among injection drug users with AIDS, New York City (1999-2004).",Pfeiffer MR; Hanna DB; Begier EM; Sepkowitz KA; Zimmerman R; Sackoff JE,2011,1/1/11,https://pubmed.ncbi.nlm.nih.gov/21303244/,Substance use & misuse,10.3109/10826084.2011.522850,N/A,
21303239,Continuing HIV risk in New York City injection drug users: the association of syringe source and syringe sharing.,Jenness SM; Hagan H; Liu KL; Wendel T; Murrill CS,2011,1/1/11,https://pubmed.ncbi.nlm.nih.gov/21303239/,Substance use & misuse,10.3109/10826084.2011.521467,N/A,
21303234,Access to sterile syringes for injecting drug users in New York City: politics and perception (1984-2010).,Heller D; Paone D,2011,1/1/11,https://pubmed.ncbi.nlm.nih.gov/21303234/,Substance use & misuse,10.3109/10826084.2011.523319,N/A,
21219770,Evaluating the effectiveness of food recalls in retail establishments in New York City.,Hanson H; Reddy V; Bauer M; Stich S; Kidoguchi L; Luker J; Sebek K; Sawyer E; Balter S,2011,1/1/11,https://pubmed.ncbi.nlm.nih.gov/21219770/,Journal of food protection,10.4315/0362-028X.JFP-10-222,N/A,
22417819,Study of electronic prescribing rates and barriers identified among providers using electronic health records in New York City.,Amirfar S; Anane S; Buck M; Cohen R; Di Lonardo S; Maa P; McCullough C; Plagianos M; Pulgarin C; Taverna J; Singer J,2011,1/1/11,https://pubmed.ncbi.nlm.nih.gov/22417819/,Informatics in primary care,10.14236/jhi.v19i2.800,N/A,
21144252,Congenital tuberculosis and management of exposure in three neonatal intensive care units.,Winters A; Agerton TB; Driver CR; Trieu L; O'Flaherty T; Munsiff SS,2010,12/1/10,https://pubmed.ncbi.nlm.nih.gov/21144252/,The international journal of tuberculosis and lung disease : the official journal of the International Union against Tuberculosis and Lung Disease,N/A,N/A,
21144248,Achieving international targets for tuberculosis treatment success among HIV-positive patients in New York City.,King L; Munsiff SS; Ahuja SD,2010,12/1/10,https://pubmed.ncbi.nlm.nih.gov/21144248/,The international journal of tuberculosis and lung disease : the official journal of the International Union against Tuberculosis and Lung Disease,N/A,N/A,
21144247,Hospitalizations for tuberculosis in New York City: how many could be avoided?,Thomas JA; Laraque F; Munsiff S; Piatek A; Harris TG,2010,12/1/10,https://pubmed.ncbi.nlm.nih.gov/21144247/,The international journal of tuberculosis and lung disease : the official journal of the International Union against Tuberculosis and Lung Disease,N/A,N/A,
21039219,"HIV type 2 in New York City, 2000-2008.",Torian LV; Eavey JJ; Punsalang AP; Pirillo RE; Forgione LA; Kent SA; Oleszko WR,2010,12/1/10,https://pubmed.ncbi.nlm.nih.gov/21039219/,Clinical infectious diseases : an official publication of the Infectious Diseases Society of America,10.1086/657117,N/A,
20966367,Consumer awareness of fast-food calorie information in New York City after implementation of a menu labeling regulation.,Dumanovsky T; Huang CY; Bassett MT; Silver LD,2010,12/1/10,https://pubmed.ncbi.nlm.nih.gov/20966367/,American journal of public health,10.2105/AJPH.2010.191908,N/A,
20665100,Reconsidering the internet as an HIV/STD risk for men who have sex with men.,Jenness SM; Neaigus A; Hagan H; Wendel T; Gelpi-Acosta C; Murrill CS,2010,12/1/10,https://pubmed.ncbi.nlm.nih.gov/20665100/,AIDS and behavior,10.1007/s10461-010-9769-x,N/A,
20585274,Comparing HIV partner notification effectiveness between blacks and Hispanics in New York City.,Bocour A; Udeagu CC; Renaud TC; Hadler JL; Begier EM,2010,12/1/10,https://pubmed.ncbi.nlm.nih.gov/20585274/,Sexually transmitted diseases,10.1097/OLQ.0b013e3181e7107f,N/A,
18985452,Prevalence of tuberculin skin test positivity in clinical population in New York City.,Li J; Munsiff SS; Agerton TB,2010,12/1/10,https://pubmed.ncbi.nlm.nih.gov/18985452/,Journal of immigrant and minority health,10.1007/s10903-008-9204-9,N/A,
20974791,"Sexual behaviors and sexual violence: adolescents with opposite-, same-, or both-sex partners.",Pathela P; Schillinger JA,2010,11/1/10,https://pubmed.ncbi.nlm.nih.gov/20974791/,Pediatrics,10.1542/peds.2010-0396,N/A,
20942698,Making breastfeeding the norm in New York City.,Kaplan DL,2010,10/1/10,https://pubmed.ncbi.nlm.nih.gov/20942698/,Breastfeeding medicine : the official journal of the Academy of Breastfeeding Medicine,10.1089/bfm.2010.0042,N/A,
20881145,Jail-based providers' perceptions of challenges to routine HIV testing in New York City jails.,Sabharwal CJ; Muse KH; Alper H; Begier E; McNeill M; Galeta G; Huang K; Franklin W; Parvez F,2010,10/1/10,https://pubmed.ncbi.nlm.nih.gov/20881145/,Journal of correctional health care : the official journal of the National Commission on Correctional Health Care,10.1177/1078345810378842,N/A,
20691969,Mercury and polychlorinated biphenyls in Asian market fish: a response to results from mercury biomonitoring in New York City.,McKelvey W; Chang M; Arnason J; Jeffery N; Kricheff J; Kass D,2010,10/1/10,https://pubmed.ncbi.nlm.nih.gov/20691969/,Environmental research,10.1016/j.envres.2010.07.002,N/A,
20825336,Public compliance with mass prophylaxis guidance.,Rinchiuso-Hasselmann A; Starr DT; McKay RL; Medina E; Raphael M,2010,9/1/10,https://pubmed.ncbi.nlm.nih.gov/20825336/,"Biosecurity and bioterrorism : biodefense strategy, practice, and science",10.1089/bsp.2010.0017,N/A,
19644744,Breastfeeding ambivalence among low-income African American and Puerto Rican women in north and central Brooklyn.,Kaufman L; Deenadayalan S; Karpati A,2010,9/1/10,https://pubmed.ncbi.nlm.nih.gov/19644744/,Maternal and child health journal,10.1007/s10995-009-0499-5,N/A,
21409295,"'They bring AIDS to us and say we give it to them': Socio-structural context of female sex workers' vulnerability to HIV infection in Ibadan, Nigeria.",Muñoz J; Adedimeji A; Alawode O,2010,8/1/10,https://pubmed.ncbi.nlm.nih.gov/21409295/,SAHARA J : journal of Social Aspects of HIV/AIDS Research Alliance,10.1080/17290376.2010.9724957,N/A,
20678320,"Pandemic (H1N1) 2009 surveillance for severe illness and response, New York, New York, USA, April-July 2009.",Balter S; Gupta LS; Lim S; Fu J; Perlman SE; New York City 2009 H1N1 Flu Investigation Team,2010,8/1/10,https://pubmed.ncbi.nlm.nih.gov/20678320/,Emerging infectious diseases,10.3201/eid1608.091847,N/A,
20494236,Deaths preventable in the U.S. by improvements in use of clinical preventive services.,Farley TA; Dalal MA; Mostashari F; Frieden TR,2010,6/1/10,https://pubmed.ncbi.nlm.nih.gov/20494236/,American journal of preventive medicine,10.1016/j.amepre.2010.02.016,N/A,
20473247,The elephant never forgets; piloting a chlamydia and gonorrhea retesting reminder postcard in an STD clinic setting.,Paneth-Pollak R; Klingler EJ; Blank S; Schillinger JA,2010,6/1/10,https://pubmed.ncbi.nlm.nih.gov/20473247/,Sexually transmitted diseases,10.1097/OLQ.0b013e3181cab281,N/A,
20438349,"Antimicrobial resistance trends of Shigella serotypes in New York City, 2006-2009.",Wong MR; Reddy V; Hanson H; Johnson KM; Tsoi B; Cokes C; Gallagher L; Lee L; Plentsova A; Dang T; Krueger A; Joyce K; Balter S,2010,6/1/10,https://pubmed.ncbi.nlm.nih.gov/20438349/,"Microbial drug resistance (Larchmont, N.Y.)",10.1089/mdr.2009.0130,N/A,
20420514,Fatalities associated with the 2009 H1N1 influenza A virus in New York city.,Lee EH; Wu C; Lee EU; Stoute A; Hanson H; Cook HA; Nivin B; Fine AD; Kerker BD; Harper SA; Layton MC; Balter S,2010,6/1/10,https://pubmed.ncbi.nlm.nih.gov/20420514/,Clinical infectious diseases : an official publication of the Infectious Diseases Society of America,10.1086/652446,N/A,
20415570,"Changing sociodemographic and clinical characteristics of tuberculosis among HIV-infected patients, New York City, 1992-2005.",Harris TG; Li J; Hanna DB; Munsiff SS,2010,6/1/10,https://pubmed.ncbi.nlm.nih.gov/20415570/,Clinical infectious diseases : an official publication of the Infectious Diseases Society of America,10.1086/652654,N/A,
20395574,"Tuberculosis rates among HIV-infected persons in New York City, 2001-2005.",Trieu L; Li J; Hanna DB; Harris TG,2010,6/1/10,https://pubmed.ncbi.nlm.nih.gov/20395574/,American journal of public health,10.2105/AJPH.2009.177725,N/A,
20394700,"Prevalence, awareness, treatment, and control of high LDL cholesterol in New York City, 2004.",Upadhyay UD; Waddell EN; Young S; Kerker BD; Berger M; Matte T; Angell SY,2010,5/1/10,https://pubmed.ncbi.nlm.nih.gov/20394700/,Preventing chronic disease,N/A,N/A,
20394686,"Overreporting of deaths from coronary heart disease in New York City hospitals, 2003.",Agarwal R; Norton JM; Konty K; Zimmerman R; Glover M; Lekiachvili A; McGruder H; Malarcher A; Casper M; Mensah GA; Thorpe L,2010,5/1/10,https://pubmed.ncbi.nlm.nih.gov/20394686/,Preventing chronic disease,N/A,N/A,
20383750,"Pregnancy risk among black, white, and Hispanic teen girls in New York City public schools.",Waddell EN; Orr MG; Sackoff J; Santelli JS,2010,5/1/10,https://pubmed.ncbi.nlm.nih.gov/20383750/,Journal of urban health : bulletin of the New York Academy of Medicine,10.1007/s11524-010-9454-4,N/A,
20042868,"Undiagnosed HIV infection among New York City jail entrants, 2006: results of a blinded serosurvey.",Begier EM; Bennani Y; Forgione L; Punsalang A; Hanna DB; Herrera J; Torian L; Gbur M; Sepkowitz KA; Parvez F,2010,5/1/10,https://pubmed.ncbi.nlm.nih.gov/20042868/,Journal of acquired immune deficiency syndromes (1999),10.1097/QAI.0b013e3181c98fa8,N/A,
20308830,Severity of 2009 pandemic influenza A (H1N1) virus infection in pregnant women.,Creanga AA; Johnson TF; Graitcer SB; Hartman LK; Al-Samarrai T; Schwarz AG; Chu SY; Sackoff JE; Jamieson DJ; Fine AD; Shapiro-Mendoza CK; Jones LE; Uyeki TM; Balter S; Bish CL; Finelli L; Honein MA,2010,4/1/10,https://pubmed.ncbi.nlm.nih.gov/20308830/,Obstetrics and gynecology,10.1097/AOG.0b013e3181d57947,N/A,
20216478,Provider and client acceptance of a health department enhanced approach to improve HIV partner notification in New York City.,Udeagu CC; Bocour A; Gale I; Begier EM,2010,4/1/10,https://pubmed.ncbi.nlm.nih.gov/20216478/,Sexually transmitted diseases,10.1097/OLQ.0b013e3181d013e0,N/A,
20150181,"Linezolid use for treatment of multidrug-resistant and extensively drug-resistant tuberculosis, New York City, 2000-06.",Anger HA; Dworkin F; Sharma S; Munsiff SS; Nilsen DM; Ahuja SD,2010,4/1/10,https://pubmed.ncbi.nlm.nih.gov/20150181/,The Journal of antimicrobial chemotherapy,10.1093/jac/dkq017,N/A,
19656705,Adherence to treatment of latent tuberculosis infection in a clinical population in New York City.,Li J; Munsiff SS; Tarantino T; Dorsinville M,2010,4/1/10,https://pubmed.ncbi.nlm.nih.gov/19656705/,International journal of infectious diseases : IJID : official publication of the International Society for Infectious Diseases,10.1016/j.ijid.2009.05.007,N/A,
20214485,Heterosexual HIV and sexual partnerships between injection drug users and noninjection drug users.,Jenness SM; Neaigus A; Hagan H; Murrill CS; Wendel T,2010,3/1/10,https://pubmed.ncbi.nlm.nih.gov/20214485/,AIDS patient care and STDs,10.1089/apc.2009.0227,N/A,
20176305,Media campaign effectiveness in promoting a smoking-cessation program.,Czarnecki KD; Vichinsky LE; Ellis JA; Perl SB,2010,3/1/10,https://pubmed.ncbi.nlm.nih.gov/20176305/,American journal of preventive medicine,10.1016/j.amepre.2009.11.019,N/A,
20975462,"An outbreak of Klebsiella pneumoniae and Enterobacter aerogenes bacteremia after interventional pain management procedures, New York City, 2008.",Wong MR; Del Rosso P; Heine L; Volpe V; Lee L; Kornblum J; Lin Y; Layton M; Weiss D,2010,1/1/10,https://pubmed.ncbi.nlm.nih.gov/20975462/,Regional anesthesia and pain medicine,10.1097/AAP.0b013e3181fa1163,N/A,
20695245,The business end of health information technology. Can a fully integrated electronic health record increase provider productivity in a large community practice?,De Leon S; Connelly-Flores A; Mostashari F; Shih SC,2010,1/1/10,https://pubmed.ncbi.nlm.nih.gov/20695245/,The Journal of medical practice management : MPM,N/A,N/A,
20689383,The impact of monitoring tuberculosis reporting delays in New York City.,Silin M; Laraque F; Munsiff SS; Crossa A; Harris TG,2010,1/1/10,https://pubmed.ncbi.nlm.nih.gov/20689383/,Journal of public health management and practice : JPHMP,10.1097/PHH.0b013e3181c87ae5,N/A,
20357604,Public health and environmental response to the first case of naturally acquired inhalational anthrax in the United States in 30 years: infection of a new york city resident who worked with dried animal hides.,Nguyen TQ; Clark N; 2006 NYC Anthrax Working Group; Karpati A; Goldberg A; Paykin A; Tucker A; Baker A; Almiroudis A; Fine A; Tsoi B; Aston C; Berg D; Weiss D; Connelly E; Beaudry G; Weisfuse I; Durrah JC; Prudhomme J; Leighton J; Ackelsberg J; Mahoney K; Van Vynck L; Lee L; Moskin L; Layton M; Wong M; Raphael M; Robinson M; Phillips M; Jones M; Jeffery N; Nieves R; Slavinski S; Mullin S; Beatrice ST; Balter S; Blank S; Frieden T; Keifer M; Rosenstein N; Diaz P; Clark T; Compton H; Daloia J; Cardarelli J; Norrell N; Horn E; Jackling S; Bacon C; Glasgow E; Gomez T; Baltzersen RA; Kammerdener C; Margo-Zavazky D; Colgan J; Pulaski P,2010,1/1/10,https://pubmed.ncbi.nlm.nih.gov/20357604/,Journal of public health management and practice : JPHMP,10.1097/PHH.0b013e3181ca64f2,N/A,
20144648,Using geographic information system analyses to monitor large-scale distribution of nicotine replacement therapy in New York City.,Czarnecki KD; Goranson C; Ellis JA; Vichinsky LE; Coady MH; Perl SB,2010,1/1/10,https://pubmed.ncbi.nlm.nih.gov/20144648/,Preventive medicine,10.1016/j.ypmed.2010.01.013,N/A,
20056571,Summer heat and mortality in New York City: how hot is too hot?,Metzger KB; Ito K; Matte TD,2010,1/1/10,https://pubmed.ncbi.nlm.nih.gov/20056571/,Environmental health perspectives,10.1289/ehp.0900906,N/A,
28000684,Levels and determinants of tree pollen in New York City.,Weinberger KR; Kinney PL; Robinson GS; Sheehan D; Kheirbek I; Matte TD; Lovasi GS,2018,3/1/18,https://pubmed.ncbi.nlm.nih.gov/28000684/,Journal of exposure science & environmental epidemiology,10.1038/jes.2016.72,N/A,
27765879,Identifying Key Elements to Inform the Development of an HIV Health Behavior Maintenance Intervention.,Hile SJ; Feldman MB; Raker AR; Irvine MK,2018,1/1/18,https://pubmed.ncbi.nlm.nih.gov/27765879/,American journal of health promotion : AJHP,10.1177/0890117116669108,HIV; intervention; maintenance; self-management,
27774800,Neighborhood contributions to psychological distress among Latino New York City adults.,Lim S; Meausoone V; Norman C; Quinlan C; Driver CR,2017,12/1/17,https://pubmed.ncbi.nlm.nih.gov/27774800/,Ethnicity & health,10.1080/13557858.2016.1244743,Disparity; latino; neighborhood; psychological distress,
27765269,Can Naloxone Be Used to Treat Synthetic Cannabinoid Overdose?,Jones JD; Nolan ML; Daver R; Comer SD; Paone D,2017,4/1/17,https://pubmed.ncbi.nlm.nih.gov/27765269/,Biological psychiatry,10.1016/j.biopsych.2016.08.013,N/A,
27940945,From Care to Cure: Demonstrating a Model of Clinical Patient Navigation for Hepatitis C Care and Treatment in High-Need Patients.,Ford MM; Johnson N; Desai P; Rude E; Laraque F,2017,3/1/17,https://pubmed.ncbi.nlm.nih.gov/27940945/,Clinical infectious diseases : an official publication of the Infectious Diseases Society of America,10.1093/cid/ciw806,access to care; hepatitis c; patient navigation; sustained virologic response,
27866489,Exploring genotype concordance in epidemiologically linked cases of tuberculosis in New York City.,Robbins RS; Perri BR; Ahuja SD; Anger HA; Sullivan Meissner J; Shashkina E; Kreiswirth BN; Proops DC,2017,2/1/17,https://pubmed.ncbi.nlm.nih.gov/27866489/,Epidemiology and infection,10.1017/S0950268816002399,Genotyping; transmission; tuberculosis,
26746424,Persistent Racial Disparities in HIV Infection in the USA: HIV Prevalence Matters.,Xia Q; Braunstein SL; Wiewel EW; Hadler JL; Torian LV,2017,2/1/17,https://pubmed.ncbi.nlm.nih.gov/26746424/,Journal of racial and ethnic health disparities,10.1007/s40615-015-0205-9,HIV; Mathematical model; Racial disparity; USA,
28005477,Correlates of Hepatitis C Virus Infection in the Targeted Testing Program of the New York City Jail System.,Akiyama MJ; Kaba F; Rosner Z; Alper H; Kopolow A; Litwin AH; Venters H; MacDonald R,2017,1/1/17,https://pubmed.ncbi.nlm.nih.gov/28005477/,"Public health reports (Washington, D.C. : 1974)",10.1177/0033354916679367,HCV; corrections; jail,
27875803,Analysis of alcohol use disorders from the Nathan Kline Institute-Rockland Sample: Correlation of brain cortical thickness with neuroticism.,Zhao Y; Zheng ZL; Castellanos FX,2017,1/1/17,https://pubmed.ncbi.nlm.nih.gov/27875803/,Drug and alcohol dependence,10.1016/j.drugalcdep.2016.10.040,Alcohol use disorders; Chronic pain disorder; Fusiform gyrus; Insula; Neuroticism; Personality,
27810890,The new frontier in health services research: a behavioural paradigm guided by genetics.,Fluegge K,2017,1/1/17,https://pubmed.ncbi.nlm.nih.gov/27810890/,Journal of health services research & policy,10.1177/1355819616664374,behaviour; genetics; health services research; paradigm,
27656769,Asthma control in adolescents 10 to 11 y after exposure to the World Trade Center disaster.,Gargano LM; Thomas PA; Stellman SD,2017,1/1/17,https://pubmed.ncbi.nlm.nih.gov/27656769/,Pediatric research,10.1038/pr.2016.190,N/A,
27771006,Epidemiologic Characteristics of Children with Blood Lead Levels ≥45 μg/dL.,Keller B; Faciano A; Tsega A; Ehrlich J,2017,1/1/17,https://pubmed.ncbi.nlm.nih.gov/27771006/,The Journal of pediatrics,10.1016/j.jpeds.2016.09.017,chelation; lead intoxication; lead poisoning; sickle cell disease,
26872486,New York City flavoured tobacco product sales ban evaluation.,Farley SM; Johns M,2017,1/1/17,https://pubmed.ncbi.nlm.nih.gov/26872486/,Tobacco control,10.1136/tobaccocontrol-2015-052418,Non-cigarette tobacco products; Priority/special populations; Public policy,
28031297,"Benefits and Limitations of a Community-Engaged Emergency Referral System in a Remote, Impoverished Setting of Northern Ghana.",Patel S; Koku Awoonor-Williams J; Asuru R; Boyer CB; Awopole Yepakeh Tiah J; Sheff MC; Schmitt ML; Alirigia R; Jackson EF; Phillips JF,2016,12/23/16,https://pubmed.ncbi.nlm.nih.gov/28031297/,"Global health, science and practice",10.9745/GHSP-D-16-00253,N/A,
27585801,Hepatocellular Carcinoma and Viral Hepatitis in New York City.,Moore MS; Ivanina E; Bornschlegel K; Qiao B; Schymura MJ; Laraque F,2016,12/15/16,https://pubmed.ncbi.nlm.nih.gov/27585801/,Clinical infectious diseases : an official publication of the Infectious Diseases Society of America,10.1093/cid/ciw605,hepatitis B; hepatitis C; hepatocellular carcinoma; screening; survival,
27931338,Health care provider perspectives on tuberculosis care for foreign-born populations in New York City.,Zelnick JR; O'Donnell MR; Ahuja SD; Chua A; Sullivan Meissner J,2016,12/1/16,https://pubmed.ncbi.nlm.nih.gov/27931338/,The international journal of tuberculosis and lung disease : the official journal of the International Union against Tuberculosis and Lung Disease,10.5588/ijtld.16.0299,N/A,
27892400,Increase in CD4+ T-Cell Count at the Time of HIV Diagnosis and Antiretroviral Treatment Initiation Among Persons With HIV in New York City.,Braunstein SL; Robertson MM; Myers J; Abraham B; Nash D,2016,12/1/16,https://pubmed.ncbi.nlm.nih.gov/27892400/,The Journal of infectious diseases,10.1093/infdis/jiw438,CD4 cell count; HIV; antiretroviral therapy; trends,
27798761,"Preventable Hospitalization Rates and Neighborhood Poverty among New York City Residents, 2008-2013.",Bocour A; Tria M,2016,12/1/16,https://pubmed.ncbi.nlm.nih.gov/27798761/,Journal of urban health : bulletin of the New York Academy of Medicine,10.1007/s11524-016-0090-5,Ambulatory care sensitive hospitalizations; Neighborhood poverty; Preventable hospitalizations,
27671357,Measuring Adolescent Human Papillomavirus Vaccine Coverage: A Match of Sexually Transmitted Disease Clinic and Immunization Registry Data.,Pathela P; Jamison K; Papadouka V; Kabir R; Markowitz LE; Dunne EF; Schillinger JA,2016,12/1/16,https://pubmed.ncbi.nlm.nih.gov/27671357/,The Journal of adolescent health : official publication of the Society for Adolescent Medicine,10.1016/j.jadohealth.2016.07.021,Adolescents; HPV vaccination; Immunization registry; STD clinics,
27668279,Bias with respect to socioeconomic status: A closer look at zip code matching in a pneumococcal vaccine effectiveness study.,Link-Gelles R; Westreich D; Aiello AE; Shang N; Weber DJ; Holtzman C; Scherzinger K; Reingold A; Schaffner W; Harrison LH; Rosen JB; Petit S; Farley M; Thomas A; Eason J; Wigen C; Barnes M; Thomas O; Zansky S; Beall B; Whitney CG; Moore MR,2016,12/1/16,https://pubmed.ncbi.nlm.nih.gov/27668279/,SSM - population health,10.1016/j.ssmph.2016.08.005,Matched case-control; PCV13; Pneumococcal vaccine; Pneumococcus; Socioeconomic status; Vaccine effectiveness,
27510414,"Impact of hepatitis B on mortality and specific causes of death in adults with and without HIV co-infection in NYC, 2000-2011.",Pinchoff J; Tran OC; Chen L; Bornschlegel K; Drobnik A; Kersanske L; Fuld J,2016,12/1/16,https://pubmed.ncbi.nlm.nih.gov/27510414/,Epidemiology and infection,10.1017/S0950268816001801,HIV/AIDS; Hepatitis B; mortality; surveillance,
27465561,Evaluation of the Farmers' Markets for Kids programme.,Dannefer R; Bryan E; Osborne A; Sacks R,2016,12/1/16,https://pubmed.ncbi.nlm.nih.gov/27465561/,Public health nutrition,10.1017/S1368980016001725,Children; Farmers’ markets; Nutrition; Youth,
27255136,Clinical Effects of Synthetic Cannabinoid Receptor Agonists Compared with Marijuana in Emergency Department Patients with Acute Drug Overdose.,Zaurova M; Hoffman RS; Vlahov D; Manini AF,2016,12/1/16,https://pubmed.ncbi.nlm.nih.gov/27255136/,Journal of medical toxicology : official journal of the American College of Medical Toxicology,10.1007/s13181-016-0558-4,Cannabinoids; Cardiotoxicity; Overdose,
27671667,A call to action and a lifecourse strategy to address the global burden of raised blood pressure on current and future generations: the Lancet Commission on hypertension.,Olsen MH; Angell SY; Asma S; Boutouyrie P; Burger D; Chirinos JA; Damasceno A; Delles C; Gimenez-Roqueplo AP; Hering D; López-Jaramillo P; Martinez F; Perkovic V; Rietzschel ER; Schillaci G; Schutte AE; Scuteri A; Sharman JE; Wachtell K; Wang JG,2016,11/26/16,https://pubmed.ncbi.nlm.nih.gov/27671667/,"Lancet (London, England)",10.1016/S0140-6736(16)31134-5,N/A,
27893595,"The Impact of Prescriptions on Sex Partner Treatment Using Expedited Partner Therapy for Chlamydia trachomatis Infection, New York City, 2014-2015.",Oliver A; Rogers M; Schillinger JA,2016,11/1/16,https://pubmed.ncbi.nlm.nih.gov/27893595/,Sexually transmitted diseases,10.1097/OLQ.0000000000000511,N/A,
27855155,Forecasting Influenza Outbreaks in Boroughs and Neighborhoods of New York City.,Yang W; Olson DR; Shaman J,2016,11/1/16,https://pubmed.ncbi.nlm.nih.gov/27855155/,PLoS computational biology,10.1371/journal.pcbi.1005201,N/A,
27788891,Determinants of asthma morbidity in World Trade Center rescue and recovery workers.,Xu KY; Goodman E; Goswami R; Crane M; Crowley L; Busse P; Katz CL; Markowitz S; de la Hoz RE; Jordan HT; Skloot G; Wisnivesky JP,2016,11/1/16,https://pubmed.ncbi.nlm.nih.gov/27788891/,"Annals of allergy, asthma & immunology : official publication of the American College of Allergy, Asthma, & Immunology",10.1016/j.anai.2016.08.033,N/A,
27770671,"Structural inequalities drive late HIV diagnosis: The role of black racial concentration, income inequality, socioeconomic deprivation, and HIV testing.",Ransome Y; Kawachi I; Braunstein S; Nash D,2016,11/1/16,https://pubmed.ncbi.nlm.nih.gov/27770671/,Health & place,10.1016/j.healthplace.2016.09.004,Black racial concentration; HIV testing; Income inequality; Late HIV diagnosis; Socioeconomic deprivation,
27763998,New York City Achieves the UNAIDS 90-90-90 Targets for HIV-Infected Whites but Not Latinos/Hispanics and Blacks.,Xia Q; Lazar R; Bernard MA; McNamee P; Daskalakis DC; Torian LV; Braunstein SL,2016,11/1/16,https://pubmed.ncbi.nlm.nih.gov/27763998/,Journal of acquired immune deficiency syndromes (1999),10.1097/QAI.0000000000001132,N/A,
27692193,"Non-Prescribed Buprenorphine in New York City: Motivations for Use, Practices of Diversion, and Experiences of Stigma.",Allen B; Harocopos A,2016,11/1/16,https://pubmed.ncbi.nlm.nih.gov/27692193/,Journal of substance abuse treatment,10.1016/j.jsat.2016.08.002,Buprenorphine; Diversion; Non-medical prescription drug use; Opioid analgesics; Qualitative,
27190401,"Exposure to Secondhand Smoke Among Nonsmokers in New York City in the Context of Recent Tobacco Control Policies: Current Status, Changes Over the Past Decade, and National Comparisons.",Perlman SE; Chernov C; Farley SM; Greene CM; Aldous KM; Freeman A; Rodriguez-Lopez J; Thorpe LE,2016,11/1/16,https://pubmed.ncbi.nlm.nih.gov/27190401/,Nicotine & tobacco research : official journal of the Society for Research on Nicotine and Tobacco,10.1093/ntr/ntw135,N/A,
25787985,Experiences of Discrimination and HIV Risk Among Men Who Have Sex With Men in New York City.,Reilly KH; Neaigus A; Jenness SM; Wendel T; Marshall DM; Hagan H,2016,11/1/16,https://pubmed.ncbi.nlm.nih.gov/25787985/,American journal of men's health,10.1177/1557988315575998,gay health issues; homophobia; marginalization; social determinants of health,
28042514,Quality of Life of Persons Injured on 9/11: Qualitative Analysis from the World Trade Center Health Registry.,Gargano LM; Gershon RR; Brackbill RM,2016,10/27/16,https://pubmed.ncbi.nlm.nih.gov/28042514/,PLoS currents,10.1371/currents.dis.7c70f66c1e6c5f41b43c797cb2a04793,N/A,
27444412,"Trends in Cardiovascular Disease Mortality Among Persons With HIV in New York City, 2001-2012.",Hanna DB; Ramaswamy C; Kaplan RC; Kizer JR; Anastos K; Daskalakis D; Zimmerman R; Braunstein SL,2016,10/15/16,https://pubmed.ncbi.nlm.nih.gov/27444412/,Clinical infectious diseases : an official publication of the Infectious Diseases Society of America,10.1093/cid/ciw470,HIV infection; cardiovascular disease; mortality; surveillance; viral load,
27742860,"Staff Satisfaction, Ethical Concerns, and Burnout in the New York City Jail Health System.",Kalra R; Kollisch SG; MacDonald R; Dickey N; Rosner Z; Venters H,2016,10/1/16,https://pubmed.ncbi.nlm.nih.gov/27742860/,Journal of correctional health care : the official journal of the National Commission on Correctional Health Care,10.1177/1078345816668339,attitude; ethics; health care staff; job burnout; job satisfaction,
27697942,Success in the city: the road to implementation of Tobacco 21 and Sensible Tobacco Enforcement in New York City.,Moreland-Russell S; Combs T; Schroth K; Luke D,2016,10/1/16,https://pubmed.ncbi.nlm.nih.gov/27697942/,Tobacco control,10.1136/tobaccocontrol-2016-053089,Advertising and Promotion; Environment; Price; Public policy; Tobacco industry,
27626339,Beyond Berets: The Black Panthers as Health Activists.,Bassett MT,2016,10/1/16,https://pubmed.ncbi.nlm.nih.gov/27626339/,American journal of public health,10.2105/AJPH.2016.303412,N/A,
27621248,"Smoking, alcohol and caffeine in relation to two hormonal indicators of ovarian age during the reproductive years.",Kline J; Tang A; Levin B,2016,10/1/16,https://pubmed.ncbi.nlm.nih.gov/27621248/,Maturitas,10.1016/j.maturitas.2016.07.010,AMH; Alcohol; Caffeine; Epidemiology; FSH; Smoking,
27552273,"Reproductive Outcomes Following Maternal Exposure to the Events of September 11, 2001, at the World Trade Center, in New York City.",Maslow CB; Caramanica K; Li J; Stellman SD; Brackbill RM,2016,10/1/16,https://pubmed.ncbi.nlm.nih.gov/27552273/,American journal of public health,10.2105/AJPH.2016.303303,N/A,
27552265,US Food Industry Progress During the National Salt Reduction Initiative: 2009-2014.,Curtis CJ; Clapp J; Niederman SA; Ng SW; Angell SY,2016,10/1/16,https://pubmed.ncbi.nlm.nih.gov/27552265/,American journal of public health,10.2105/AJPH.2016.303397,N/A,
27479770,Prolonged Detection of Zika Virus RNA in Pregnant Women.,Meaney-Delman D; Oduyebo T; Polen KND; White JL; Bingham AM; Slavinski SA; Heberlein-Larson L; St George K; Rakeman JL; Hills S; Olson CK; Adamski A; Culver Barlow L; Lee EH; Likos AM; Muñoz JL; Petersen EE; Dufort EM; Dean AB; Cortese MM; Santiago GA; Bhatnagar J; Powers AM; Zaki S; Petersen LR; Jamieson DJ; Honein MA; U.S. Zika Pregnancy Registry Prolonged Viremia Working Group,2016,10/1/16,https://pubmed.ncbi.nlm.nih.gov/27479770/,Obstetrics and gynecology,10.1097/AOG.0000000000001625,N/A,
27449135,Risk factors for and consequences of persistent lower respiratory symptoms among World Trade Center Health Registrants 10 years after the disaster.,Friedman SM; Farfel MR; Maslow C; Jordan HT; Li J; Alper H; Cone JE; Stellman SD; Brackbill RM,2016,10/1/16,https://pubmed.ncbi.nlm.nih.gov/27449135/,Occupational and environmental medicine,10.1136/oemed-2015-103512,N/A,
27152466,Using HIV Viral Load From Surveillance to Estimate the Timing of Antiretroviral Therapy Initiation.,Braunstein SL; Robertson MM; Myers J; Nash D,2016,10/1/16,https://pubmed.ncbi.nlm.nih.gov/27152466/,Journal of acquired immune deficiency syndromes (1999),10.1097/QAI.0000000000001052,N/A,
26846591,"A Randomized, Controlled Trial of a Shared Panel Management Program for Small Practices.",Bishop TF; Ryan AM; Chen MA; Mendelsohn J; Gottlieb D; Shih S; Desai P; Wolff EA; Casalino LP,2016,10/1/16,https://pubmed.ncbi.nlm.nih.gov/26846591/,Health services research,10.1111/1475-6773.12455,Chronic disease management; disparities in health care; panel management; population management; public health,
26424160,Constructing a representative sample of out-of-care HIV patients from a representative sample of in-care patients.,Xia Q; Neaigus A; Bernard MA; Raj-Singh S; Shepard CW,2016,10/1/16,https://pubmed.ncbi.nlm.nih.gov/26424160/,International journal of STD & AIDS,10.1177/0956462415608334,HIV; epidemiological studies; out of care; probability sample; statistical weighting,
28221943,Food Allergy Knowledge and Attitudes of Restaurant Managers and Staff: An EHS-Net Study.,Radke TJ; Brown LG; Hoover ER; Faw BV; Reimann D; Wong MR; Nicholas D; Barkley J; Ripley D,2016,9/1/16,https://pubmed.ncbi.nlm.nih.gov/28221943/,Journal of food protection,10.4315/0362-028X.JFP-16-085,Food allergies; Food allergy attitudes; Food allergy knowledge; Food safety; Restaurants,
28123209,"Characteristics of Pregnant Women With Hepatitis B Virus Infection in 5 US Public Health Jurisdictions, 2008-2012.",Walker TY; Smith EA; Fenlon N; Lazaroff JE; Dusek C; Fineis P; Crowley SA; Benson R; Veselsky SL; Murphy TV,2016,9/1/16,https://pubmed.ncbi.nlm.nih.gov/28123209/,"Public health reports (Washington, D.C. : 1974)",10.1177/0033354916663183,hepatitis B; pregnancy; women,
28123206,"Communication Between Infectious Disease Physicians and US State and Local Public Health Agencies: Strengths, Challenges, and Opportunities.",Santibañez S; Polgreen PM; Beekmann SE; Cairns C; Filice GA; Layton M; Hughes JM,2016,9/1/16,https://pubmed.ncbi.nlm.nih.gov/28123206/,"Public health reports (Washington, D.C. : 1974)",10.1177/0033354916660083,communications; emerging infectious diseases; mobile smartphone applications,
26408824,Findings from a pilot environmental health intervention at early childhood centers in the District of Columbia.,Amoah AO; Witherspoon NO; Pérodin J; Paulson JA,2016,9/1/16,https://pubmed.ncbi.nlm.nih.gov/26408824/,"Journal of public health (Oxford, England)",10.1093/pubmed/fdv135,"action research, children; public health",
27582483,"Effect of asthma and PTSD on persistence and onset of gastroesophageal reflux symptoms among adults exposed to the September 11, 2001, terrorist attacks.",Li J; Brackbill RM; Jordan HT; Cone JE; Farfel MR; Stellman SD,2016,9/1/16,https://pubmed.ncbi.nlm.nih.gov/27582483/,American journal of industrial medicine,10.1002/ajim.22644,PTSD; World Trade Center; asthma; gastroesophageal reflux; terrorist attacks,
27582482,"Asthma among Staten Island fresh kills landfill and barge workers following the September 11, 2001 World Trade Center terrorist attacks.",Cone JE; Osahan S; Ekenga CC; Miller-Archie SA; Stellman SD; Fairclough M; Friedman SM; Farfel MR,2016,9/1/16,https://pubmed.ncbi.nlm.nih.gov/27582482/,American journal of industrial medicine,10.1002/ajim.22645,World Trade Center; occupational asthma; reactive airways dysfunction syndrome,
27582476,"Mental health status of World Trade Center tower survivors compared to other survivors a decade after the September 11, 2001 terrorist attacks.",Gargano LM; Nguyen A; DiGrande L; Brackbill RM,2016,9/1/16,https://pubmed.ncbi.nlm.nih.gov/27582476/,American journal of industrial medicine,10.1002/ajim.22636,World Trade Center; binge drinking; disaster; post-traumatic stress disorder,
27582475,Impact of 9/11-related chronic conditions and PTSD comorbidity on early retirement and job loss among World Trade Center disaster rescue and recovery workers.,Yu S; Brackbill RM; Locke S; Stellman SD; Gargano LM,2016,9/1/16,https://pubmed.ncbi.nlm.nih.gov/27582475/,American journal of industrial medicine,10.1002/ajim.22640,9/11 health impact; comorbidity; disaster; early retirement; economic impact; employment; job loss; post-traumatic stress disorder,
27582473,"Ten-year cancer incidence in rescue/recovery workers and civilians exposed to the September 11, 2001 terrorist attacks on the World Trade Center.",Li J; Brackbill RM; Liao TS; Qiao B; Cone JE; Farfel MR; Hadler JL; Kahn AR; Konty KJ; Stayner LT; Stellman SD,2016,9/1/16,https://pubmed.ncbi.nlm.nih.gov/27582473/,American journal of industrial medicine,10.1002/ajim.22638,September 11 attacks; World Trade Center; cancer incidence; environmental exposure,
27510241,Errors in isolation of patients with infectious tuberculosis at a public teaching hospital in New York.,Bhatraju P; Patrawalla P; Trieu L; Ahuja SD; Marchione S; Douyon F; Horowitz HW; Leibert E,2016,9/1/16,https://pubmed.ncbi.nlm.nih.gov/27510241/,The international journal of tuberculosis and lung disease : the official journal of the International Union against Tuberculosis and Lung Disease,10.5588/ijtld.15.0808,N/A,
27509280,How the Nurses' Health Study Helped Americans Take the Trans Fat Out.,Curtis CJ; Clapp J; Goldstein G; Angell SY,2016,9/1/16,https://pubmed.ncbi.nlm.nih.gov/27509280/,American journal of public health,10.2105/AJPH.2016.303353,N/A,
27422395,Point-of-Sale Tobacco Marketing to Youth in New York State.,Waddell EN; Sacks R; Farley SM; Johns M,2016,9/1/16,https://pubmed.ncbi.nlm.nih.gov/27422395/,The Journal of adolescent health : official publication of the Society for Adolescent Medicine,10.1016/j.jadohealth.2016.05.013,Advertising and promotion; Disparities; Surveillance and monitoring,
26604201,"""The next mouthful will be the best"": influence of prevision of the pleasure on the decision of having a second helping of a just eaten food.",Vinai P; Vinai L; Vinai P; Bruno C; Studt S; Cardetti S; Masante D; Speciale M,2016,9/1/16,https://pubmed.ncbi.nlm.nih.gov/26604201/,Eating and weight disorders : EWD,10.1007/s40519-015-0243-7,Obesity; Overeating; Pleasure eating food; Predicted pleasure eating food,
27566439,The contribution of motor vehicle emissions to ambient fine particulate matter public health impacts in New York City: a health burden assessment.,Kheirbek I; Haney J; Douglas S; Ito K; Matte T,2016,8/26/16,https://pubmed.ncbi.nlm.nih.gov/27566439/,Environmental health : a global access science source,10.1186/s12940-016-0172-6,Air quality management; BenMAP; Community multiscale air quality model (CMAQ); Fine particulate matter (PM2.5); Health impact assessment; Traffic,
27028500,Persons Living With HIV in the United States: Fewer Than We Thought.,Xia Q; Braunstein SL; Wiewel EW; Eavey JJ; Shepard CW; Torian LV,2016,8/15/16,https://pubmed.ncbi.nlm.nih.gov/27028500/,Journal of acquired immune deficiency syndromes (1999),10.1097/QAI.0000000000001008,N/A,
27485435,Antiretroviral medication treatment for all HIV-infected individuals: a protocol using innovative multilevel methodologies to evaluate New York City's universal ART policy among problem substance users.,Campbell AN; Des Jarlais D; Hannah C; Braunstein S; Tross S; Kersanske L; Borges C; Pavlicova M; Jefferson K; Newville H; Weaver L; Wolff M,2016,8/2/16,https://pubmed.ncbi.nlm.nih.gov/27485435/,BMC health services research,10.1186/s12913-016-1554-8,Adherence; Affordable care act; Antiretroviral therapy; HIV/AIDS; Substance use,
27509238,Challenges in Recruiting People Who Use Drugs for HIV-Related Biomedical Research: Perspectives from the Field.,Batista P; Deren S; Banfield A; Silva E; Cruz M; Garnes P; Cleland CM; Mehandru S; LaMar M; Markowitz M,2016,8/1/16,https://pubmed.ncbi.nlm.nih.gov/27509238/,AIDS patient care and STDs,10.1089/apc.2016.0135,N/A,
27453146,"A public health approach to increased synthetic cannabinoid-related morbidity among New York City residents, 2014-2015.",Nolan ML; Allen B; Kunins HV; Paone D,2016,8/1/16,https://pubmed.ncbi.nlm.nih.gov/27453146/,The International journal on drug policy,10.1016/j.drugpo.2016.05.014,N/A,
27400353,Public Health Detailing-A Successful Strategy to Promote Judicious Opioid Analgesic Prescribing.,Kattan JA; Tuazon E; Paone D; Dowell D; Vo L; Starrels JL; Jones CM; Kunins HV,2016,8/1/16,https://pubmed.ncbi.nlm.nih.gov/27400353/,American journal of public health,10.2105/AJPH.2016.303274,N/A,
27032464,Influence of Gender and Gender-Specific Recommendations on Adolescent Human Papillomavirus Vaccination.,Teplow-Phipps RL; Papadouka V; Benkel DH; Holleran S; Ramakrishnan R; Rosenthal SL; Soren K; Stockwell MS,2016,8/1/16,https://pubmed.ncbi.nlm.nih.gov/27032464/,American journal of preventive medicine,10.1016/j.amepre.2016.01.030,N/A,
26984785,"Completeness of Neisseria meningitidis reporting in New York City, 1989-2010.",Arakaki L; Ngai S; Weiss D,2016,8/1/16,https://pubmed.ncbi.nlm.nih.gov/26984785/,Epidemiology and infection,10.1017/S0950268816000406,Capture–recapture analysis; meningitis; meningococcal disease; septicaemia; surveillance,
26862865,"Ambient Fine Particulate Matter, Nitrogen Dioxide, and Preterm Birth in New York City.",Johnson S; Bobb JF; Ito K; Savitz DA; Elston B; Shmool JL; Dominici F; Ross Z; Clougherty JE; Matte T,2016,8/1/16,https://pubmed.ncbi.nlm.nih.gov/26862865/,Environmental health perspectives,10.1289/ehp.1510266,N/A,
26837623,Recent Tobacco Smoking is Associated with Poor HIV Medical Outcomes Among HIV-Infected Individuals in New York.,Hile SJ; Feldman MB; Alexy ER; Irvine MK,2016,8/1/16,https://pubmed.ncbi.nlm.nih.gov/26837623/,AIDS and behavior,10.1007/s10461-015-1273-x,CD4 cell count; HIV; Tobacco smoking; Viral load,
26651497,It's Never Just HIV: Exposure to an HIV Prevention Media Campaign and Behavior Change Among Men Who Have Sex with Men Participating in the National HIV Behavioral Surveillance System in New York City.,Reilly KH; Neaigus A; Shepard CW; Cutler BH; Sweeney MM; Rucinski KB; Jenness SM; Wendel T; Marshall DM; Hagan H,2016,8/1/16,https://pubmed.ncbi.nlm.nih.gov/26651497/,LGBT health,10.1089/lgbt.2015.0016,HIV/AIDS; health behavior; health communications; health promotion; men who have sex with men (MSM),
27442327,"Suspected Female-to-Male Sexual Transmission of Zika Virus - New York City, 2016.",Davidson A; Slavinski S; Komoto K; Rakeman J; Weiss D,2016,7/22/16,https://pubmed.ncbi.nlm.nih.gov/27442327/,MMWR. Morbidity and mortality weekly report,10.15585/mmwr.mm6528e2,N/A,
27331241,Intraurban Variation of Fine Particle Elemental Concentrations in New York City.,Ito K; Johnson S; Kheirbek I; Clougherty J; Pezeshki G; Ross Z; Eisl H; Matte TD,2016,7/19/16,https://pubmed.ncbi.nlm.nih.gov/27331241/,Environmental science & technology,10.1021/acs.est.6b00599,N/A,
27377404,Testing the use of practice facilitation in a cluster randomized stepped-wedge design trial to improve adherence to cardiovascular disease prevention guidelines: HealthyHearts NYC.,Shelley DR; Ogedegbe G; Anane S; Wu WY; Goldfeld K; Gold HT; Kaplan S; Berry C,2016,7/4/16,https://pubmed.ncbi.nlm.nih.gov/27377404/,Implementation science : IS,10.1186/s13012-016-0450-2,Cardiovascular disease; Practice facilitation; Primary care,
27373581,A PTSD symptoms trajectory mediates between exposure levels and emotional support in police responders to 9/11: a growth curve analysis.,Schwarzer R; Cone JE; Li J; Bowler RM,2016,7/4/16,https://pubmed.ncbi.nlm.nih.gov/27373581/,BMC psychiatry,10.1186/s12888-016-0907-5,PTSD; Posttraumatic stress disorder; Social support; Stress; Symptoms; Trauma,
27285266,Locating LARC Within the Context of Sexual and Reproductive Justice.,Roberts L; Kaplan D; Sexual and Reproductive Justice Community Engagement Group and the New York City Department of Health and Mental Hygiene,2016,7/1/16,https://pubmed.ncbi.nlm.nih.gov/27285266/,American journal of public health,10.2105/AJPH.2016.303206,N/A,
27196656,"Hepatitis C Screening of the ""Birth Cohort"" (Born 1945-1965) and Younger Inmates of New York City Jails.",Akiyama MJ; Kaba F; Rosner Z; Alper H; Holzman RS; MacDonald R,2016,7/1/16,https://pubmed.ncbi.nlm.nih.gov/27196656/,American journal of public health,10.2105/AJPH.2016.303163,N/A,
27117198,"Reportable Bacterial Infections among New York City-Born Infants, 2001-2009.",Isaac BM; Masonbrink A; Kennedy J; Greene SK; Hennessy RR; Rosen JB; Trieu L; Ngai S; Morse SS; Weiss D,2016,7/1/16,https://pubmed.ncbi.nlm.nih.gov/27117198/,The Journal of pediatrics,10.1016/j.jpeds.2016.03.033,demographic factors; enteric infection; epidemiology; infectious disease; public health,
27058443,Association between prenatal exposure to ambient diesel particulate matter and perchloroethylene with children's 3rd grade standardized test scores.,Stingone JA; McVeigh KH; Claudio L,2016,7/1/16,https://pubmed.ncbi.nlm.nih.gov/27058443/,Environmental research,10.1016/j.envres.2016.03.035,Academic outcomes; Air pollutant mixtures; Air toxics; Tetrachloroethylene; Urban health,
27009129,Recommendations for Structure and Content for a School-Based Adolescent Immunization Curriculum.,Salazar KR; Seib KG; Underwood NL; Gargano LM; Sales JM; Morfaw C; Murray D; Diclemente RJ; Hughes JM,2016,7/1/16,https://pubmed.ncbi.nlm.nih.gov/27009129/,Health promotion practice,10.1177/1524839915627458,adolescent health; curriculum; disease prevention; immunization,
27337505,"Zika Virus Surveillance and Preparedness - New York City, 2015-2016.",Lee CT; Vora NM; Bajwa W; Boyd L; Harper S; Kass D; Langston A; McGibbon E; Merlino M; Rakeman JL; Raphael M; Slavinski S; Tran A; Wong R; Varma JK; NYC Zika Response Team,2016,6/24/16,https://pubmed.ncbi.nlm.nih.gov/27337505/,MMWR. Morbidity and mortality weekly report,10.15585/mmwr.mm6524e3,N/A,
27281392,"An Intervention to Increase Availability of Healthy Foods and Beverages in New York City Hospitals: The Healthy Hospital Food Initiative, 2010-2014.",Moran A; Krepp EM; Johnson Curtis C; Lederer A,2016,6/9/16,https://pubmed.ncbi.nlm.nih.gov/27281392/,Preventing chronic disease,10.5888/pcd13.150541,N/A,
27100322,Time Since Migration and HIV Risk Behaviors Among Puerto Ricans Who Inject Drugs in New York City.,Gelpí-Acosta C; Pouget ER; Reilly KH; Hagan H; Neaigus A; Wendel T; Marshall DM,2016,6/6/16,https://pubmed.ncbi.nlm.nih.gov/27100322/,Substance use & misuse,10.3109/10826084.2016.1155616,HIV; Puerto Rican; acculturation; enculturation; immigrants; syringe sharing,
28348753,Delayed recognition of fatal invasive meningococcal disease in adults.,Nagel FW; Ezeoke I; Antwi M; Del Rosso PE; Dorsinville M; Isaac BM; Hayden A; Hoffman RS; Weingart SD; Weiss D,2016,6/1/16,https://pubmed.ncbi.nlm.nih.gov/28348753/,JMM case reports,10.1099/jmmcr.0.005027,Meningococcal Infections/complications; Meningococcal Infections/prevention & control; Neisseria meningitidis; New York City/epidemiology; Risk Factors; United States/epidemiol,
27438105,Seasonal Influenza Infections and Cardiovascular Disease Mortality.,Nguyen JL; Yang W; Ito K; Matte TD; Shaman J; Kinney PL,2016,6/1/16,https://pubmed.ncbi.nlm.nih.gov/27438105/,JAMA cardiology,10.1001/jamacardio.2016.0433,N/A,
27292172,Temporal and Spatial Patterns in Utilization of Mental Health Services During and After Hurricane Sandy: Emergency Department and Inpatient Hospitalizations in New York City.,He FT; Lundy De La Cruz N; Olson D; Lim S; Levanon Seligson A; Hall G; Jessup J; Gwynn C,2016,6/1/16,https://pubmed.ncbi.nlm.nih.gov/27292172/,Disaster medicine and public health preparedness,10.1017/dmp.2016.89,Hurricane Sandy; emergency department; emergency preparedness; health care utilization; mental health,
27244856,Immunization Data Exchange With Electronic Health Records.,Stockwell MS; Natarajan K; Ramakrishnan R; Holleran S; Forney K; Aponte A; Vawdrey DK,2016,6/1/16,https://pubmed.ncbi.nlm.nih.gov/27244856/,Pediatrics,10.1542/peds.2015-4335,N/A,
27168022,Impact on Primary Care Access Post-Disaster: A Case Study From the Rockaway Peninsula.,Sood RK; Bocour A; Kumar S; Guclu H; Potter M; Shah TB,2016,6/1/16,https://pubmed.ncbi.nlm.nih.gov/27168022/,Disaster medicine and public health preparedness,10.1017/dmp.2016.80,Sandy; disaster planning; hurricane; primary care access; superstorm,
27125322,Spatial Shift in the Utilization of Mental Health Services After Hurricane Sandy Among New York City Residents Enrolled in Medicaid.,Hall G; Jessup J; Lim S; Olson D; Seligson AL; He FT; De La Cruz N; Gwynn C,2016,6/1/16,https://pubmed.ncbi.nlm.nih.gov/27125322/,Disaster medicine and public health preparedness,10.1017/dmp.2016.58,Hurricane Sandy; Medicaid; emergency preparedness; mental health; statistical process control,
27098725,Hurricane Sandy Evacuation Among World Trade Center Health Registry Enrollees in New York City.,Brown S; Gargano LM; Parton H; Caramanica K; Farfel MR; Stellman SD; Brackbill RM,2016,6/1/16,https://pubmed.ncbi.nlm.nih.gov/27098725/,Disaster medicine and public health preparedness,10.1017/dmp.2016.57,9/11; community support; disasters; emergency preparedness; zone awareness,
27094566,"Police officers who responded to 9/11: Comorbidity of PTSD, depression, and anxiety 10-11 years later.",Bowler RM; Kornblith ES; Li J; Adams SW; Gocheva VV; Schwarzer R; Cone JE,2016,6/1/16,https://pubmed.ncbi.nlm.nih.gov/27094566/,American journal of industrial medicine,10.1002/ajim.22588,9/11; comorbidity; police; posttraumatic stress disorder; risk factor,
27077350,Estimating Potential Reductions in Premature Mortality in New York City From Raising the Minimum Wage to $15.,Tsao TY; Konty KJ; Van Wye G; Barbot O; Hadler JL; Linos N; Bassett MT,2016,6/1/16,https://pubmed.ncbi.nlm.nih.gov/27077350/,American journal of public health,10.2105/AJPH.2016.303188,N/A,
27075561,An Agent-Based Model for Addressing the Impact of a Disaster on Access to Primary Care Services.,Guclu H; Kumar S; Galloway D; Krauland M; Sood R; Bocour A; Hershey TB; van Nostrand E; Potter M,2016,6/1/16,https://pubmed.ncbi.nlm.nih.gov/27075561/,Disaster medicine and public health preparedness,10.1017/dmp.2016.44,Superstorm Sandy; agent-based model; hurricane; planning; primary care access; spatial,
27074115,"Injury Deaths Related to Hurricane Sandy, New York City, 2012.",Seil K; Spira-Cohen A; Marcum J,2016,6/1/16,https://pubmed.ncbi.nlm.nih.gov/27074115/,Disaster medicine and public health preparedness,10.1017/dmp.2016.36,Hurricane Sandy; New York City; injury; mortality,
27021812,Legal Considerations for Health Care Practitioners After Superstorm Sandy.,Hershey TB; Van Nostrand E; Sood RK; Potter M,2016,6/1/16,https://pubmed.ncbi.nlm.nih.gov/27021812/,Disaster medicine and public health preparedness,10.1017/dmp.2016.33,Superstorm Sandy; liability; licensure; scope of practice; waivers of law,
26844200,"Validation of self-rated overall diet quality by Healthy Eating Index-2010 score among New York City adults, 2013.",Adjoian TK; Firestone MJ; Eisenhower D; Yi SS,2016,6/1/16,https://pubmed.ncbi.nlm.nih.gov/26844200/,Preventive medicine reports,10.1016/j.pmedr.2016.01.001,Diet quality; HEI-2010; Healthy Eating Index; Self-rated diet quality,
27169801,The need for global regulatory harmonization: A public health imperative.,Zerhouni E; Hamburg M,2016,5/11/16,https://pubmed.ncbi.nlm.nih.gov/27169801/,Science translational medicine,10.1126/scitranslmed.aaf1396,N/A,
27084810,Enhancing management of tuberculosis treatment with video directly observed therapy in New York City.,Chuck C; Robinson E; Macaraig M; Alexander M; Burzynski J,2016,5/1/16,https://pubmed.ncbi.nlm.nih.gov/27084810/,The international journal of tuberculosis and lung disease : the official journal of the International Union against Tuberculosis and Lung Disease,10.5588/ijtld.15.0738,N/A,
26987984,Effectiveness of 13-valent pneumococcal conjugate vaccine for prevention of invasive pneumococcal disease in children in the USA: a matched case-control study.,Moore MR; Link-Gelles R; Schaffner W; Lynfield R; Holtzman C; Harrison LH; Zansky SM; Rosen JB; Reingold A; Scherzinger K; Thomas A; Guevara RE; Motala T; Eason J; Barnes M; Petit S; Farley MM; McGee L; Jorgensen JH; Whitney CG,2016,5/1/16,https://pubmed.ncbi.nlm.nih.gov/26987984/,The Lancet. Respiratory medicine,10.1016/S2213-2600(16)00052-7,N/A,
27126554,Characterizing Adults Receiving Primary Medical Care in New York City: Implications for Using Electronic Health Records for Chronic Disease Surveillance.,Romo ML; Chan PY; Lurie-Moroni E; Perlman SE; Newton-Dame R; Thorpe LE; McVeigh KH,2016,4/28/16,https://pubmed.ncbi.nlm.nih.gov/27126554/,Preventing chronic disease,10.5888/pcd13.150500,N/A,
26959270,Community Vision and Interagency Alignment: A Community Planning Process to Promote Active Transportation.,DeGregory ST; Chaudhury N; Kennedy P; Noyes P; Maybank A,2016,4/1/16,https://pubmed.ncbi.nlm.nih.gov/26959270/,American journal of public health,10.2105/AJPH.2015.303024,N/A,
26954702,"Trajectories of PTSD Among Lower Manhattan Residents and Area Workers Following the 2001 World Trade Center Disaster, 2003-2012.",Welch AE; Caramanica K; Maslow CB; Brackbill RM; Stellman SD; Farfel MR,2016,4/1/16,https://pubmed.ncbi.nlm.nih.gov/26954702/,Journal of traumatic stress,10.1002/jts.22090,N/A,
26933212,"Infant Deaths Due To Herpes Simplex Virus, Congenital Syphilis, and HIV in New York City.",Sampath A; Maduro G; Schillinger JA,2016,4/1/16,https://pubmed.ncbi.nlm.nih.gov/26933212/,Pediatrics,10.1542/peds.2015-2387,N/A,
26879653,HIV Self-Testing: a Review of Current Implementation and Fidelity.,Estem KS; Catania J; Klausner JD,2016,4/1/16,https://pubmed.ncbi.nlm.nih.gov/26879653/,Current HIV/AIDS reports,10.1007/s11904-016-0307-y,African-Americans; Fidelity (performance); HIV; HIV diagnosis; HIV prevention; HIV self-testing; Men who have sex with men (MSM); Review; Science of prevention,
26745813,Improving Transgender Healthcare in the New York City Correctional System.,Jaffer M; Ayad J; Tungol JG; MacDonald R; Dickey N; Venters H,2016,4/1/16,https://pubmed.ncbi.nlm.nih.gov/26745813/,LGBT health,10.1089/lgbt.2015.0050,correctional health; health policy development; quality improvement; transgender health,
26558628,Community Sexual Bridging Among Heterosexuals at High-Risk of HIV in New York City.,Neaigus A; Jenness SM; Reilly KH; Youm Y; Hagan H; Wendel T; Gelpi-Acosta C,2016,4/1/16,https://pubmed.ncbi.nlm.nih.gov/26558628/,AIDS and behavior,10.1007/s10461-015-1244-2,Bridging; Communities; HIV; Heterosexual; New York City; Sexual networks,
26934704,Transforming Global Health by Improving the Science of Scale-Up.,Kruk ME; Yamey G; Angell SY; Beith A; Cotlear D; Guanais F; Jacobs L; Saxenian H; Victora C; Goosby E,2016,3/1/16,https://pubmed.ncbi.nlm.nih.gov/26934704/,PLoS biology,10.1371/journal.pbio.1002360,N/A,
26830507,A School-Level Proxy Measure for Individual-Level Poverty Using School-Level Eligibility for Free and Reduced-Price Meals.,Day SE; Hinterland K; Myers C; Gupta L; Harris TG; Konty KJ,2016,3/1/16,https://pubmed.ncbi.nlm.nih.gov/26830507/,The Journal of school health,10.1111/josh.12371,child and adolescent health; evaluation; health-risk behaviors; methods and materials of instruction; public health; research,
26750743,Costs and effects of a telephonic diabetes self-management support intervention using health educators.,Schechter CB; Walker EA; Ortega FM; Chamany S; Silver LD,2016,3/1/16,https://pubmed.ncbi.nlm.nih.gov/26750743/,Journal of diabetes and its complications,10.1016/j.jdiacomp.2015.11.017,HbA1c; cost-effectiveness; diabetes; health educators; telephone-based care,
26699704,Two Listeria monocytogenes Pseudo-outbreaks Caused by Contaminated Laboratory Culture Media.,Matanock A; Katz LS; Jackson KA; Kucerova Z; Conrad AR; Glover WA; Nguyen V; Mohr MC; Marsden-Haug N; Thompson D; Dunn JR; Stroika S; Melius B; Tarr C; Dietrich SE; Kao AS; Kornstein L; Li Z; Maroufi A; Marder EP; Meyer R; Perez-Osorio AC; Reddy V; Reporter R; Carleton H; Tweeten S; Waechter H; Yee LM; Wise ME; Davis K; Jackson BR,2016,3/1/16,https://pubmed.ncbi.nlm.nih.gov/26699704/,Journal of clinical microbiology,10.1128/JCM.02035-15,N/A,
26691125,High Tuberculosis Strain Diversity Among New York City Public Housing Residents.,Dawson P; Perri BR; Ahuja SD,2016,3/1/16,https://pubmed.ncbi.nlm.nih.gov/26691125/,American journal of public health,10.2105/AJPH.2015.302910,N/A,
26691124,"HIV Diagnoses and Care Among Transgender Persons and Comparison With Men Who Have Sex With Men: New York City, 2006-2011.",Wiewel EW; Torian LV; Merchant P; Braunstein SL; Shepard CW,2016,3/1/16,https://pubmed.ncbi.nlm.nih.gov/26691124/,American journal of public health,10.2105/AJPH.2015.302974,N/A,
26673347,Clinical and Pathological Evaluation of Mycobacterium marinum Group Skin Infections Associated With Fish Markets in New York City.,Sia TY; Taimur S; Blau DM; Lambe J; Ackelsberg J; Yacisin K; Bhatnagar J; Ritter J; Shieh WJ; Muehlenbachs A; Shulman K; Fong D; Kung E; Zaki SR,2016,3/1/16,https://pubmed.ncbi.nlm.nih.gov/26673347/,Clinical infectious diseases : an official publication of the Infectious Diseases Society of America,10.1093/cid/civ937,Mycobacterium marinum; diagnosis; fish; outbreak; skin infection,
26569447,IUD services among primary care practices in New York City.,Jacobson L; Garbers S; Helmy H; Roobol H; Kohn JE; Kavanaugh ML,2016,3/1/16,https://pubmed.ncbi.nlm.nih.gov/26569447/,Contraception,10.1016/j.contraception.2015.11.002,IUD; Intrauterine device; LARC; Long-acting reversible contraception; Primary care,
26558700,Using GPS Data to Study Neighborhood Walkability and Physical Activity.,Rundle AG; Sheehan DM; Quinn JW; Bartley K; Eisenhower D; Bader MMD; Lovasi GS; Neckerman KM,2016,3/1/16,https://pubmed.ncbi.nlm.nih.gov/26558700/,American journal of preventive medicine,10.1016/j.amepre.2015.07.033,N/A,
26536317,"Implementation and Operational Research: CD4 Count Monitoring Frequency and Risk of CD4 Count Dropping Below 200 Cells Per Cubic Millimeter Among Stable HIV-Infected Patients in New York City, 2007-2013.",Myers JE; Xia Q; Torian LV; Irvine M; Harriman G; Sepkowitz KA; Shepard CW,2016,3/1/16,https://pubmed.ncbi.nlm.nih.gov/26536317/,Journal of acquired immune deficiency syndromes (1999),10.1097/QAI.0000000000000885,N/A,
26373854,The DSM-5 effect: psychological characteristics of new patients affected by Binge Eating Disorder following the criteria of the DSM-5 in a sample of severe obese patients.,Vinai P; Da Ros A; Cardetti S; Casey H; Studt S; Gentile N; Tagliabue A; Vinai L; Vinai P; Bruno C; Mansueto G; Palmieri S; Speciale M,2016,3/1/16,https://pubmed.ncbi.nlm.nih.gov/26373854/,Eating and weight disorders : EWD,10.1007/s40519-015-0218-8,Binge Eating Disorder; DSM-5 diagnostic criteria; DSM-IV-TR diagnostic criteria; Obesity; Psychopathology,
26881371,Screening Yield of HIV Antigen/Antibody Combination and Pooled HIV RNA Testing for Acute HIV Infection in a High-Prevalence Population.,Peters PJ; Westheimer E; Cohen S; Hightow-Weidman LB; Moss N; Tsoi B; Hall L; Fann C; Daskalakis DC; Beagle S; Patel P; Radix A; Foust E; Kohn RP; Marmorino J; Pandori M; Fu J; Samandari T; Gay CL,2016,2/16/16,https://pubmed.ncbi.nlm.nih.gov/26881371/,JAMA,10.1001/jama.2016.0286,N/A,
26818082,Circumstances and contexts of heroin initiation following non-medical opioid analgesic use in New York City.,Harocopos A; Allen B; Paone D,2016,2/1/16,https://pubmed.ncbi.nlm.nih.gov/26818082/,The International journal on drug policy,10.1016/j.drugpo.2015.12.021,Heroin; Initiation; Opioid analgesics; Qualitative; Transition,
26779687,Bacterial Sexually Transmitted Disease Screening Outside the Clinic--Implications for the Modern Sexually Transmitted Disease Program.,Bernstein KT; Chow JM; Pathela P; Gift TL,2016,2/1/16,https://pubmed.ncbi.nlm.nih.gov/26779687/,Sexually transmitted diseases,10.1097/OLQ.0000000000000343,N/A,
26771402,The Expedited Partner Therapy Continuum: A Conceptual Framework to Guide Programmatic Efforts to Increase Partner Treatment.,Schillinger JA; Gorwitz R; Rietmeijer C; Golden MR,2016,2/1/16,https://pubmed.ncbi.nlm.nih.gov/26771402/,Sexually transmitted diseases,10.1097/OLQ.0000000000000399,N/A,
26725936,Cancer in World Trade Center responders: Findings from multiple cohorts and options for future study.,Boffetta P; Zeig-Owens R; Wallenstein S; Li J; Brackbill R; Cone J; Farfel M; Holden W; Lucchini R; Webber MP; Prezant D; Stellman SD,2016,2/1/16,https://pubmed.ncbi.nlm.nih.gov/26725936/,American journal of industrial medicine,10.1002/ajim.22555,World Trade Center; cancer; cohort study; epidemiology; surveillance,
26694046,Maternal Obesity: Risks for Developmental Delays in Early Childhood.,Duffany KO; McVeigh KH; Kershaw TS; Lipkind HS; Ickovics JR,2016,2/1/16,https://pubmed.ncbi.nlm.nih.gov/26694046/,Maternal and child health journal,10.1007/s10995-015-1821-z,Cognitive delay; Developmental delay; Obesity; Pregnancy,
26691119,Public Health Monitoring of Privilege and Deprivation With the Index of Concentration at the Extremes.,Krieger N; Waterman PD; Spasojevic J; Li W; Maduro G; Van Wye G,2016,2/1/16,https://pubmed.ncbi.nlm.nih.gov/26691119/,American journal of public health,10.2105/AJPH.2015.302955,N/A,
26607927,Bisexual Behavior Among Male Injection Drug Users in New York City.,Reilly KH; Neaigus A; Wendel T; Marshall DM; Hagan H,2016,2/1/16,https://pubmed.ncbi.nlm.nih.gov/26607927/,AIDS and behavior,10.1007/s10461-015-1257-x,Bisexuality; Drug use; Injection drug use; Men; Sexual behavior,
26518007,Implications for Improving Fetal Death Vital Statistics: Connecting Reporters' Self-Identified Practices and Barriers to Third Trimester Fetal Death Data Quality in New York City.,Lee E; Toprani A; Begier E; Genovese R; Madsen A; Gambatese M,2016,2/1/16,https://pubmed.ncbi.nlm.nih.gov/26518007/,Maternal and child health journal,10.1007/s10995-015-1833-8,Data collection; Fetal death; Perinatal mortality; Stillbirth; Vital statistics,
26505331,Comparison of Single-Visit and Multiple-Visit Measures of Retention in Care for HIV Monitoring and Evaluation.,Xia Q; Wiewel EW; Torian LV,2016,2/1/16,https://pubmed.ncbi.nlm.nih.gov/26505331/,Journal of acquired immune deficiency syndromes (1999),10.1097/QAI.0000000000000878,N/A,
26334735,Cost-Effectiveness of Meningococcal Vaccination Among Men Who Have Sex With Men in New York City.,Simon MS; Weiss D; Geevarughese A; Kratz MM; Cutler B; Gulick RM; Zucker JR; Varma JK; Schackman BR,2016,2/1/16,https://pubmed.ncbi.nlm.nih.gov/26334735/,Journal of acquired immune deficiency syndromes (1999),10.1097/QAI.0000000000000822,N/A,
25790825,National diagnostic reference level initiative for computed tomography examinations in Kenya.,Korir GK; Wambani JS; Korir IK; Tries MA; Boen PK,2016,2/1/16,https://pubmed.ncbi.nlm.nih.gov/25790825/,Radiation protection dosimetry,10.1093/rpd/ncv020,N/A,
25576179,Use of Regional Data to Validate and Recalibrate Self-reported Hypertension: Highlighting Differences in Immigrant Groups in New York City.,Yi SS; Johns M; Lim S,2016,2/1/16,https://pubmed.ncbi.nlm.nih.gov/25576179/,Journal of immigrant and minority health,10.1007/s10903-015-0156-6,Hypertension; Immigrant populations; Surveillance; Validation,
26865989,Evacuation During Hurricane Sandy: Data from a Rapid Community Assessment.,Brown S; Parton H; Driver C; Norman C,2016,1/29/16,https://pubmed.ncbi.nlm.nih.gov/26865989/,PLoS currents,10.1371/currents.dis.692664b92af52a3b506483b8550d6368,N/A,
26621182,A roadmap for better mental health in New York City.,Belkin G; Linos N; Perlman SE; Norman C; Bassett MT,2016,1/16/16,https://pubmed.ncbi.nlm.nih.gov/26621182/,"Lancet (London, England)",10.1016/S0140-6736(15)00830-2,N/A,
26595055,New York Citywide Colon Cancer Control Coalition: A public health effort to increase colon cancer screening and address health disparities.,Itzkowitz SH; Winawer SJ; Krauskopf M; Carlesimo M; Schnoll-Sussman FH; Huang K; Weber TK; Jandorf L,2016,1/15/16,https://pubmed.ncbi.nlm.nih.gov/26595055/,Cancer,10.1002/cncr.29595,colorectal cancer; colorectal cancer prevention; colorectal cancer screening; screening colonoscopy,
28154837,Can Electronic Health Records Be Used for Population Health Surveillance? Validating Population Health Metrics Against Established Survey Data.,McVeigh KH; Newton-Dame R; Chan PY; Thorpe LE; Schreibstein L; Tatem KS; Chernov C; Lurie-Moroni E; Perlman SE,2016,1/1/16,https://pubmed.ncbi.nlm.nih.gov/28154837/,"EGEMS (Washington, DC)",10.13063/2327-9214.1267,Chronic Disease; Electronic Health Records; Population Health; Surveillance; Validity,
28154836,"Monitoring Prevalence, Treatment, and Control of Metabolic Conditions in New York City Adults Using 2013 Primary Care Electronic Health Records: A Surveillance Validation Study.",Thorpe LE; McVeigh KH; Perlman S; Chan PY; Bartley K; Schreibstein L; Rodriguez-Lopez J; Newton-Dame R,2016,1/1/16,https://pubmed.ncbi.nlm.nih.gov/28154836/,"EGEMS (Washington, DC)",10.13063/2327-9214.1266,Electronic health records (EHR); cardiovascular risk factors; chronic diseases; metabolic conditions; surveillance; validation,
28154835,Design of the New York City Macroscope: Innovations in Population Health Surveillance Using Electronic Health Records.,Newton-Dame R; McVeigh KH; Schreibstein L; Perlman S; Lurie-Moroni E; Jacobson L; Greene C; Snell E; Thorpe LE,2016,1/1/16,https://pubmed.ncbi.nlm.nih.gov/28154835/,"EGEMS (Washington, DC)",10.13063/2327-9214.1265,Electronic health records (EHR); cardiovascular disease; chronic disease; population health; surveillance,
28101877,"Using a call center to coordinate Zika virus testing-New York City, 2016.",Jacobs-Wingo J; Ezeoke I; Saffa A; Tate A; Lee D; Johnson K; Whittemore K; Illescas A; Collins A; Rand M; Rakeman JL; Varma JK; Vora NM,2016,1/1/16,https://pubmed.ncbi.nlm.nih.gov/28101877/,"Journal of emergency management (Weston, Mass.)",10.5055/jem.2016.0303,N/A,
27649748,Impact of Hurricane Sandy on community pharmacies in severely affected areas of New York City: A qualitative assessment.,Arya V; Medina E; Scaccia A; Mathew C; Starr D,2016,1/1/16,https://pubmed.ncbi.nlm.nih.gov/27649748/,American journal of disaster medicine,10.5055/ajdm.2016.0221,N/A,
27453603,"Effects of Health Level 7 Messaging on Data Quality in New York City's Immunization Information System, 2014.",Metroka AE; Papadouka V; Ternier A; Zucker JR,2016,1/1/16,https://pubmed.ncbi.nlm.nih.gov/27453603/,"Public health reports (Washington, D.C. : 1974)",10.1177/0033354916662217,N/A,
27453601,"Continuum of Care Among People Living with Perinatally Acquired HIV Infection in New York City, 2014.",Xia Q; Shah D; Gill B; Torian LV; Braunstein SL,2016,1/1/16,https://pubmed.ncbi.nlm.nih.gov/27453601/,"Public health reports (Washington, D.C. : 1974)",10.1177/0033354916662215,N/A,
27252563,"Barriers to Treatment Among New York City Residents with Chronic Hepatitis C Virus Infection, 2014.",King A; Bornschlegel K; Johnson N; Rude E; Laraque F,2016,1/1/16,https://pubmed.ncbi.nlm.nih.gov/27252563/,"Public health reports (Washington, D.C. : 1974)",10.1177/003335491613100309,N/A,
27252562,"Performance of Self-Report to Establish Cancer Diagnoses in Disaster Responders and Survivors, World Trade Center Health Registry, New York, 2001-2007.",Li J; Cone JE; Alt AK; Wu DR; Liff JM; Farfel MR; Stellman SD,2016,1/1/16,https://pubmed.ncbi.nlm.nih.gov/27252562/,"Public health reports (Washington, D.C. : 1974)",10.1177/003335491613100308,N/A,
26957664,"The Association Between Neighborhood Poverty and HIV Diagnoses Among Males and Females in New York City, 2010-2011.",Wiewel EW; Bocour A; Kersanske LS; Bodach SD; Xia Q; Braunstein SL,2016,1/1/16,https://pubmed.ncbi.nlm.nih.gov/26957664/,"Public health reports (Washington, D.C. : 1974)",10.1177/003335491613100213,N/A,
26862225,"Strengthening Screening for HIV, Hepatitis C, and STIs: An Innovative Partnership Between the Health Department and Community Health Centers in New York City.",Terranova E; Tsoi B; Laraque F; Washburn K; Fuld J,2016,1/1/16,https://pubmed.ncbi.nlm.nih.gov/26862225/,"Public health reports (Washington, D.C. : 1974)",10.1177/00333549161310S102,N/A,
26843660,Evidence of Support for Smoke-Free Public Housing Among New York City Residents.,Farley SM; Schroth KR; Curtis CJ; Angell S,2016,1/1/16,https://pubmed.ncbi.nlm.nih.gov/26843660/,"Public health reports (Washington, D.C. : 1974)",10.1177/003335491613100102,N/A,
26783869,"Educating Pharmacists in Quality (EPIQ): Recipient, Academy for Healthcare Improvement 2015 Duncan Neuhauser Award for Curricular Innovation.",Warholak TL; Hincapie AL; Arya V; Holdford D; Stolpe S; Fish H; West-Strum D,2016,1/1/16,https://pubmed.ncbi.nlm.nih.gov/26783869/,Quality management in health care,10.1097/QMH.0000000000000082,N/A,
26704086,Outbreaks of Salmonellosis From Small Turtles.,Walters MS; Simmons L; Anderson TC; DeMent J; Van Zile K; Matthias LP; Etheridge S; Baker R; Healan C; Bagby R; Reporter R; Kimura A; Harrison C; Ajileye K; Borders J; Crocker K; Smee A; Adams-Cameron M; Joseph LA; Tolar B; Trees E; Sabol A; Garrett N; Bopp C; Bosch S; Behravesh CB,2016,1/1/16,https://pubmed.ncbi.nlm.nih.gov/26704086/,Pediatrics,10.1542/peds.2015-1735,N/A,
29546141,Food shopping behaviors of residents in two Bronx neighborhoods.,Dannefer R; Adjoian T; Brathwaite C; Walsh R,2016,1/1/16,https://pubmed.ncbi.nlm.nih.gov/29546141/,AIMS public health,10.3934/publichealth.2016.1.1,New York City; corner stores; food access; food environment; health disparities; nutrition; supermarkets,
26555138,Integrating intervention for substance use disorder in a healthcare setting: practice and outcomes in New York City STD clinics.,Yu J; Appel P; Rogers M; Blank S; Davis C; Warren B; Freeman A; Harris B; Hussain S,2016,1/1/16,https://pubmed.ncbi.nlm.nih.gov/26555138/,The American journal of drug and alcohol abuse,10.3109/00952990.2015.1094478,Substance use disorder; healthcare setting; intervention,
26546234,Bridging the gap between evidence and policy for infectious diseases: How models can aid public health decision-making.,Knight GM; Dharan NJ; Fox GJ; Stennis N; Zwerling A; Khurana R; Dowdy DW,2016,1/1/16,https://pubmed.ncbi.nlm.nih.gov/26546234/,International journal of infectious diseases : IJID : official publication of the International Society for Infectious Diseases,10.1016/j.ijid.2015.10.024,Models; Public health practice; Tuberculosis; theoretical,
26498730,Healthcare-Associated Transmission of Plasmodium falciparum in New York City.,Lee EH; Adams EH; Madison-Antenucci S; Lee L; Barnwell JW; Whitehouse J; Clement E; Bajwa W; Jones LE; Lutterloh E; Weiss D; Ackelsberg J,2016,1/1/16,https://pubmed.ncbi.nlm.nih.gov/26498730/,Infection control and hospital epidemiology,10.1017/ice.2015.236,N/A,
26338781,Treatment for Tuberculosis Infection With 3 Months of Isoniazid and Rifapentine in New York City Health Department Clinics.,Stennis NL; Burzynski JN; Herbert C; Nilsen D; Macaraig M,2016,1/1/16,https://pubmed.ncbi.nlm.nih.gov/26338781/,Clinical infectious diseases : an official publication of the Infectious Diseases Society of America,10.1093/cid/civ766,3-month treatment; directly observed therapy; latent tuberculosis infection; public health,
26275122,"HIV-infected men who have sex with men, before and after release from jail: the impact of age and race, results from a multi-site study.",Vagenas P; Zelenev A; Altice FL; Di Paola A; Jordan AO; Teixeira PA; Frew PM; Spaulding AC; Springer SA,2016,1/1/16,https://pubmed.ncbi.nlm.nih.gov/26275122/,AIDS care,10.1080/09540121.2015.1062464,Black; HIV; MSM; addiction; adherence; insurance; jail; retention in care; secondary prevention,
25887941,"Increased Life Expectancy in New York City, 2001-2010: An Exploration by Cause of Death and Demographic Characteristics.",Li W; Maduro GA; Begier EM,2016,1/1/16,https://pubmed.ncbi.nlm.nih.gov/25887941/,Journal of public health management and practice : JPHMP,10.1097/PHH.0000000000000265,N/A,
25867495,Contact Investigations Around Mycobacterium tuberculosis Patients Without Positive Respiratory Culture.,Cates J; Trieu L; Proops D; Ahuja SD,2016,1/1/16,https://pubmed.ncbi.nlm.nih.gov/25867495/,Journal of public health management and practice : JPHMP,10.1097/PHH.0000000000000261,N/A,
25734653,Preparing Master of Public Health Graduates to Work in Local Health Departments.,Hemans-Henry C; Blake J; Parton H; Koppaka R; Greene CM,2016,1/1/16,https://pubmed.ncbi.nlm.nih.gov/25734653/,Journal of public health management and practice : JPHMP,10.1097/PHH.0000000000000232,N/A,
26703644,"Factors Associated with Providers' Perceptions of Mental Health Care in Santa Luzia's Family Health Strategy, Brazil.",Ghesquiere AR; Pinto RM; Rahman R; Spector AY,2015,12/23/15,https://pubmed.ncbi.nlm.nih.gov/26703644/,International journal of environmental research and public health,10.3390/ijerph13010033,community health workers; mental health care; transdisciplinary collaboration,
27747743,Utility of a near real-time emergency department syndromic surveillance system to track injuries in New York City.,Seil K; Marcum J; Lall R; Stayton C,2015,12/1/15,https://pubmed.ncbi.nlm.nih.gov/27747743/,Injury epidemiology,10.1186/s40621-015-0044-5,"Emergency service, hospital; Epidemiology; Public health surveillance; Wounds and injuries",
26566538,"Human Immunodeficiency Virus Infection Newly Diagnosed at Autopsy in New York City, 2008-2012.",Ramaswamy C; Ellman TM; Myers J; Madsen A; Sepkowitz K; Shepard C,2015,12/1/15,https://pubmed.ncbi.nlm.nih.gov/26566538/,Open forum infectious diseases,10.1093/ofid/ofv146,HIV diagnoses at autopsy; HIV diagnosis at death; autopsy; new HIV diagnoses,
26232903,Telephone Intervention to Improve Diabetes Control: A Randomized Trial in the New York City A1c Registry.,Chamany S; Walker EA; Schechter CB; Gonzalez JS; Davis NJ; Ortega FM; Carrasco J; Basch CE; Silver LD,2015,12/1/15,https://pubmed.ncbi.nlm.nih.gov/26232903/,American journal of preventive medicine,10.1016/j.amepre.2015.04.016,N/A,
26073949,Exposure to the World Trade Center Disaster and 9/11-Related Post-Traumatic Stress Disorder and Household Disaster Preparedness.,Gargano LM; Caramanica K; Sisco S; Brackbill RM; Stellman SD,2015,12/1/15,https://pubmed.ncbi.nlm.nih.gov/26073949/,Disaster medicine and public health preparedness,10.1017/dmp.2015.71,Hurricane Sandy; World Trade Center; post-traumatic stress disorder; preparedness,
26070869,Use of Hospital-Based Food Pantries Among Low-Income Urban Cancer Patients.,Gany F; Lee T; Loeb R; Ramirez J; Moran A; Crist M; McNish T; Leng JC,2015,12/1/15,https://pubmed.ncbi.nlm.nih.gov/26070869/,Journal of community health,10.1007/s10900-015-0048-7,Cancer patients; Food assistance programs; Food pantries; Low-income,
26378834,"Evaluating the Use of an Electronic Death Registration System for Mortality Surveillance During and After Hurricane Sandy: New York City, 2012.",Howland RE; Li W; Madsen AM; Wong H; Das T; Betancourt FM; Nicaj L; Stayton C; Matte T; Begier EM,2015,11/1/15,https://pubmed.ncbi.nlm.nih.gov/26378834/,American journal of public health,10.2105/AJPH.2015.302784,N/A,
26378829,The Rikers Island Hot Spotters: Defining the Needs of the Most Frequently Incarcerated.,MacDonald R; Kaba F; Rosner Z; Vise A; Weiss D; Brittner M; Skerker M; Dickey N; Venters H,2015,11/1/15,https://pubmed.ncbi.nlm.nih.gov/26378829/,American journal of public health,10.2105/AJPH.2015.302785,N/A,
26341704,Direct molecular testing to assess the incidence of meningococcal and other bacterial causes of meningitis among persons reported with unspecified bacterial meningitis.,Ramautar AE; Halse TA; Arakaki L; Antwi M; Del Rosso P; Dorsinville M; Nazarian E; Steiner-Sichel L; Lee L; Dickinson M; Wroblewski D; Dumas N; Musser K; Isaac B; Rakeman J; Weiss D,2015,11/1/15,https://pubmed.ncbi.nlm.nih.gov/26341704/,Diagnostic microbiology and infectious disease,10.1016/j.diagmicrobio.2015.06.005,16S; Bacterial meningitis; Cerebrospinal fluid; Neisseria meningitidis; Real-time PCR; Surveillance,
26188686,Economic Impact of Tobacco Price Increases Through Taxation: A Community Guide Systematic Review.,Contreary KA; Chattopadhyay SK; Hopkins DP; Chaloupka FJ; Forster JL; Grimshaw V; Holmes CB; Goetzel RZ; Fielding JE; Community Preventive Services Task Force,2015,11/1/15,https://pubmed.ncbi.nlm.nih.gov/26188686/,American journal of preventive medicine,10.1016/j.amepre.2015.04.026,N/A,
25631320,"Effect of HIV Housing Services on Engagement in Care and Treatment, New York City, 2011.",Terzian AS; Irvine MK; Hollod LM; Lim S; Rojas J; Shepard CW,2015,11/1/15,https://pubmed.ncbi.nlm.nih.gov/25631320/,AIDS and behavior,10.1007/s10461-015-1003-4,Engagement in care; Epidemiology; HIV infection/prevention and control; Housing; Public health surveillance,
25550417,"Trends in smoking among adults with serious psychological distress during comprehensive tobacco control in New York City, 2003-2012.",Jasek JP; Williams JM; Mandel-Ricci J; Johns M,2015,11/1/15,https://pubmed.ncbi.nlm.nih.gov/25550417/,Tobacco control,10.1136/tobaccocontrol-2014-052024,Cessation; Disparities; Priority/special populations,
27730155,Oscillometry complements spirometry in evaluation of subjects following toxic inhalation.,Berger KI; Turetz M; Liu M; Shao Y; Kazeros A; Parsia S; Caplan-Shaw C; Friedman SM; Maslow CB; Marmor M; Goldring RM; Reibman J,2015,10/1/15,https://pubmed.ncbi.nlm.nih.gov/27730155/,ERJ open research,10.1183/23120541.00043-2015,N/A,
26600618,Improving antenatal care in prisons.,Skerker M; Dickey N; Schonberg D; MacDonald R; Venters H,2015,10/1/15,https://pubmed.ncbi.nlm.nih.gov/26600618/,Bulletin of the World Health Organization,10.2471/BLT.14.151282,N/A,
26372929,Impact of a Brief Intervention for Substance Use on Acquisition of Sexually Transmitted Diseases Including HIV: Findings From an Urban Sexually Transmitted Disease Clinic Population.,Rogers M; Johnson K; Yu J; Cuoco L; Blank S,2015,10/1/15,https://pubmed.ncbi.nlm.nih.gov/26372929/,Sexually transmitted diseases,10.1097/OLQ.0000000000000339,N/A,
26318257,"Area-level socioeconomic deprivation, nitrogen dioxide exposure, and term birth weight in New York City.",Shmool JL; Bobb JF; Ito K; Elston B; Savitz DA; Ross Z; Matte TD; Johnson S; Dominici F; Clougherty JE,2015,10/1/15,https://pubmed.ncbi.nlm.nih.gov/26318257/,Environmental research,10.1016/j.envres.2015.08.019,Nitrogen dioxide; Socioeconomic deprivation; Term birth weight,
26305073,Buprenorphine infrequently found in fatal overdose in New York City.,Paone D; Tuazon E; Stajic M; Sampson B; Allen B; Mantha S; Kunins H,2015,10/1/15,https://pubmed.ncbi.nlm.nih.gov/26305073/,Drug and alcohol dependence,10.1016/j.drugalcdep.2015.08.007,Buprenorphine; Overdose,
26195530,Epidemiologic Correlates of Pyrazinamide-Resistant Mycobacterium tuberculosis in New York City.,Verdugo D; Fallows D; Ahuja S; Schluger N; Kreiswirth B; Mathema B,2015,10/1/15,https://pubmed.ncbi.nlm.nih.gov/26195530/,Antimicrobial agents and chemotherapy,10.1128/AAC.00764-15,N/A,
26090756,"Viral Loads Among HIV-Infected Persons Diagnosed With Primary and Secondary Syphilis in 4 US Cities: New York City, Philadelphia, PA, Washington, DC, and Phoenix, AZ.",Taylor MM; Newman DR; Schillinger JA; Lewis FM; Furness B; Braunstein S; Mickey T; Skinner J; Eberhart M; Opoku J; Blank S; Peterman TA,2015,10/1/15,https://pubmed.ncbi.nlm.nih.gov/26090756/,Journal of acquired immune deficiency syndromes (1999),10.1097/QAI.0000000000000730,N/A,
25919225,"Impacts of a farmers' market incentive programme on fruit and vegetable access, purchase and consumption.",Olsho LE; Payne GH; Walker DK; Baronberg S; Jernigan J; Abrami A,2015,10/1/15,https://pubmed.ncbi.nlm.nih.gov/25919225/,Public health nutrition,10.1017/S1368980015001056,Access; Farmers’ markets; Fruits and vegetables; Nutrition incentives,
25896489,New arrivals to New York City: vulnerability to HIV among urban migrant young gay men.,Kobrak P; Ponce R; Zielony R,2015,10/1/15,https://pubmed.ncbi.nlm.nih.gov/25896489/,Archives of sexual behavior,10.1007/s10508-015-0494-4,N/A,
25880939,Patient Characteristics Associated With Smoking Cessation Interventions and Quit Attempt Rates Across 10 Community Health Centers With Electronic Health Records.,Silfen SL; Cha J; Wang JJ; Land TG; Shih SC,2015,10/1/15,https://pubmed.ncbi.nlm.nih.gov/25880939/,American journal of public health,10.2105/AJPH.2014.302444,N/A,
26420471,"Measuring health-relevant businesses over 21 years: refining the National Establishment Time-Series (NETS), a dynamic longitudinal data set.",Kaufman TK; Sheehan DM; Rundle A; Neckerman KM; Bader MD; Jack D; Lovasi GS,2015,9/29/15,https://pubmed.ncbi.nlm.nih.gov/26420471/,BMC research notes,10.1186/s13104-015-1482-4,N/A,
26300111,"Incidence of medically attended influenza during pandemic and post-pandemic seasons through the Influenza Incidence Surveillance Project, 2009-13.",Fowlkes A; Steffens A; Temte J; Lonardo SD; McHugh L; Martin K; Rubino H; Feist M; Davis C; Selzer C; Lojo J; Oni O; Kurkjian K; Thomas A; Boulton R; Bryan N; Lynfield R; Biggerstaff M; Finelli L; Influenza Incidence Surveillance Project Working Group,2015,9/1/15,https://pubmed.ncbi.nlm.nih.gov/26300111/,The Lancet. Respiratory medicine,10.1016/S2213-2600(15)00278-7,N/A,
26267871,Patient-Reported Expedited Partner Therapy for Gonorrhea in the United States: Findings of the STD Surveillance Network 2010-2012.,Stenger MR; Kerani RP; Bauer HM; Burghardt N; Anschuetz GL; Klingler E; Schumacher CM; Simon J; Golden M,2015,9/1/15,https://pubmed.ncbi.nlm.nih.gov/26267871/,Sexually transmitted diseases,10.1097/OLQ.0000000000000329,N/A,
26180985,Disparities in Mental Health Referral and Diagnosis in the New York City Jail Mental Health Service.,Kaba F; Solimo A; Graves J; Glowa-Kollisch S; Vise A; MacDonald R; Waters A; Rosner Z; Dickey N; Angell S; Venters H,2015,9/1/15,https://pubmed.ncbi.nlm.nih.gov/26180985/,American journal of public health,10.2105/AJPH.2015.302699,N/A,
26180977,Meaningful Use of an Electronic Health Record in the New York City Jail System.,Martelle M; Farber B; Stazesky R; Dickey N; Parsons A; Venters H,2015,9/1/15,https://pubmed.ncbi.nlm.nih.gov/26180977/,American journal of public health,10.2105/AJPH.2015.302796,N/A,
26180961,"Disparities in Reportable Communicable Disease Incidence by Census Tract-Level Poverty, New York City, 2006-2013.",Greene SK; Levin-Rector A; Hadler JL; Fine AD,2015,9/1/15,https://pubmed.ncbi.nlm.nih.gov/26180961/,American journal of public health,10.2105/AJPH.2015.302741,N/A,
25980600,"Estimating the hospitalization burden associated with influenza and respiratory syncytial virus in New York City, 2003-2011.",Goldstein E; Greene SK; Olson DR; Hanage WP; Lipsitch M,2015,9/1/15,https://pubmed.ncbi.nlm.nih.gov/25980600/,Influenza and other respiratory viruses,10.1111/irv.12325,Hospitalization; New York City; influenza; respiratory syncytial virus,
25888587,Increasing the efficiency and yield of a tuberculosis contact investigation through electronic data systems matching.,Sanderson JM; Proops DC; Trieu L; Santos E; Polsky B; Ahuja SD,2015,9/1/15,https://pubmed.ncbi.nlm.nih.gov/25888587/,Journal of the American Medical Informatics Association : JAMIA,10.1093/jamia/ocv029,contact investigation; electronic medical records; information systems; tuberculosis,
25676044,"Reliability of Reported Maternal Smoking: Comparing the Birth Certificate to Maternal Worksheets and Prenatal and Hospital Medical Records, New York City and Vermont, 2009.",Howland RE; Mulready-Ward C; Madsen AM; Sackoff J; Nyland-Funke M; Bombard JM; Tong VT,2015,9/1/15,https://pubmed.ncbi.nlm.nih.gov/25676044/,Maternal and child health journal,10.1007/s10995-015-1722-1,N/A,
24789607,Smoke-free parks and beaches: an interrupted time-series study of behavioural impact in New York City.,Johns M; Farley SM; Rajulu DT; Kansagra SM; Juster HR,2015,9/1/15,https://pubmed.ncbi.nlm.nih.gov/24789607/,Tobacco control,10.1136/tobaccocontrol-2013-051335,Denormalization; Environment; Secondhand smoke,
26310854,"The associations between daily spring pollen counts, over-the-counter allergy medication sales, and asthma syndrome emergency department visits in New York City, 2002-2012.",Ito K; Weinberger KR; Robinson GS; Sheffield PE; Lall R; Mathes R; Ross Z; Kinney PL; Matte TD,2015,8/27/15,https://pubmed.ncbi.nlm.nih.gov/26310854/,Environmental health : a global access science source,10.1186/s12940-015-0057-0,N/A,
26165434,"Management of Pelvic Inflammatory Disease in Selected U.S. Sexually Transmitted Disease Clinics: Sexually Transmitted Disease Surveillance Network, January 2010-December 2011.",Llata E; Bernstein KT; Kerani RP; Pathela P; Schwebke JR; Schumacher C; Stenger M; Weinstock HS,2015,8/1/15,https://pubmed.ncbi.nlm.nih.gov/26165434/,Sexually transmitted diseases,10.1097/OLQ.0000000000000309,N/A,
26066948,Impact of Mandatory Carbon Monoxide Alarms: An Investigation of the Effects on Detection and Poisoning Rates in New York City.,Wheeler-Martin K; Soghoian S; Prosser JM; Manini AF; Marker E; Stajic M; Prezant D; Nelson LS; Hoffman RS,2015,8/1/15,https://pubmed.ncbi.nlm.nih.gov/26066948/,American journal of public health,10.2105/AJPH.2015.302577,N/A,
25960384,"Building-level analyses to prospectively detect influenza outbreaks in long-term care facilities: New York City, 2013-2014.",Levin-Rector A; Nivin B; Yeung A; Fine AD; Greene SK,2015,8/1/15,https://pubmed.ncbi.nlm.nih.gov/25960384/,American journal of infection control,10.1016/j.ajic.2015.03.037,Automated analysis; Disease cluster detection; Geocoding; Nosocomial outbreaks; Outbreak management; Surveillance,
25880951,Loose Cigarette Purchasing and Nondaily Smoking Among Young Adult Bar Patrons in New York City.,Guillory J; Johns M; Farley SM; Ling PM,2015,8/1/15,https://pubmed.ncbi.nlm.nih.gov/25880951/,American journal of public health,10.2105/AJPH.2014.302518,N/A,
25776271,Parental Age and Autism Spectrum Disorders Among New York City Children 0-36 Months of Age.,Quinlan CA; McVeigh KH; Driver CR; Govind P; Karpati A,2015,8/1/15,https://pubmed.ncbi.nlm.nih.gov/25776271/,Maternal and child health journal,10.1007/s10995-015-1692-3,N/A,
25363807,"Human Brucella canis Infection and Subsequent Laboratory Exposures Associated with a Puppy, New York City, 2012.",Dentinger CM; Jacob K; Lee LV; Mendez HA; Chotikanatis K; McDonough PL; Chico DM; De BK; Tiller RV; Traxler RM; Campagnolo ER; Schmitt D; Guerra MA; Slavinski SA,2015,8/1/15,https://pubmed.ncbi.nlm.nih.gov/25363807/,Zoonoses and public health,10.1111/zph.12163,Brucella canis; Brucella infection; brucellosis; canine brucellosis; laboratory exposure; personal protection; pet breeders; pet dogs; veterinary treatment; zoonosis,
27135683,Lack of Evidence for Plague or Anthrax on the New York City Subway.,Ackelsberg J; Rakeman J; Hughes S; Petersen J; Mead P; Schriefer M; Kingry L; Hoffmaster A; Gee JE,2015,7/29/15,https://pubmed.ncbi.nlm.nih.gov/27135683/,Cell systems,10.1016/j.cels.2015.07.008,N/A,
25870333,The high risk of an HIV diagnosis following a diagnosis of syphilis: a population-level analysis of New York City men.,Pathela P; Braunstein SL; Blank S; Shepard C; Schillinger JA,2015,7/15/15,https://pubmed.ncbi.nlm.nih.gov/25870333/,Clinical infectious diseases : an official publication of the Infectious Diseases Society of America,10.1093/cid/civ289,HIV incidence; syphilis,
26172901,Added Sugar Intake and Public Health.,Linos N; Bassett MT,2015,7/14/15,https://pubmed.ncbi.nlm.nih.gov/26172901/,JAMA,10.1001/jama.2015.6221,N/A,
26049953,Injectable agents for pre-exposure prophylaxis: lessons learned from contraception to inform HIV prevention.,Myers JE; Ellman TM; Westhoff C,2015,7/1/15,https://pubmed.ncbi.nlm.nih.gov/26049953/,Current opinion in HIV and AIDS,10.1097/COH.0000000000000166,N/A,
25938798,Invasive Pneumococcal Disease Following the Introduction of 13-Valent Conjugate Vaccine in Children in New York City From 2007 to 2012.,Farnham AC; Zimmerman CM; Papadouka V; Konty KJ; Zucker JR; Nattanmai GV; Jose S; Rosen JB,2015,7/1/15,https://pubmed.ncbi.nlm.nih.gov/25938798/,JAMA pediatrics,10.1001/jamapediatrics.2015.0612,N/A,
25751230,The Association Between Food Insufficiency and HIV Treatment Outcomes in a Longitudinal Analysis of HIV-Infected Individuals in New York City.,Feldman MB; Alexy ER; Thomas JA; Gambone GF; Irvine MK,2015,7/1/15,https://pubmed.ncbi.nlm.nih.gov/25751230/,Journal of acquired immune deficiency syndromes (1999),10.1097/QAI.0000000000000596,N/A,
25604629,"How well do birth records serve maternal and child health programs? Birth registration system evaluation, New York City, 2008-2011.",Howland RE; Madsen AM; Toprani A; Gambatese M; Mulready-Ward C; Begier E,2015,7/1/15,https://pubmed.ncbi.nlm.nih.gov/25604629/,Maternal and child health journal,10.1007/s10995-015-1664-7,N/A,
25387450,"Characteristics and TB treatment outcomes in TB patients with viral hepatitis, New York City, 2000-2010.",Bushnell G; Stennis NL; Drobnik AM; Proops DC; Ahuja SD; Bornschlegel K; Fuld J,2015,7/1/15,https://pubmed.ncbi.nlm.nih.gov/25387450/,Epidemiology and infection,10.1017/S0950268814002970,Hepatitis C; hepatitis B; infectious disease epidemiology; surveillance; tuberculosis (TB),
24610054,One cigarette is one too many: evaluating a light smoker-targeted media campaign.,Jasek JP; Johns M; Mbamalu I; Auer K; Kilgore EA; Kansagra SM,2015,7/1/15,https://pubmed.ncbi.nlm.nih.gov/24610054/,Tobacco control,10.1136/tobaccocontrol-2013-051348,N/A,
26204577,Data-Driven Human Rights: Using Dual Loyalty Trainings to Promote the Care of Vulnerable Patients in Jail.,Glowa-Kollisch S; Graves J; Dickey N; MacDonald R; Rosner Z; Waters A; Venters H,2015,6/11/15,https://pubmed.ncbi.nlm.nih.gov/26204577/,Health and human rights,N/A,N/A,
25990986,"Trajectories of Scores on a Screening Instrument for PTSD Among World Trade Center Rescue, Recovery, and Clean-Up Workers.",Maslow CB; Caramanica K; Welch AE; Stellman SD; Brackbill RM; Farfel MR,2015,6/1/15,https://pubmed.ncbi.nlm.nih.gov/25990986/,Journal of traumatic stress,10.1002/jts.22011,N/A,
25947221,"Erratum to: Repeat Abortions in New York City, 2010.",Toprani A; Cadwell BL; Li W; Sackoff J; Greene C; Begier E,2015,6/1/15,https://pubmed.ncbi.nlm.nih.gov/25947221/,Journal of urban health : bulletin of the New York Academy of Medicine,10.1007/s11524-015-9960-5,N/A,
25946347,Transitioning from 'stopping' to 'ending' the tuberculosis epidemic.,Getahun H; Varma J,2015,6/1/15,https://pubmed.ncbi.nlm.nih.gov/25946347/,The international journal of tuberculosis and lung disease : the official journal of the International Union against Tuberculosis and Lung Disease,10.5588/ijtld.15.0307,N/A,
25894548,Abuse-deterrent opioid formulations: part of a public health strategy to reverse the opioid epidemic.,Kunins HV,2015,6/1/15,https://pubmed.ncbi.nlm.nih.gov/25894548/,JAMA internal medicine,10.1001/jamainternmed.2015.0939,N/A,
25608033,The state of population health surveillance using electronic health records: a narrative review.,Paul MM; Greene CM; Newton-Dame R; Thorpe LE; Perlman SE; McVeigh KH; Gourevitch MN,2015,6/1/15,https://pubmed.ncbi.nlm.nih.gov/25608033/,Population health management,10.1089/pop.2014.0093,N/A,
25558876,Peeling lead paint turns into poisonous dust. Guess where it ends up? A media campaign to prevent childhood lead poisoning in New York City.,Greene D; Tehranifar P; DeMartini DP; Faciano A; Nagin D,2015,6/1/15,https://pubmed.ncbi.nlm.nih.gov/25558876/,Health education & behavior : the official publication of the Society for Public Health Education,10.1177/1090198114560790,child health; environmental health; health communications; lead poisoning; outcome evaluation; prevention; print media; social learning theory; social marketing model; targeting,
25255366,Mortality of New York children with sickle cell disease identified through newborn screening.,Wang Y; Liu G; Caggana M; Kennedy J; Zimmerman R; Oyeku SO; Werner EM; Grant AM; Green NS; Grosse SD,2015,6/1/15,https://pubmed.ncbi.nlm.nih.gov/25255366/,Genetics in medicine : official journal of the American College of Medical Genetics,10.1038/gim.2014.123,N/A,
26020549,"Self-reported sitting time in New York City adults, the Physical Activity and Transit Survey, 2010-2011.",Yi SS; Bartley KF; Firestone MJ; Lee KK; Eisenhower DL,2015,5/28/15,https://pubmed.ncbi.nlm.nih.gov/26020549/,Preventing chronic disease,10.5888/pcd12.140488,N/A,
25896839,Outcomes of infants born to women infected with hepatitis B.,Schillie S; Walker T; Veselsky S; Crowley S; Dusek C; Lazaroff J; Morris SA; Onye K; Ko S; Fenlon N; Nelson NP; Murphy TV,2015,5/1/15,https://pubmed.ncbi.nlm.nih.gov/25896839/,Pediatrics,10.1542/peds.2014-3213,hepatitis B; immunization; perinatal; vaccine,
25868143,Sexually transmitted infection clinics as safety net providers: exploring the role of categorical sexually transmitted infection clinics in an era of health care reform.,Pathela P; Klingler EJ; Guerry SL; Bernstein KT; Kerani RP; Llata L; Mark HD; Tabidze I; Rietmeijer CA; SSuN Working Group,2015,5/1/15,https://pubmed.ncbi.nlm.nih.gov/25868143/,Sexually transmitted diseases,10.1097/OLQ.0000000000000255,N/A,
25867774,Barriers and facilitators to engagement of vulnerable populations in HIV primary care in New York City.,Remien RH; Bauman LJ; Mantell JE; Tsoi B; Lopez-Rios J; Chhabra R; DiCarlo A; Watnick D; Rivera A; Teitelman N; Cutler B; Warne P,2015,5/1/15,https://pubmed.ncbi.nlm.nih.gov/25867774/,Journal of acquired immune deficiency syndromes (1999),10.1097/QAI.0000000000000577,N/A,
25851164,Chronic probable PTSD in police responders in the world trade center health registry ten to eleven years after 9/11.,Cone JE; Li J; Kornblith E; Gocheva V; Stellman SD; Shaikh A; Schwarzer R; Bowler RM,2015,5/1/15,https://pubmed.ncbi.nlm.nih.gov/25851164/,American journal of industrial medicine,10.1002/ajim.22446,9/11 disaster; DSM-IV diagnosis; mental health; police; posttraumatic stress disorder,
25790427,Increasing access to fruits and vegetables: perspectives from the New York City experience.,Sacks R; Yi SS; Nonas C,2015,5/1/15,https://pubmed.ncbi.nlm.nih.gov/25790427/,American journal of public health,10.2105/AJPH.2015.302587,N/A,
25769616,Confirming Mycobacterium tuberculosis transmission from a cadaver to an embalmer using molecular epidemiology.,Anderson JA; Meissner JS; Ahuja SD; Shashkina E; O'Flaherty T; Proops DC,2015,5/1/15,https://pubmed.ncbi.nlm.nih.gov/25769616/,American journal of infection control,10.1016/j.ajic.2015.01.027,Cluster; Funeral service worker; Genotype,
25691638,"Comparison of antimicrobial susceptibilities of pharyngeal, rectal, and urethral Neisseria gonorrhoeae isolates among men who have sex with men.",Kidd S; Zaidi A; Asbel L; Baldwin T; Gratzer B; Guerry S; Kerani RP; Pathela P; Pettus K; Soge OO; Stirland A; Weinstock HS,2015,5/1/15,https://pubmed.ncbi.nlm.nih.gov/25691638/,Antimicrobial agents and chemotherapy,10.1128/AAC.04476-14,N/A,
25524308,Foreign-Born Persons Diagnosed with HIV: Where are They From and Where Were They Infected?,Wiewel EW; Torian LV; Hanna DB; Bocour A; Shepard CW,2015,5/1/15,https://pubmed.ncbi.nlm.nih.gov/25524308/,AIDS and behavior,10.1007/s10461-014-0954-1,N/A,
25521904,An evaluation of voluntary 2-dose varicella vaccination coverage in New York City public schools.,Doll MK; Rosen JB; Bialek SR; Szeto H; Zimmerman CM,2015,5/1/15,https://pubmed.ncbi.nlm.nih.gov/25521904/,American journal of public health,10.2105/AJPH.2014.302229,N/A,
25393181,"Disparities in tuberculosis burden among South Asians living in New York City, 2001-2010.",Stennis N; Trieu L; Perri B; Anderson J; Mushtaq M; Ahuja S,2015,5/1/15,https://pubmed.ncbi.nlm.nih.gov/25393181/,American journal of public health,10.2105/AJPH.2014.302056,N/A,
25170631,"HIV and viral hepatitis co-infection in New York City, 2000-2010: prevalence and case characteristics.",Prussing C; Chan C; Pinchoff J; Kersanske L; Bornschlegel K; Balter S; Drobnik A; Fuld J,2015,5/1/15,https://pubmed.ncbi.nlm.nih.gov/25170631/,Epidemiology and infection,10.1017/S0950268814002209,surveillance,
25788608,Prevalence and Predictors of Mental/Emotional Distress Among HIV+ Jail Detainees at Enrollment in an Observational Study.,Lincoln T; Simon-Levine D; Smith J; Donenberg GR; Springer SA; Zaller N; Altice FL; Moore K; Jordan AO; Draine J; Desabrais M,2015,4/1/15,https://pubmed.ncbi.nlm.nih.gov/25788608/,Journal of correctional health care : the official journal of the National Commission on Correctional Health Care,10.1177/1078345815574566,HIV; case management; jails; mental/emotional distress,
25727312,Comparison of indicators measuring the proportion of human immunodeficiency virus-infected persons with a suppressed viral load.,Xia Q; Wiewel EW; Braunstein SL; Kersanske LS; Torian LV,2015,4/1/15,https://pubmed.ncbi.nlm.nih.gov/25727312/,Annals of epidemiology,10.1016/j.annepidem.2015.01.014,Evaluation; HIV; Surveillance; Viral load,
25713971,Reducing sugary drink consumption: New York City's approach.,Kansagra SM; Kennelly MO; Nonas CA; Curtis CJ; Van Wye G; Goodman A; Farley TA,2015,4/1/15,https://pubmed.ncbi.nlm.nih.gov/25713971/,American journal of public health,10.2105/AJPH.2014.302497,N/A,
25670210,Correlates of smoke-free housing policies and interest in implementing policies among multiunit housing owners in New York City.,Farley SM; Waddell EN; Coady MH; Grimshaw V; Wright DA; Mandel-Ricci J; Kansagra SM,2015,4/1/15,https://pubmed.ncbi.nlm.nih.gov/25670210/,Journal of urban health : bulletin of the New York Academy of Medicine,10.1007/s11524-014-9934-z,N/A,
25655710,"Cigarette smoking and 9/11-related posttraumatic stress disorder among World Trade Center Health Registry enrollees, 2003-12.",Welch AE; Jasek JP; Caramanica K; Chiles MC; Johns M,2015,4/1/15,https://pubmed.ncbi.nlm.nih.gov/25655710/,Preventive medicine,10.1016/j.ypmed.2015.01.023,9/11; Disaster; PTSD; Posttraumatic stress disorder; Smoking; Smoking cessation; WTC; World Trade Center,
25575672,The impact of a temporary recurrent street closure on physical activity in New York City.,Wolf SA; Grimshaw VE; Sacks R; Maguire T; Matera C; Lee KK,2015,4/1/15,https://pubmed.ncbi.nlm.nih.gov/25575672/,Journal of urban health : bulletin of the New York Academy of Medicine,10.1007/s11524-014-9925-0,N/A,
25559598,Young MSM at the leading edge of HIV in New York City: back to the future?,Torian LV; Forgione LA,2015,4/1/15,https://pubmed.ncbi.nlm.nih.gov/25559598/,Journal of acquired immune deficiency syndromes (1999),10.1097/QAI.0000000000000508,N/A,
25450518,"Hepatitis C surveillance among youth and young adults in New York City, 2009-2013.",Prussing C; Bornschlegel K; Balter S,2015,4/1/15,https://pubmed.ncbi.nlm.nih.gov/25450518/,Journal of urban health : bulletin of the New York Academy of Medicine,10.1007/s11524-014-9920-5,N/A,
25692912,#BlackLivesMatter--a challenge to the medical and public health communities.,Bassett MT,2015,3/19/15,https://pubmed.ncbi.nlm.nih.gov/25692912/,The New England journal of medicine,10.1056/NEJMp1500529,N/A,
25737487,"Self-blood pressure monitoring in an urban, ethnically diverse population: a randomized clinical trial utilizing the electronic health record.",Yi SS; Tabaei BP; Angell SY; Rapin A; Buck MD; Pagano WG; Maselli FJ; Simmons A; Chamany S,2015,3/1/15,https://pubmed.ncbi.nlm.nih.gov/25737487/,Circulation. Cardiovascular quality and outcomes,10.1161/CIRCOUTCOMES.114.000950,blood pressure monitoring; clinical trial; hypertension; lifestyle; population,
25602861,Impact of a letter-grade program on restaurant sanitary conditions and diner behavior in New York City.,Wong MR; McKelvey W; Ito K; Schiff C; Jacobson JB; Kass D,2015,3/1/15,https://pubmed.ncbi.nlm.nih.gov/25602861/,American journal of public health,10.2105/AJPH.2014.302404,N/A,
25584986,"Perceptions and the role of group exercise among New York City adults, 2010-2011: an examination of interpersonal factors and leisure-time physical activity.",Firestone MJ; Yi SS; Bartley KF; Eisenhower DL,2015,3/1/15,https://pubmed.ncbi.nlm.nih.gov/25584986/,Preventive medicine,10.1016/j.ypmed.2015.01.001,Descriptive norms; GPAQ; Group exercise; LTPA; Physical activity,
25501613,Proportions of patients with HIV retained in care and virally suppressed in New York City and the United States: higher than we thought.,Xia Q; Kersanske LS; Wiewel EW; Braunstein SL; Shepard CW; Torian LV,2015,3/1/15,https://pubmed.ncbi.nlm.nih.gov/25501613/,Journal of acquired immune deficiency syndromes (1999),10.1097/QAI.0000000000000464,N/A,
24365700,Public opinions on tax and retail-based tobacco control strategies.,Farley SM; Coady MH; Mandel-Ricci J; Waddell EN; Chan C; Kilgore EA; Kansagra SM,2015,3/1/15,https://pubmed.ncbi.nlm.nih.gov/24365700/,Tobacco control,10.1136/tobaccocontrol-2013-051272,Prevention; Public opinion; Public policy,
25889176,Evaluation of non-response bias in a cohort study of World Trade Center terrorist attack survivors.,Yu S; Brackbill RM; Stellman SD; Ghuman S; Farfel MR,2015,2/15/15,https://pubmed.ncbi.nlm.nih.gov/25889176/,BMC research notes,10.1186/s13104-015-0994-2,N/A,
25521890,Health outcomes for HIV-infected persons released from the New York City jail system with a transitional care-coordination plan.,Teixeira PA; Jordan AO; Zaller N; Shah D; Venters H,2015,2/1/15,https://pubmed.ncbi.nlm.nih.gov/25521890/,American journal of public health,10.2105/AJPH.2014.302234,N/A,
25521867,A water availability intervention in New York City public schools: influence on youths' water and milk behaviors.,Elbel B; Mijanovich T; Abrams C; Cantor J; Dunn L; Nonas C; Cappola K; Onufrak S; Park S,2015,2/1/15,https://pubmed.ncbi.nlm.nih.gov/25521867/,American journal of public health,10.2105/AJPH.2014.302221,N/A,
25482501,Crystal methamphetamine use and HIV medical outcomes among HIV-infected men who have sex with men accessing support services in New York.,Feldman MB; Thomas JA; Alexy ER; Irvine MK,2015,2/1/15,https://pubmed.ncbi.nlm.nih.gov/25482501/,Drug and alcohol dependence,10.1016/j.drugalcdep.2014.09.780,HIV; Men who have sex with men; Methamphetamine; Viral suppression,
25394192,Monitoring outcomes for newly diagnosed and prevalent HIV cases using a care continuum created with New York city surveillance data.,Wiewel EW; Braunstein SL; Xia Q; Shepard CW; Torian LV,2015,2/1/15,https://pubmed.ncbi.nlm.nih.gov/25394192/,Journal of acquired immune deficiency syndromes (1999),10.1097/QAI.0000000000000424,N/A,
25590598,"Effect of cause-of-death training on agreement between hospital discharge diagnoses and cause of death reported, inpatient hospital deaths, New York City, 2008-2010.",Ong P; Gambatese M; Begier E; Zimmerman R; Soto A; Madsen A,2015,1/15/15,https://pubmed.ncbi.nlm.nih.gov/25590598/,Preventing chronic disease,10.5888/pcd12.140299,N/A,
25301208,Improvements in HIV care engagement and viral load suppression following enrollment in a comprehensive HIV care coordination program.,Irvine MK; Chamberlin SA; Robbins RS; Myers JE; Braunstein SL; Mitts BJ; Harriman GA; Laraque F; Nash D,2015,1/15/15,https://pubmed.ncbi.nlm.nih.gov/25301208/,Clinical infectious diseases : an official publication of the Infectious Diseases Society of America,10.1093/cid/ciu783,Ryan White; implementation science; intervention effectiveness; outcomes evaluation; public health surveillance,
26844121,"Rationale, design and respondent characteristics of the 2013-2014 New York City Health and Nutrition Examination Survey (NYC HANES 2013-2014).",Thorpe LE; Greene C; Freeman A; Snell E; Rodriguez-Lopez JS; Frankel M; Punsalang A; Chernov C; Lurie E; Friedman M; Koppaka R; Perlman SE,2015,1/1/15,https://pubmed.ncbi.nlm.nih.gov/26844121/,Preventive medicine reports,10.1016/j.pmedr.2015.06.019,"A1C (or HbA1c), hemoglobin A1c; ACASI, audio computer assisted self-interview; Biomarkers; CARI, computer assisted recorded interview; CUNY SPH, City University of New York School of Public Health; DOHMH, Department of Health and Mental Hygiene; Electronic health records; GIS, Geographic Information Systems; Health and nutrition examination survey; Methodology; NHANES, National Health and Nutrition Examination Survey; NYC HANES; NYC HANES, New York City Health and Nutrition Examination Survey; NYC, New York City; New York City; PHQ-9, Patient Health Questionnaire-9; PSU, Primary Sampling Unit; Population-based study; Study design; Study protocol; Surveillance; WHODAS, World Health Organization Disability Assessment Scale",
29546140,Evaluation of the New York City Green Carts program.,Farley SM; Sacks R; Dannefer R; Johns M; Leggat M; Lim S; Konty K; Nonas C,2015,1/1/15,https://pubmed.ncbi.nlm.nih.gov/29546140/,AIMS public health,10.3934/publichealth.2015.4.906,evaluation; food access; fruits and vegetables; low income; nutrition,
26599877,Influence of Jail Incarceration and Homelessness Patterns on Engagement in HIV Care and HIV Viral Suppression among New York City Adults Living with HIV/AIDS.,Lim S; Nash D; Hollod L; Harris TG; Lennon MC; Thorpe LE,2015,1/1/15,https://pubmed.ncbi.nlm.nih.gov/26599877/,PloS one,10.1371/journal.pone.0141912,N/A,
26566096,A Mixed-Methods Evaluation of a SNAP-Ed Farmers' Market-Based Nutrition Education Program.,Dannefer R; Abrami A; Rapoport R; Sriphanlop P; Sacks R; Johns M,2015,1/1/15,https://pubmed.ncbi.nlm.nih.gov/26566096/,Journal of nutrition education and behavior,10.1016/j.jneb.2015.08.021,Supplemental Nutrition Assistance Program; diet; food assistance; fruits; self-efficacy; vegetables,
26546649,Effect of Physician Participation in a Multi-element Health Information and Data Exchange Program on Chronic Illness Medication Adherence.,De Leon SF; Pauls L; Arya V; Shih SC; Singer J; Wang JJ,2015,1/1/15,https://pubmed.ncbi.nlm.nih.gov/26546649/,Journal of the American Board of Family Medicine : JABFM,10.3122/jabfm.2015.06.150010,Drug Utilization; Electronic Medical Records; Health Promotion; Primary Health Care; Public Health,
26371760,Enhanced Tuberculosis Infection Treatment Outcomes after Implementation of QuantiFERON®-Gold Testing.,Crossa A; Kessler J; Harris TG,2015,1/1/15,https://pubmed.ncbi.nlm.nih.gov/26371760/,PloS one,10.1371/journal.pone.0138349,N/A,
26345488,Drug Overdose Deaths: Let's Get Specific.,Slavova S; O'Brien DB; Creppage K; Dao D; Fondario A; Haile E; Hume B; Largo TW; Nguyen C; Sabel JC; Wright D; Council of State and Territorial Epidemiologists Overdose Subcommittee,2015,1/1/15,https://pubmed.ncbi.nlm.nih.gov/26345488/,"Public health reports (Washington, D.C. : 1974)",10.1177/003335491513000411,N/A,
26290881,Applied Use of Composite Quality Measures for EHR-enabled Practices.,Amoah AO; Amirfar S; Silfen SL; Singer J; Wang JJ,2015,1/1/15,https://pubmed.ncbi.nlm.nih.gov/26290881/,"EGEMS (Washington, DC)",10.13063/2327-9214.1118,Health Information Technology; chronic disease; electronic health records; quality measures; quality of care,
26230850,Physical Activity Design Guidelines for School Architecture.,Brittin J; Sorensen D; Trowbridge M; Lee KK; Breithecker D; Frerichs L; Huang T,2015,1/1/15,https://pubmed.ncbi.nlm.nih.gov/26230850/,PloS one,10.1371/journal.pone.0132597,N/A,
26076006,Using Syndromic Surveillance to Investigate Tattoo-Related Skin Infections in New York City.,Kotzen M; Sell J; Mathes RW; Dentinger C; Lee L; Schiff C; Weiss D,2015,1/1/15,https://pubmed.ncbi.nlm.nih.gov/26076006/,PloS one,10.1371/journal.pone.0130468,N/A,
25964403,Health IT-Enabled Care Coordination: A National Survey of Patient-Centered Medical Home Clinicians.,Morton S; Shih SC; Winther CH; Tinoco A; Kessler RS; Scholle SH,2015,1/1/15,https://pubmed.ncbi.nlm.nih.gov/25964403/,Annals of family medicine,10.1370/afm.1797,care coordination; electronic health records; meaningful use; patient-centered medical home; practice-based research; primary care; technology,
25960693,Posttraumatic Stress Disorder after Hurricane Sandy among Persons Exposed to the 9/11 Disaster.,Caramanica K; Brackbill RM; Stellman SD; Farfel MR,2015,1/1/15,https://pubmed.ncbi.nlm.nih.gov/25960693/,International journal of emergency mental health,10.4172/1522-4821.1000173,9/11; World Trade Center Health Registry; disasters; hurricanes; posttraumatic stress disorder (PTSD); social support,
25919375,"Drinking water turbidity and emergency department visits for gastrointestinal illness in New York City, 2002-2009.",Hsieh JL; Nguyen TQ; Matte T; Ito K,2015,1/1/15,https://pubmed.ncbi.nlm.nih.gov/25919375/,PloS one,10.1371/journal.pone.0125071,N/A,
25915549,HIV-related stigma in a New York City sample of adults in outpatient care for HIV infection: a short report.,Radcliffe S; Neaigus A; Bernard MA; Shepard C,2015,1/1/15,https://pubmed.ncbi.nlm.nih.gov/25915549/,AIDS care,10.1080/09540121.2015.1034647,HIV-related stigma; HIV/AIDS; depression; gender; internalized,
25848635,Quality measure performance in small practices before and after electronic health record adoption.,McCullough CM; Wang JJ; Parsons AS; Shih SC,2015,1/1/15,https://pubmed.ncbi.nlm.nih.gov/25848635/,"EGEMS (Washington, DC)",10.13063/2327-9214.1131,N/A,
25822904,Public health initiatives in New York City during the Bloomberg administration.,Imperato PJ,2015,1/1/15,https://pubmed.ncbi.nlm.nih.gov/25822904/,Journal of public health management and practice : JPHMP,10.1097/PHH.0000000000000241,N/A,
25621440,"Using tracking infrastructure to support public health programs, policies, and emergency response in New York City.",Jeffery NL; McKelvey W; Matte T,2015,1/1/15,https://pubmed.ncbi.nlm.nih.gov/25621440/,Journal of public health management and practice : JPHMP,10.1097/PHH.0000000000000170,N/A,
25552758,"Targeting the use of pooled HIV RNA screening to reduce cost in health department STD clinics: New York City, 2009-2011.",Borges CM; Pathela P; Pirillo R; Blank S,2015,1/1/15,https://pubmed.ncbi.nlm.nih.gov/25552758/,"Public health reports (Washington, D.C. : 1974)",10.1177/003335491513000110,N/A,
25552756,Validation of selected items on the 2003 U.S. standard certificate of live birth: New York City and Vermont.,Dietz P; Bombard J; Mulready-Ward C; Gauthier J; Sackoff J; Brozicevic P; Gambatese M; Nyland-Funke M; England L; Harrison L; Farr S,2015,1/1/15,https://pubmed.ncbi.nlm.nih.gov/25552756/,"Public health reports (Washington, D.C. : 1974)",10.1177/003335491513000108,N/A,
25552754,"Challenges to implementing communicable disease surveillance in New York City evacuation shelters after Hurricane Sandy, November 2012.",Ridpath AD; Bregman B; Jones L; Reddy V; Waechter H; Balter S,2015,1/1/15,https://pubmed.ncbi.nlm.nih.gov/25552754/,"Public health reports (Washington, D.C. : 1974)",10.1177/003335491513000106,N/A,
27990325,Enhancing disease surveillance with novel data streams: challenges and opportunities.,Althouse BM; Scarpino SV; Meyers LA; Ayers JW; Bargsten M; Baumbach J; Brownstein JS; Castro L; Clapham H; Cummings DA; Del Valle S; Eubank S; Fairchild G; Finelli L; Generous N; George D; Harper DR; Hébert-Dufresne L; Johansson MA; Konty K; Lipsitch M; Milinovich G; Miller JD; Nsoesie EO; Olson DR; Paul M; Polgreen PM; Priedhorsky R; Read JM; Rodríguez-Barraquer I; Smith DJ; Stefansen C; Swerdlow DL; Thompson D; Vespignani A; Wesolowski A,2015,1/1/15,https://pubmed.ncbi.nlm.nih.gov/27990325/,EPJ data science,10.1140/epjds/s13688-015-0054-0,digital surveillance; disease surveillance; novel data streams,
27252794,Visualizing the quality of partially accruing data for use in decision making.,Eaton J; Painter I; Olson D; Lober WB,2015,1/1/15,https://pubmed.ncbi.nlm.nih.gov/27252794/,Online journal of public health informatics,10.5210/ojphi.v7i3.6096,accrual lag; data quality; data visualization; incomplete data; partially accruing data; real-time surveillance; secondary-use data,
25551205,Treatment Outcomes of Patients with Tuberculosis in New York City.,Bhavnani D; Lancki N; Winter I; Macaraig M,2015,1/1/15,https://pubmed.ncbi.nlm.nih.gov/25551205/,Journal of public health management and practice : JPHMP,10.1097/PHH.0000000000000193,N/A,
25545494,"The evolution of HIV testing requirements in New York State, 1989-2013.",OʼConnell DA; Martin EG; Cutler B; Birkhead GS,2015,1/1/15,https://pubmed.ncbi.nlm.nih.gov/25545494/,Journal of acquired immune deficiency syndromes (1999),10.1097/QAI.0000000000000422,N/A,
25545493,HIV testing experience in New York City: offer of and willingness to test in the context of new legal support of routine testing.,Edelstein ZR; Myers JE; Cutler BH; Blum M; Muzzio D; Tsoi BW,2015,1/1/15,https://pubmed.ncbi.nlm.nih.gov/25545493/,Journal of acquired immune deficiency syndromes (1999),10.1097/QAI.0000000000000390,N/A,
25545489,Evaluating the 2010 New York State HIV testing law in NYC ambulatory practices using electronic health records.,Newton-Dame R; Wang JJ; Kim MS; Edelstein ZR; Cutler B; Tsoi BW,2015,1/1/15,https://pubmed.ncbi.nlm.nih.gov/25545489/,Journal of acquired immune deficiency syndromes (1999),10.1097/QAI.0000000000000407,N/A,
25539137,Factors associated with poor control of 9/11-related asthma 10-11 years after the 2001 World Trade Center terrorist attacks.,Jordan HT; Stellman SD; Reibman J; Farfel MR; Brackbill RM; Friedman SM; Li J; Cone JE,2015,1/1/15,https://pubmed.ncbi.nlm.nih.gov/25539137/,The Journal of asthma : official journal of the Association for the Care of Asthma,10.3109/02770903.2014.999083,Anxiety; World Trade Center; asthma control; cohort study; epidemiology; management/control; post-traumatic stress disorder,
25449828,"Construct validity of a single-item, self-rated question of diet quality.",Loftfield E; Yi S; Immerwahr S; Eisenhower D,2015,1/1/15,https://pubmed.ncbi.nlm.nih.gov/25449828/,Journal of nutrition education and behavior,10.1016/j.jneb.2014.09.003,diet surveys; health surveys; public health,
25437326,Limitations of indicators of HIV case finding.,Xia Q; Torian LV; Shepard CW,2015,1/1/15,https://pubmed.ncbi.nlm.nih.gov/25437326/,"Epidemiology (Cambridge, Mass.)",10.1097/EDE.0000000000000202,N/A,
25403463,A Road Not Taken: substance abuse programming in the New York City jail system.,Selling D; Lee D; Solimo A; Venters H,2015,1/1/15,https://pubmed.ncbi.nlm.nih.gov/25403463/,Journal of correctional health care : the official journal of the National Commission on Correctional Health Care,10.1177/1078345814557248,diversion; jail; program evaluation; recidivism; substance abuse,
25294369,Independent associations of sodium intake with measures of body size and predictive body fatness.,Yi SS; Firestone MJ; Beasley JM,2015,1/1/15,https://pubmed.ncbi.nlm.nih.gov/25294369/,"Obesity (Silver Spring, Md.)",10.1002/oby.20912,N/A,
25244628,The high proportion of late HIV diagnoses in the USA is likely to stay: findings from a mathematical model.,Xia Q; Kobrak P; Wiewel EW; Torian LV,2015,1/1/15,https://pubmed.ncbi.nlm.nih.gov/25244628/,AIDS care,10.1080/09540121.2014.958430,HIV; USA; diagnosis; mathematical model; surveillance,
25244545,Linkage and retention in care and the time to HIV viral suppression and viral rebound - New York City.,Robertson M; Laraque F; Mavronicolas H; Braunstein S; Torian L,2015,1/1/15,https://pubmed.ncbi.nlm.nih.gov/25244545/,AIDS care,10.1080/09540121.2014.959463,HIV viral load; HIV viral rebound; HIV viral suppression; initiation of care; linkage to care; retention in care,
24625176,Neighborhood Contributions to Racial and Ethnic Disparities in Obesity Among New York City Adults.,Lim S; Harris TG,2015,1/1/15,https://pubmed.ncbi.nlm.nih.gov/24625176/,American journal of public health,10.2105/AJPH.2013.301782,N/A,
24477313,Designing a quality improvement program with electronic health records: New York City's Health eQuits.,Duquaine D; Farley SM; Sacks R; Mandel-Ricci J; Silfen SL; Shih SC,2015,1/1/15,https://pubmed.ncbi.nlm.nih.gov/24477313/,American journal of medical quality : the official journal of the American College of Medical Quality,10.1177/1062860613520406,community health centers; electronic health records; quality improvement; smoking cessation intervention,
23933949,Understanding the relationship between social support and physical and mental well-being among jail detainees living with HIV.,Arriola KJ; Spaulding AC; Booker CA; Williams C; Avery A; Porter NJ; Jordan AO; Loewenthal H; Frew PM,2015,1/1/15,https://pubmed.ncbi.nlm.nih.gov/23933949/,Journal of health psychology,10.1177/1359105313496447,AIDS; adults; social support; socioeconomic status; well-being,
28229007,"Adolescent behavior and PTSD 6-7 years after the World Trade Center terrorist attacks of September 11, 2001.",Mann M; Li J; Farfel MR; Maslow CB; Osahan S; Stellman SD,2014,1/1/14,https://pubmed.ncbi.nlm.nih.gov/28229007/,Disaster health,10.1080/21665044.2015.1010931,9/11; PTSD; World Trade Center; adolescents; behavior; disaster; follow-up,
30461341,"Individual, Environmental, and Early Life Factors Associated With Client-Perpetrated Violence Among Women Who Exchange Sex in New York City, 2016.",Rivera AV; Carrillo SA; Braunstein SL,2021,6/1/21,https://pubmed.ncbi.nlm.nih.gov/30461341/,Journal of interpersonal violence,10.1177/0886260518811422,prostitution/sex work; sexual assault; violence exposure,
30518282,Neighborhood social cohesion and viral suppression after HIV diagnosis.,Wiewel EW; Borrell LN; Maroko AR; Jones HE; Torian LV; Udeagu CC,2021,3/1/21,https://pubmed.ncbi.nlm.nih.gov/30518282/,Journal of health psychology,10.1177/1359105318810088,HIV; epidemiology; neighborhood; social participation; viral load,
31550944,"Mental health, long-term medication adherence, and the control of asthma symptoms among persons exposed to the WTC 9/11 disaster.",Brite J; Friedman S; de la Hoz RE; Reibman J; Cone J,2020,11/1/20,https://pubmed.ncbi.nlm.nih.gov/31550944/,The Journal of asthma : official journal of the Association for the Care of Asthma,10.1080/02770903.2019.1672722,Control/management; epidemiology; phenotypes; treatment,
30845845,Health in Action: Evaluation of a Participatory Grant-Making Project in East Harlem.,Nieves CI; Chan J; Dannefer R; De La Rosa C; Diaz-Malvido C; Realmuto L; Libman K; Brown-Dudley L; Manyindo N,2020,11/1/20,https://pubmed.ncbi.nlm.nih.gov/30845845/,Health promotion practice,10.1177/1524839919834271,community intervention; partnerships/coalitions; process evaluation; program planning and evaluation; social determinants of health,
31801894,"Hepatitis C infection among men who have sex with men living with HIV in New York City, 2000-2015.",Gabai CM; Moore MS; Penrose K; Braunstein S; Bocour A; Neaigus A; Winters A,2020,9/1/20,https://pubmed.ncbi.nlm.nih.gov/31801894/,Sexually transmitted infections,10.1136/sextrans-2019-054208,HIV; epidemiology (general); hepatitis C; screening; surveillance,
31712712,Lower 24-h urinary sodium excretion is associated with hypertension control: the 2010 Heart Follow-Up Study.,Elfassy T; Chamany S; Bartley K; Yi SS; Angell SY,2020,9/1/20,https://pubmed.ncbi.nlm.nih.gov/31712712/,Journal of human hypertension,10.1038/s41371-019-0285-9,N/A,
32432165,Social Vulnerabilities and Reported Discrimination in Health Care Among HIV-Positive Medical Case Management Clients in New York City.,Penrose K; Robertson M; Nash D; Harriman G; Irvine M,2020,5/1/20,https://pubmed.ncbi.nlm.nih.gov/32432165/,Stigma and health,10.1037/sah0000187,HIV; Ryan White; discrimination; medical case management; social vulnerabilities; syndemics,
31147472,Changes to the littered cigarette pack environment in New York City between 2011 and 2015.,Farley SM; Jasek JP; Sacks R; Schroth K; Davis K,2020,5/1/20,https://pubmed.ncbi.nlm.nih.gov/31147472/,Tobacco control,10.1136/tobaccocontrol-2018-054909,cigarette trafficking; littered pack studies; minimum price laws; policy evaluation; tax avoidance; tax evasion,
31532238,Anxiety and depressive symptoms and missing breast cancer and cervical screening: results from Brazos valley community health survey.,Zhang X; Mkuu R; Samman E; Cummings S; Sherman L; Wigfall LT; Wilkinson L; Burdine JN,2020,4/1/20,https://pubmed.ncbi.nlm.nih.gov/31532238/,"Psychology, health & medicine",10.1080/13548506.2019.1668031,Mammography; Pap test; anxiety; cancer screening; depressive symptoms,
31701647,Identification of novel influenza A virus exposures by an improved high-throughput multiplex MAGPIX platform and serum adsorption.,Li ZN; Cheng E; Poirot E; Weber KM; Carney P; Chang J; Liu F; Gross FL; Holiday C; Fry A; Stevens J; Tumpey T; Levine MZ,2020,3/1/20,https://pubmed.ncbi.nlm.nih.gov/31701647/,Influenza and other respiratory viruses,10.1111/irv.12695,MAGPIX; hemagglutinin; influenza; serum adsorption; subtype,
31637651,How Practice Facilitation Strategies Differ by Practice Context.,Nguyen AM; Cuthel A; Padgett DK; Niles P; Rogers E; Pham-Singer H; Ferran D; Kaplan SA; Berry C; Shelley D,2020,3/1/20,https://pubmed.ncbi.nlm.nih.gov/31637651/,Journal of general internal medicine,10.1007/s11606-019-05350-7,implementation; practice facilitation; qualitative,
30175629,A Youth-Friendly Pharmacy Initiative: Decreasing Unintended Pregnancies Among Disenfranchised Youth.,Roberts CB; Bedell J,2020,3/1/20,https://pubmed.ncbi.nlm.nih.gov/30175629/,Health promotion practice,10.1177/1524839918796214,health disparities; health education; health promotion; maternal and infant health; process evaluation; program planning and evaluation; reproductive health,
31846396,Population-based age adjustment tables for use in occupational hearing conservation programs.,Flamme GA; Deiters KK; Stephenson MR; Themann CL; Murphy WJ; Byrne DC; Goldfarb DG; Zeig-Owens R; Hall C; Prezant DJ; Cone JE,2020,2/1/20,https://pubmed.ncbi.nlm.nih.gov/31846396/,International journal of audiology,10.1080/14992027.2019.1698068,Hearing conservation/hearing loss prevention; aging; demographics/epidemiology; noise,
31451987,The Neighborhood as a Unit of Change for Health: Early Findings from the East Harlem Neighborhood Health Action Center.,Dannefer R; Wong BC; John P; Gutierrez J; Brown-Dudley L; Freeman K; Roberts C; Martins E; Napier E; Noyes P; Seoh H; Bedell J; Toner C; Easterling T; Lopez J; Manyindo N; Maybank KA,2020,2/1/20,https://pubmed.ncbi.nlm.nih.gov/31451987/,Journal of community health,10.1007/s10900-019-00712-y,Collaboration; Health equity; Local public health departments; Place-based interventions; Service co-location,
31146539,An expanded HIV screening strategy in the Emergency Department fails to identify most patients with undiagnosed infection: insights from a blinded serosurvey.,Felsen UR; Torian LV; Futterman DC; Stafford S; Xia Q; Allan D; Esses D; Cunningham CO; Weiss JM; Zingman BS,2020,2/1/20,https://pubmed.ncbi.nlm.nih.gov/31146539/,AIDS care,10.1080/09540121.2019.1619663,Emergency Department; HIV screening; serosurvey; undiagnosed HIV,
32329735,"Residential mobility and chronic disease among World Trade Center Health Registry enrollees, 2004-2016.",Jacobson M; Crossa A; Liu SY; Locke S; Poirot E; Stein C; Lim S,2020,1/1/20,https://pubmed.ncbi.nlm.nih.gov/32329735/,Health & place,10.1016/j.healthplace.2019.102270,Built environment; Chronic disease; Displacement; Gentrification; Residential mobility,
31865749,Barriers and Facilitators in the Recruitment and Retention of More Than 250 Small Independent Primary Care Practices for EvidenceNOW.,Cuthel A; Rogers E; Daniel F; Carroll E; Pham-Singer H; Shelley D,2020,1/1/20,https://pubmed.ncbi.nlm.nih.gov/31865749/,American journal of medical quality : the official journal of the American College of Medical Quality,10.1177/1062860619893422,primary care; quality improvement; recruitment; retention,
31697197,"Early Sexual Experiences, Mental Health, and Risk Behavior among Black Non-Hispanic and Hispanic / Latino Men Who Have Sex with Men (MSM).",Downing MJ; Benoit E; Brown D; Coe L; Hirshfield S; Pansulla L; Carballo-Diéguez A,2020,1/1/20,https://pubmed.ncbi.nlm.nih.gov/31697197/,Journal of child sexual abuse,10.1080/10538712.2019.1685618,Childhood sexual abuse; PTSD; bisexual; gay; racial/ethnic minority men; substance use,
30726167,"Substance Use Stigma, Primary Care, and the New York State Prescription Drug Monitoring Program.",Allen B; Harocopos A; Chernick R,2020,1/1/20,https://pubmed.ncbi.nlm.nih.gov/30726167/,"Behavioral medicine (Washington, D.C.)",10.1080/08964289.2018.1555129,Opioid; prescription drug monitoring program; primary care; stigma; substance use,
29528786,Housing versus treatment first for supportive housing participants with substance use disorders: A comparison of housing and public service use outcomes.,Hall G; Walters S; Gould H; Lim S,2020,1/1/20,https://pubmed.ncbi.nlm.nih.gov/29528786/,Substance abuse,10.1080/08897077.2018.1449049,Housing first; substance abuse treatment; supportive housing,
31823751,Applying infectious disease forecasting to public health: a path forward using influenza forecasting examples.,Lutz CS; Huynh MP; Schroeder M; Anyatonwu S; Dahlgren FS; Danyluk G; Fernandez D; Greene SK; Kipshidze N; Liu L; Mgbere O; McHugh LA; Myers JF; Siniscalchi A; Sullivan AD; West N; Johansson MA; Biggerstaff M,2019,12/10/19,https://pubmed.ncbi.nlm.nih.gov/31823751/,BMC public health,10.1186/s12889-019-7966-8,Decision making; Disease outbreaks; Emergency preparedness; Forecast; Infectious disease; Influenza; Pandemic,
31840909,"Provision of Contraception in New York City School-Based Health Centers: Impact on Teenage Pregnancy and Avoided Costs, 2008-2017.",Fisher R; Danza P; McCarthy J; Tiezzi L,2019,12/1/19,https://pubmed.ncbi.nlm.nih.gov/31840909/,Perspectives on sexual and reproductive health,10.1363/psrh.12126,N/A,
31764766,Pharyngeal Gonococcal Infections: A Cross-Sectional Study in a Network of Sexually Transmitted Disease Clinics; Sexually Transmitted Disease Surveillance Network-January 2016 to June 2018.,Llata E; Braxton J; Asbel L; Huspeni D; Hsu K; Kerani RP; Nguyen TQ; Pathela P; Schumacher C; Toevs K; Torrone E,2019,12/1/19,https://pubmed.ncbi.nlm.nih.gov/31764766/,Sexually transmitted diseases,10.1097/OLQ.0000000000001073,N/A,
31764729,Maternal Zika Virus Infection: Association With Small-for-Gestational-Age Neonates and Preterm Birth.,Cooper HJ; Iwamoto M; Lash M; Conners EE; Paladini M; Slavinski S; Fine AD; Kennedy J; Heinke D; Ciaranello A; Seage GR; Lee EH,2019,12/1/19,https://pubmed.ncbi.nlm.nih.gov/31764729/,Obstetrics and gynecology,10.1097/AOG.0000000000003577,N/A,
31764264,Public Health Practice-Driven Research to Improve HIV Prevention in the United States.,Dombrowski JC; Irvine M; Nash D; Harriman G; Golden MR,2019,12/1/19,https://pubmed.ncbi.nlm.nih.gov/31764264/,Journal of acquired immune deficiency syndromes (1999),10.1097/QAI.0000000000002194,N/A,
31689642,"Examining opioid-involved overdose mortality trends prior to fentanyl: New York City, 2000-2015.",Tuazon E; Kunins HV; Allen B; Paone D,2019,12/1/19,https://pubmed.ncbi.nlm.nih.gov/31689642/,Drug and alcohol dependence,10.1016/j.drugalcdep.2019.107614,Heroin; Joinpoint; New York City; Opioid analgesic; Overdose,
31567659,Hearing Loss Among World Trade Center Firefighters and Emergency Medical Service Workers.,Flamme GA; Goldfarb DG; Zeig-Owens R; Hall CB; Vaeth BM; Schwartz T; Yip J; Vossbrinck M; Stein CR; Friedman L; Cone JE; Prezant DJ,2019,12/1/19,https://pubmed.ncbi.nlm.nih.gov/31567659/,Journal of occupational and environmental medicine,10.1097/JOM.0000000000001717,N/A,
31278604,Recent Survey Findings on Smoking and Cessation Behaviors Among Asians in New York City.,Roods K; Jasek J; Farley SM,2019,12/1/19,https://pubmed.ncbi.nlm.nih.gov/31278604/,Journal of community health,10.1007/s10900-019-00695-w,Asian smokers; Chinese smokers; Health disparities; Smoking cessation,
30909714,Healthcare facility characteristics associated with achievement and maintenance of HIV viral suppression among persons newly diagnosed with HIV in New York City.,Wiewel EW; Borrell LN; Jones HE; Maroko AR; Torian LV,2019,12/1/19,https://pubmed.ncbi.nlm.nih.gov/30909714/,AIDS care,10.1080/09540121.2019.1595517,HIV; HIV viral suppression; HIV virologic failure; access; and evaluation; epidemiology; health care quality; health facilities,
31744491,Density of outdoor advertising of consumable products in NYC by neighborhood poverty level.,Adjoian T; Dannefer R; Farley SM,2019,11/8/19,https://pubmed.ncbi.nlm.nih.gov/31744491/,BMC public health,10.1186/s12889-019-7821-y,Advertising; Chronic disease; Retail environment; Tobacco control; Urban,
31718750,Cost savings associated with video directly observed therapy for treatment of tuberculosis.,Lam CK; Fluegge K; Macaraig M; Burzynski J,2019,11/1/19,https://pubmed.ncbi.nlm.nih.gov/31718750/,The international journal of tuberculosis and lung disease : the official journal of the International Union against Tuberculosis and Lung Disease,10.5588/ijtld.18.0625,N/A,
31577506,Myers et al. Respond.,Myers JE; Farhat D; Guzman A; Arya V,2019,11/1/19,https://pubmed.ncbi.nlm.nih.gov/31577506/,American journal of public health,10.2105/AJPH.2019.305323,N/A,
31557664,"One-step pentaplex real-time polymerase chain reaction assay for detection of zika, dengue, chikungunya, West nile viruses and a human housekeeping gene.",Mishra N; Ng J; Rakeman JL; Perry MJ; Centurioni DA; Dean AB; Price A; Thakkar R; Angus AG; Williamson P; Delwart E; Carrington C; Sahadeo N; Che X; Briese T; Tokarz R; Lipkin WI,2019,11/1/19,https://pubmed.ncbi.nlm.nih.gov/31557664/,Journal of clinical virology : the official publication of the Pan American Society for Clinical Virology,10.1016/j.jcv.2019.08.011,Arboviruses; CII-ArboViroPlex rRT PCR; Chikungunya virus; Dengue virus; West nile virus; Zika virus; qPCR,
31540615,Estimated impact of supervised injection facilities on overdose fatalities and healthcare costs in New York City.,Behrends CN; Paone D; Nolan ML; Tuazon E; Murphy SM; Kapadia SN; Jeng PJ; Bayoumi AM; Kunins HV; Schackman BR,2019,11/1/19,https://pubmed.ncbi.nlm.nih.gov/31540615/,Journal of substance abuse treatment,10.1016/j.jsat.2019.08.010,Economic evaluation; Healthcare system costs; Healthcare utilization; Opioid overdoses; Supervised injection facilities,
31462551,"Frequency and Characteristics of Biological False-Positive Test Results for Syphilis Reported in Florida and New York City, USA, 2013 to 2017.",Matthias J; Klingler EJ; Schillinger JA; Keller G; Wilson C; Peterman TA,2019,11/1/19,https://pubmed.ncbi.nlm.nih.gov/31462551/,Journal of clinical microbiology,10.1128/JCM.00898-19,biological false positive; epidemiology; nontreponemal; public health; surveillance studies; syphilis,
31356528,"Prevalence and Correlates of Trichomonas vaginalis Infection Using the OSOM Rapid Point-of-Care Test Among Women Attending New York City Sexual Health Clinics, May-July 2016.",Fallon SA; Pathela P; Mikati T,2019,11/1/19,https://pubmed.ncbi.nlm.nih.gov/31356528/,Sexually transmitted diseases,10.1097/OLQ.0000000000001038,N/A,
30821484,Health department-HIV clinic integration of data and human resources to re-engage out of care HIV-positive persons into clinical care in a New York City locale.,Udeagu C; Huang J; Eason L; Pickett L,2019,11/1/19,https://pubmed.ncbi.nlm.nih.gov/30821484/,AIDS care,10.1080/09540121.2019.1587373,HIV; data to care; engagement in care; health departments; out of care; retention in care,
31614778,"Persistent Hearing Loss among World Trade Center Health Registry Residents, Passersby and Area Workers, 2006-2007.",Cone JE; Stein CR; Lee DJ; Flamme GA; Brite J,2019,10/12/19,https://pubmed.ncbi.nlm.nih.gov/31614778/,International journal of environmental research and public health,10.3390/ijerph16203864,World Trade Center disaster; dust; hearing loss,
30753404,Challenges and strategies for hypertension management: qualitative analysis of small primary care practices with varying blood pressure control.,Smolen JR; Wang JJ; Anane SP,2019,10/8/19,https://pubmed.ncbi.nlm.nih.gov/30753404/,Family practice,10.1093/fampra/cmz004,Doctor–patient relationship; electronic medical records; hypertension; primary care; quality of care,
33195963,Should we adjust for delivery hospital in studies of air pollution and pregnancy outcomes?,Savitz DA; Eliot MN; Ito K; Johnson S; Manjourides J; Danilack VA; Wellenius GA,2019,10/1/19,https://pubmed.ncbi.nlm.nih.gov/33195963/,"Environmental epidemiology (Philadelphia, Pa.)",10.1097/EE9.0000000000000064,Air pollution; Confounding; Pregnancy outcome; delivery hospital,
31487410,Examining Associations Between Hurricane Sandy Exposure and Posttraumatic Stress Disorder by Community of Residence.,Schwartz RM; Rasul R; Gargano LM; Lieberman-Cribbin W; Brackbill RM; Taioli E,2019,10/1/19,https://pubmed.ncbi.nlm.nih.gov/31487410/,Journal of traumatic stress,10.1002/jts.22445,N/A,
31486004,Calibrating Local Population-Based Blood Pressure Data from NYC HANES 2013-2014.,Kanchi R; Perlman S; Ostchega Y; Chamany S; Shimbo D; Chernov C; Thorpe LE,2019,10/1/19,https://pubmed.ncbi.nlm.nih.gov/31486004/,Journal of urban health : bulletin of the New York Academy of Medicine,10.1007/s11524-019-00385-x,Blood pressure; Calibration; Cardiovascular disease; Hypertension; NYC HANES; Validation,
31449827,"The effects of student, school and neighborhood poverty on the association between fitness and absenteeism in New York City middle school youth.",D'Agostino EM; Day SE; Konty KJ; Larkin M; Wyka K,2019,10/1/19,https://pubmed.ncbi.nlm.nih.gov/31449827/,Preventive medicine,10.1016/j.ypmed.2019.105820,Adolescents; Health disparities; Health-related fitness; Physical activity; Poverty; School absenteeism,
31415200,Relay: A Peer-Delivered Emergency Department-Based Response to Nonfatal Opioid Overdose.,Welch AE; Jeffers A; Allen B; Paone D; Kunins HV,2019,10/1/19,https://pubmed.ncbi.nlm.nih.gov/31415200/,American journal of public health,10.2105/AJPH.2019.305202,N/A,
31299038,Overcoming the Challenges of Studying Expedited Partner Therapy in the Real World.,Nemeth SV; Schillinger JA,2019,10/1/19,https://pubmed.ncbi.nlm.nih.gov/31299038/,Sexually transmitted diseases,10.1097/OLQ.0000000000001047,N/A,
31170825,Implementation of the New York City Policy Restricting Sales of Flavored Non-Cigarette Tobacco Products.,Brown EM; Rogers T; Eggers ME; Cavazos ML; O'Brien MS; McCrae T; Farley SM; Schroth KRJ,2019,10/1/19,https://pubmed.ncbi.nlm.nih.gov/31170825/,Health education & behavior : the official publication of the Society for Public Health Education,10.1177/1090198119853608,enforcement; flavored tobacco policy; implementation,
31073819,"Comparing life satisfaction and functioning 15 years after September 11, 2001 among survivors with and without injuries: a mixed-method study.",Gargano LM; Mok HK; Jacobson MH; Frazier P; Garrey SK; Petrsoric LJ; Brackbill RM,2019,10/1/19,https://pubmed.ncbi.nlm.nih.gov/31073819/,"Quality of life research : an international journal of quality of life aspects of treatment, care and rehabilitation",10.1007/s11136-019-02194-w,Injury; Life satisfaction; Qualitative; Quality of life; World Trade Center,
30604220,Potentially Avertable Premature Deaths Associated with Jail Incarceration in New York City.,Reilly KH; Johns E; Noyan N; Schretzman M; Tsao TY,2019,10/1/19,https://pubmed.ncbi.nlm.nih.gov/30604220/,Journal of community health,10.1007/s10900-018-00611-8,Avoidable deaths; Inequalities; Neighborhood/place; Public health; Spatial analysis,
31502532,"Multistate outbreaks of <i>Salmonella</i> infections linked to imported Maradol papayas - United States, December 2016-September 2017.",Hassan R; Whitney B; Williams DL; Holloman K; Grady D; Thomas D; Omoregie E; Lamba K; Leeper M; Gieraltowski L; Outbreak Investigation Team,2019,9/10/19,https://pubmed.ncbi.nlm.nih.gov/31502532/,Epidemiology and infection,10.1017/S0950268819001547,Food-borne infections; outbreaks; salmonellosis,
31500226,"Editorial for ""Long-Term Health Effects of the 9/11 Disaster"" in <i>International Journal of Environmental Research and Public Health</i>, 2019.",Brackbill RM; Graber JM; Robison WAA,2019,9/7/19,https://pubmed.ncbi.nlm.nih.gov/31500226/,International journal of environmental research and public health,10.3390/ijerph16183289,N/A,
31505149,"Preassessment of Community-Based Organization Preparedness in Two Sectors, Human Services and Faith Based: New York City, 2016.",Rivera L; Pagaoa M; Molinari NA; Morgenthau BM; LeBlanc TT,2019,9/1/19,https://pubmed.ncbi.nlm.nih.gov/31505149/,American journal of public health,10.2105/AJPH.2019.305141,N/A,
31479500,Evaluation of parameters affecting performance and reliability of machine learning-based antibiotic susceptibility testing from whole genome sequencing data.,Hicks AL; Wheeler N; Sánchez-Busó L; Rakeman JL; Harris SR; Grad YH,2019,9/1/19,https://pubmed.ncbi.nlm.nih.gov/31479500/,PLoS computational biology,10.1371/journal.pcbi.1007349,N/A,
31390247,New York City's Sodium Warning Regulation: From Conception to Enforcement.,Anekwe AV; Lent M; Farley SM; Kessler K; Kennelly MO; Angell SY,2019,9/1/19,https://pubmed.ncbi.nlm.nih.gov/31390247/,American journal of public health,10.2105/AJPH.2019.305228,N/A,
31361013,THE AUTHORS REPLY.,Lim S; Miller-Archie SA; Singh TP; Wu WY; Walters SC; Gould LH,2019,9/1/19,https://pubmed.ncbi.nlm.nih.gov/31361013/,American journal of epidemiology,10.1093/aje/kwz163,N/A,
31318600,"Ongoing Disparities in Prediagnosis Preexposure Prophylaxis Use Among Persons Recently Diagnosed With HIV in New York City, 2015-2017.",Misra K; Huang JS; Udeagu CN,2019,9/1/19,https://pubmed.ncbi.nlm.nih.gov/31318600/,American journal of public health,10.2105/AJPH.2019.305155,N/A,
31136730,Trends in nonresident abortion rates in New York City from 2005 to 2015: a time series analysis.,Johansson EW; Argov EL; Langston A; Yager A; Searing H; Liu SY,2019,9/1/19,https://pubmed.ncbi.nlm.nih.gov/31136730/,Contraception,10.1016/j.contraception.2019.05.008,Abortion; New York City; Time series; Vital statistics,
31087511,Comprehensive nationwide chronic hepatitis C surveillance is necessary for accurate state-level prevalence estimates.,Moore MS; Greene SK; Bocour A; Brown CM; Coyle JR; Kuncio D; Onofrey S; Patel MT; Winters A,2019,9/1/19,https://pubmed.ncbi.nlm.nih.gov/31087511/,Journal of viral hepatitis,10.1111/jvh.13124,elimination; hepatitis C; prevalence; surveillance,
30879212,A Randomized Controlled Trial of a Rapid Re-housing Intervention for Homeless Persons Living with HIV/AIDS: Impact on Housing and HIV Medical Outcomes.,Towe VL; Wiewel EW; Zhong Y; Linnemayr S; Johnson R; Rojas J,2019,9/1/19,https://pubmed.ncbi.nlm.nih.gov/30879212/,AIDS and behavior,10.1007/s10461-019-02461-4,Acquired immunodeficiency syndrome; HIV; Homeless persons; Housing; Randomized controlled trial,
31303523,Challenges with hepatitis B vaccination of high risk adults - A pilot program.,Bridges CB; Watson TL; Nelson NP; Chavez-Torres M; Fineis P; Ntiri-Reid B; Wake E; Leahy JM; Kurian AK; Hall MAK; Kennedy ED,2019,8/14/19,https://pubmed.ncbi.nlm.nih.gov/31303523/,Vaccine,10.1016/j.vaccine.2019.05.089,Adults; Dose-series completion; Hepatitis B; Hepatitis B vaccine; Immunization information systems; Vaccination rates; Vaccine implementation; Vaccine registry,
31056652,"Daily Intake of Sodium and Potassium Among Diverse US Hispanics/Latinos, the Hispanic Community Health Study/Study of Latinos.",Elfassy T; Sotres-Alvarez D; Van Horn L; Angell S; Schneiderman N; Rundek T; Raij L; Smoller SW; Mossavar-Rahmani Y; Daviglus ML; Hanna DB; Zeki Al Hazzouri A,2019,8/14/19,https://pubmed.ncbi.nlm.nih.gov/31056652/,American journal of hypertension,10.1093/ajh/hpz073,Hispanics; Latinos; blood pressure; hypertension; potassium; recommendations; sodium,
31395019,"Linkage to hepatitis C care after incarceration in jail: a prospective, single arm clinical trial.",Akiyama MJ; Columbus D; MacDonald R; Jordan AO; Schwartz J; Litwin AH; Eckhardt B; Carmody E,2019,8/8/19,https://pubmed.ncbi.nlm.nih.gov/31395019/,BMC infectious diseases,10.1186/s12879-019-4344-1,HCV; Jail; Linkage to care; PWID; Prison,
31214976,Development of a Neighborhood Walkability Index for Studying Neighborhood Physical Activity Contexts in Communities across the U.S. over the Past Three Decades.,Rundle AG; Chen Y; Quinn JW; Rahai N; Bartley K; Mooney SJ; Bader MD; Zeleniuch-Jacquotte A; Lovasi GS; Neckerman KM,2019,8/1/19,https://pubmed.ncbi.nlm.nih.gov/31214976/,Journal of urban health : bulletin of the New York Academy of Medicine,10.1007/s11524-019-00370-4,Body mass index; Environment; Geographic information systems; Physical activity; Urban design,
31084293,NYC START: A New Model for Securing Community Services for Individuals Hospitalized for First-Episode Psychosis.,Anderson D; Choden T; Sandseth T; Teoh T; Essock SM; Harrison ME,2019,8/1/19,https://pubmed.ncbi.nlm.nih.gov/31084293/,"Psychiatric services (Washington, D.C.)",10.1176/appi.ps.201800385,Case management; Psychoses; first episode psychosis,
31047954,"Infectious Disease Hospitalizations: United States, 2001 to 2014.",Kennedy JL; Haberling DL; Huang CC; Lessa FC; Lucero DE; Daskalakis DC; Vora NM,2019,8/1/19,https://pubmed.ncbi.nlm.nih.gov/31047954/,Chest,10.1016/j.chest.2019.04.013,United States; epidemiology; hospitalizations; infectious disease,
30980248,Smoking Social Norms Among Young Adults in New York City.,Debchoudhury I; Ling P; Sacks R; Farley SM,2019,8/1/19,https://pubmed.ncbi.nlm.nih.gov/30980248/,Journal of community health,10.1007/s10900-019-00641-w,New York City; Smoking; Social norms; Young adults,
30073876,"Associations between asthma trigger reports, mental health conditions, and asthma morbidity among world trade center rescue and recovery workers.",Morales-Raveendran E; Goodman E; West E; Cone JE; Katz C; Weiss J; Feldman JM; Harrison D; Markowitz S; Federman A; Wisnivesky JP,2019,8/1/19,https://pubmed.ncbi.nlm.nih.gov/30073876/,The Journal of asthma : official journal of the Association for the Care of Asthma,10.1080/02770903.2018.1502300,Asthma trigger; World Trade Center; asthma; asthma management; asthma outcomes; mental health; psychological,
29960078,Towards better prediction of Mycobacterium tuberculosis lineages from MIRU-VNTR data.,Thain N; Le C; Crossa A; Ahuja SD; Meissner JS; Mathema B; Kreiswirth B; Kurepina N; Cohen T; Chindelevitch L,2019,8/1/19,https://pubmed.ncbi.nlm.nih.gov/29960078/,"Infection, genetics and evolution : journal of molecular epidemiology and evolutionary genetics in infectious diseases",10.1016/j.meegid.2018.06.029,Interpretability; Lineage; MIRU-VNTR; Machine learning; Mycobacterium tuberculosis,
28493115,Cardiovascular Disease & Cancer Risk Among South Asians: Impact of Sociocultural Influences on Lifestyle and Behavior.,Kandula N; Ahmed M; Dodani S; Gupta L; Hore P; Kanaya A; Khowaja A; Mathur A; Mehta D; Misra R; Paracha M; Bharmal N; Aghhi M; Leng J; Gany F,2019,8/1/19,https://pubmed.ncbi.nlm.nih.gov/28493115/,Journal of immigrant and minority health,10.1007/s10903-017-0578-4,Behaviour; Cancer risk; Cardiovascular disease risk; Culture; Lifestyle; South Asian,
30997508,Timeliness of Human Immunodeficiency Virus Diagnosis and Antiretroviral Treatment Initiation in the Era of Universal Testing and Treatment.,Robertson MM; Braunstein SL; Hoover DR; Li S; Nash D,2019,7/19/19,https://pubmed.ncbi.nlm.nih.gov/30997508/,The Journal of infectious diseases,10.1093/infdis/jiz148,HIV diagnosis; HIV treatment initiation; HIV viral load Suppression; universal test and treat,
31259770,"Authors' reply, Xia et al.",Xia Q; Abraham B; Shah D; Ramaswamy C; Braunstein SL; Torian LV,2019,7/15/19,https://pubmed.ncbi.nlm.nih.gov/31259770/,"AIDS (London, England)",10.1097/QAD.0000000000002225,N/A,
31298212,"A Cohort Review Approach Evaluating Community Health Worker Programs in New York City, 2015-2017.",Feinberg A; Seidl L; Dannefer R; Wyka K; Drackett E; Brown-Dudley L; Islam N; Thorpe LE,2019,7/11/19,https://pubmed.ncbi.nlm.nih.gov/31298212/,Preventing chronic disease,10.5888/pcd16.180623,N/A,
30915477,"Age-Related Differences in Past or Present Hepatitis C Virus Infection Among People Who Inject Drugs: National Human Immunodeficiency Virus Behavioral Surveillance, 8 US Cities, 2015.",Abara WE; Trujillo L; Broz D; Finlayson T; Teshale E; Paz-Bailey G; Glick S; Al-Tayyib AA; Robinson WT; Masiello-Schuette S; Sey EK; Anderson BJ; Poe J; Braunstein S,2019,7/2/19,https://pubmed.ncbi.nlm.nih.gov/30915477/,The Journal of infectious diseases,10.1093/infdis/jiz142,HCV; direct-acting antiviral treatment; hepatitis C; heroin; medication-assisted treatment; opioid use; people who inject drugs; young people who inject drugs,
31194704,Brief Report: Durability of the Effect of Financial Incentives on HIV Viral Load Suppression and Continuity in Care: HPTN 065 Study.,El-Sadr WM; Beauchamp G; Hall HI; Torian LV; Zingman BS; Lum G; Elion RA; Buchacz K; Burns D; Zerbe A; Gamble T; Donnell DJ; HPTN 065 Study,2019,7/1/19,https://pubmed.ncbi.nlm.nih.gov/31194704/,Journal of acquired immune deficiency syndromes (1999),10.1097/QAI.0000000000001927,N/A,
31194578,Undocumented African Immigrants' Experiences of HIV Testing and Linkage to Care.,Ross J; Akiyama MJ; Slawek D; Stella J; Nichols K; Bekele M; Cunningham CO; Blackstock OJ,2019,7/1/19,https://pubmed.ncbi.nlm.nih.gov/31194578/,AIDS patient care and STDs,10.1089/apc.2019.0036,African immigrants; HIV; HIV testing; linkage to care; undocumented immigrants,
30477307,Place-based predictors of HIV viral suppression and durable suppression among heterosexuals in New York city.,Jefferson KA; Kersanske LS; Wolfe ME; Braunstein SL; Haardörfer R; Des Jarlais DC; Campbell ANC; Cooper HL,2019,7/1/19,https://pubmed.ncbi.nlm.nih.gov/30477307/,AIDS care,10.1080/09540121.2018.1545989,Food distress; HIV viral suppression; New York city; heterosexuals; place-based predictors,
30264207,Differences in Medical Mistrust Between Black and White Women: Implications for Patient-Provider Communication About PrEP.,Tekeste M; Hull S; Dovidio JF; Safon CB; Blackstock O; Taggart T; Kershaw TS; Kaplan C; Caldwell A; Lane SB; Calabrese SK,2019,7/1/19,https://pubmed.ncbi.nlm.nih.gov/30264207/,AIDS and behavior,10.1007/s10461-018-2283-2,Black/African American; HIV/AIDS; Medical mistrust; Pre-exposure prophylaxis (PrEP); Women,
30044541,The Incidence and Prevalence of Adult Primary Sjögren's Syndrome in New York County.,Izmirly PM; Buyon JP; Wan I; Belmont HM; Sahl S; Salmon JE; Askanase A; Bathon JM; Geraldino-Pardilla L; Ali Y; Ginzler EM; Putterman C; Gordon C; Helmick CG; Parton H,2019,7/1/19,https://pubmed.ncbi.nlm.nih.gov/30044541/,Arthritis care & research,10.1002/acr.23707,N/A,
31219053,New York City HIV Care Continuum Dashboards: Using Surveillance Data to Improve HIV Care Among People Living With HIV in New York City.,Braunstein SL; Coeytaux K; Sabharwal CJ; Xia Q; Robbins RS; Obeng B; Daskalakis DC,2019,6/19/19,https://pubmed.ncbi.nlm.nih.gov/31219053/,JMIR public health and surveillance,10.2196/13086,HIV; best practices; quality of care; surveillance,
31298140,Increasing Price and Reducing Access to Tobacco in New York City.,Schroth KRJ,2019,6/1/19,https://pubmed.ncbi.nlm.nih.gov/31298140/,"The Journal of law, medicine & ethics : a journal of the American Society of Law, Medicine & Ethics",10.1177/1073110519857326,N/A,
32832380,Exploring the Health and Spatial Equity Implications of the New York City Bike Share System.,Babagoli MA; Kaufman TK; Noyes P; Sheffield PE,2019,6/1/19,https://pubmed.ncbi.nlm.nih.gov/32832380/,Journal of transport & health,10.1016/j.jth.2019.04.003,active transportation; bicycle share; built environment; health benefits; health equity; health impact assessment,
31108026,Effects of Interventions Addressing School Environments or Educational Assets on Adolescent Sexual Health: Systematic Review and Meta-analysis.,Peterson AJ; Donze M; Allen E; Bonell C,2019,6/1/19,https://pubmed.ncbi.nlm.nih.gov/31108026/,Perspectives on sexual and reproductive health,10.1363/psrh.12102,N/A,
31094576,Next-Wave HIV Pre-Exposure Prophylaxis Implementation for Gay and Bisexual Men.,Golub SA; Myers JE,2019,6/1/19,https://pubmed.ncbi.nlm.nih.gov/31094576/,AIDS patient care and STDs,10.1089/apc.2018.0290,MSM; PrEP; implementation; pre-exposure prophylaxis,
31067105,Pharmacists in HIV Prevention: An Untapped Potential.,Myers JE; Farhat D; Guzman A; Arya V,2019,6/1/19,https://pubmed.ncbi.nlm.nih.gov/31067105/,American journal of public health,10.2105/AJPH.2019.305057,N/A,
30912031,Trauma-Informed Care: a Strategy to Improve Primary Healthcare Engagement for Persons with Criminal Justice System Involvement.,Chaudhri S; Zweig KC; Hebbar P; Angell S; Vasan A,2019,6/1/19,https://pubmed.ncbi.nlm.nih.gov/30912031/,Journal of general internal medicine,10.1007/s11606-018-4783-1,criminal justice; implementation; patient engagement; primary care; quality of care; trauma; trauma-informed care,
30834432,Supportive Housing and Its Relationship With Diabetes Diagnosis and Management Among Homeless Persons in New York City.,Lim S; Miller-Archie SA; Singh TP; Wu WY; Walters SC; Gould LH,2019,6/1/19,https://pubmed.ncbi.nlm.nih.gov/30834432/,American journal of epidemiology,10.1093/aje/kwz057,diabetes mellitus; homelessness; housing,
31151302,"Air Pollution/Irritants, Asthma Control, and Health-Related Quality of Life among 9/11-Exposed Individuals with Asthma.",Yung J; Osahan S; Friedman SM; Li J; Cone JE,2019,5/30/19,https://pubmed.ncbi.nlm.nih.gov/31151302/,International journal of environmental research and public health,10.3390/ijerph16111924,9/11 disaster; air pollution; asthma; health-related quality of life; irritant(s); trigger(s),
29522133,"Varicella Outbreak Surveillance in Schools in Sentinel Jurisdictions, 2012-2015.",Lopez AS; LaClair B; Buttery V; Zhang Y; Rosen J; Taggert E; Robinson S; Davis M; Waters C; Thomas CA; Rodriguez C; Thomas E; Tuttle J; Brantley T; Perella D; Del Rosario M; Marin M,2019,5/11/19,https://pubmed.ncbi.nlm.nih.gov/29522133/,Journal of the Pediatric Infectious Diseases Society,10.1093/jpids/piy010,outbreak surveillance; varicella; varicella outbreaks,
30395249,"Detection of Avian Influenza A(H7N2) Virus Infection Among Animal Shelter Workers Using a Novel Serological Approach-New York City, 2016-2017.",Poirot E; Levine MZ; Russell K; Stewart RJ; Pompey JM; Chiu S; Fry AM; Gross L; Havers FP; Li ZN; Liu F; Crossa A; Lee CT; Boshuizen V; Rakeman JL; Slavinski S; Harper S; Gould LH,2019,5/5/19,https://pubmed.ncbi.nlm.nih.gov/30395249/,The Journal of infectious diseases,10.1093/infdis/jiy595,H7N2; human infection; influenza; outbreak; serology; zoonotic,
30920062,Impact of a prescription drug monitoring program use mandate on potentially problematic patterns of opioid analgesic prescriptions in New York City.,Bachhuber MA; Tuazon E; Nolan ML; Kunins HV; Paone D,2019,5/1/19,https://pubmed.ncbi.nlm.nih.gov/30920062/,Pharmacoepidemiology and drug safety,10.1002/pds.4766,analgesics; health policy; opioid; pharmacoepidemiology; prescription drug diversion; prescription drug misuse; prescription drug monitoring programs,
30909019,Unintentional drug overdose deaths involving cocaine among middle-aged and older adults in New York City.,Han BH; Tuazon E; Kunins HV; Mantha S; Paone D,2019,5/1/19,https://pubmed.ncbi.nlm.nih.gov/30909019/,Drug and alcohol dependence,10.1016/j.drugalcdep.2019.01.042,Cocaine; Middle-aged; Older adults; Overdose,
30569301,Characteristics of Mothers and Infants Living in Homeless Shelters and Public Housing in New York City.,Reilly KH; Zimmerman R; Huynh M; Kennedy J; McVeigh KH,2019,5/1/19,https://pubmed.ncbi.nlm.nih.gov/30569301/,Maternal and child health journal,10.1007/s10995-018-2672-1,Family homelessness; Infants; Poverty,
30311507,Testing for comorbid conditions among people with HIV in medical care.,Lazar R; Kersanske L; Braunstein SL,2019,5/1/19,https://pubmed.ncbi.nlm.nih.gov/30311507/,AIDS care,10.1080/09540121.2018.1533237,HIV; HIV Care; comorbidity; public health surveillance,
30380034,Reply to Naucler et al.,Bloch D; Weiss D,2019,4/24/19,https://pubmed.ncbi.nlm.nih.gov/30380034/,Clinical infectious diseases : an official publication of the Infectious Diseases Society of America,10.1093/cid/ciy931,N/A,
31003460,A Cognitive Reserve and Social Support-Focused Latent Class Analysis to Predict Self-Reported Confusion or Memory Loss among Middle-Aged World Trade Center Health Registry Enrollees.,Seil K; Yu S; Alper H,2019,4/18/19,https://pubmed.ncbi.nlm.nih.gov/31003460/,International journal of environmental research and public health,10.3390/ijerph16081401,PTSD; cognitive decline; cognitive reserve; disaster epidemiology; latent class analysis,
30500908,"Trends in the Prevalence of Anogenital Warts Among Patients at Sexually Transmitted Disease Clinics-Sexually Transmitted Disease Surveillance Network, United States, 2010-2016.",Mann LM; Llata E; Flagg EW; Hong J; Asbel L; Carlos-Henderson J; Kerani RP; Kohn R; Pathela P; Schumacher C; Torrone EA,2019,4/16/19,https://pubmed.ncbi.nlm.nih.gov/30500908/,The Journal of infectious diseases,10.1093/infdis/jiy684,Anogenital warts; genital warts; human papillomavirus (HPV); sexually transmitted disease (STD); sexually transmitted infection (STI),
30973847,"Extragenital Chlamydia and Gonorrhea Among Community Venue-Attending Men Who Have Sex with Men - Five Cities, United States, 2017.",Johnson Jones ML; Chapin-Bardales J; Bizune D; Papp JR; Phillips C; Kirkcaldy RD; Wejnert C; Bernstein KT; National HIV Behavioral Surveillance Sexually Transmitted Infection Study Group,2019,4/12/19,https://pubmed.ncbi.nlm.nih.gov/30973847/,MMWR. Morbidity and mortality weekly report,10.15585/mmwr.mm6814a1,N/A,
30986914,Impact of Health on Early Retirement and Post-Retirement Income Loss among Survivors of the 11 September 2001 World Trade Center Disaster.,Yu S; Seil K; Maqsood J,2019,4/2/19,https://pubmed.ncbi.nlm.nih.gov/30986914/,International journal of environmental research and public health,10.3390/ijerph16071177,9/11 impact; PTSD; chronic disease; disaster; income loss; retirement,
30846275,Impact of supportive housing on substance use-related health care utilization among homeless persons who are active substance users.,Miller-Archie SA; Walters SC; Singh TP; Lim S,2019,4/1/19,https://pubmed.ncbi.nlm.nih.gov/30846275/,Annals of epidemiology,10.1016/j.annepidem.2019.02.002,Homeless persons; Housing; Medicaid; Substance-related disorders,
30789777,Impact of a Municipal Policy Restricting Trans Fatty Acid Use in New York City Restaurants on Serum Trans Fatty Acid Levels in Adults.,Wright M; McKelvey W; Curtis CJ; Thorpe LE; Vesper HW; Kuiper HC; Angell SY,2019,4/1/19,https://pubmed.ncbi.nlm.nih.gov/30789777/,American journal of public health,10.2105/AJPH.2018.304930,N/A,
30783885,"Correction to: No-Notice Mystery Patient Drills to Assess Emergency Preparedness for Infectious Diseases at Community Health Centers in New York City, 2015-2016.",Ali M; Williams MD,2019,4/1/19,https://pubmed.ncbi.nlm.nih.gov/30783885/,Journal of community health,10.1007/s10900-019-00621-0,N/A,
30743195,Associations between drug use patterns and viral load suppression among HIV-positive individuals who use support services in New York City.,Feldman MB; Kepler KL; Irvine MK; Thomas JA,2019,4/1/19,https://pubmed.ncbi.nlm.nih.gov/30743195/,Drug and alcohol dependence,10.1016/j.drugalcdep.2018.12.015,Drug use; HIV; Patterns; Viral load suppression,
30742218,"Racial Differences in Opioid Overdose Deaths in New York City, 2017.",Allen B; Nolan ML; Kunins HV; Paone D,2019,4/1/19,https://pubmed.ncbi.nlm.nih.gov/30742218/,JAMA internal medicine,10.1001/jamainternmed.2018.7700,N/A,
30604224,"No-Notice Mystery Patient Drills to Assess Emergency Preparedness for Infectious Diseases at Community Health Centers in New York City, 2015-2016.",Ali M; Williams MD,2019,4/1/19,https://pubmed.ncbi.nlm.nih.gov/30604224/,Journal of community health,10.1007/s10900-018-00595-5,Community health centers; Drills; Emergency preparedness; Infectious diseases,
30368650,"Sugary Drink Consumption Among NYC Children, Youth, and Adults: Disparities Persist Over Time, 2007-2015.",Elfassy T; Adjoian T; Lent M,2019,4/1/19,https://pubmed.ncbi.nlm.nih.gov/30368650/,Journal of community health,10.1007/s10900-018-0587-9,SSBs; Sugar-sweetened beverages; Sugary drinks,
30866415,Pulmonary Fibrosis among World Trade Center Responders: Results from the WTC Health Registry Cohort.,Li J; Cone JE; Brackbill RM; Giesinger I; Yung J; Farfel MR,2019,3/7/19,https://pubmed.ncbi.nlm.nih.gov/30866415/,International journal of environmental research and public health,10.3390/ijerph16050825,World Trade Center disaster; dust; pulmonary fibrosis,
31207858,"Exposure to multiple disasters: The long-term effect of Hurricane Sandy (October 29, 2012) on NYC survivors of the September 11, 2001 World Trade Center attack.",Gargano LM; Li J; Millien L; Alper H; Brackbill RM,2019,3/1/19,https://pubmed.ncbi.nlm.nih.gov/31207858/,Psychiatry research,10.1016/j.psychres.2019.01.090,Hurricane Sandy; Optimism; Post-traumatic stress disorder; Trajectories; World Trade Center,
30821204,Missed Opportunities in Earlier Identification of Individuals With First-Episode Psychosis.,Teoh T; Choden T; Anderson D,2019,3/1/19,https://pubmed.ncbi.nlm.nih.gov/30821204/,"Psychiatric services (Washington, D.C.)",10.1176/appi.ps.201800170,Prevention; Psychoses; Public education; Public health,
30741805,Gestational Weight Gain and Severe Maternal Morbidity at Delivery Hospitalization.,Platner MH; Ackerman C; Howland RE; Xu X; Pettker CM; Illuzzi JL; Reddy UM; Chung S; Lipkind HS,2019,3/1/19,https://pubmed.ncbi.nlm.nih.gov/30741805/,Obstetrics and gynecology,10.1097/AOG.0000000000003114,N/A,
30712089,"Determinants of Severe Maternal Morbidity and Its Racial/Ethnic Disparities in New York City, 2008-2012.",Howland RE; Angley M; Won SH; Wilcox W; Searing H; Liu SY; Johansson EW,2019,3/1/19,https://pubmed.ncbi.nlm.nih.gov/30712089/,Maternal and child health journal,10.1007/s10995-018-2682-z,Disparities; Pregnancy complications; Severe maternal morbidity; Surveillance,
30705809,Lessons learned from the development and implementation of a citywide stair prompt initiative.,Lee KK; Loh L; Adamic J; Perry A; Sacks R; Lam K; Tong S; Wolf S,2019,3/1/19,https://pubmed.ncbi.nlm.nih.gov/30705809/,Preventive medicine reports,10.1016/j.pmedr.2018.12.015,Chronic disease; City planning; Obesity; Physical activity; Prevention; Program evaluation; Urban health,
30684098,Supportive Housing Promotes AIDS-Free Survival for Chronically Homeless HIV Positive Persons with Behavioral Health Conditions.,Hall G; Singh T; Lim SW,2019,3/1/19,https://pubmed.ncbi.nlm.nih.gov/30684098/,AIDS and behavior,10.1007/s10461-019-02398-8,Health services; Jail; Supportive housing; Viral suppression; Virologic failure,
30680539,Multilevel Factors Associated with a Lack of Viral Suppression Among Persons Living with HIV in a Federally Funded Housing Program.,Beattie CM; Wiewel EW; Zhong Y; Brown PA; Braunstein SL; Pamela Farquhar X; Rojas J,2019,3/1/19,https://pubmed.ncbi.nlm.nih.gov/30680539/,AIDS and behavior,10.1007/s10461-019-02399-7,HIV viral suppression; HIV/AIDS; Housing,
30509767,"Implementing Adolescent Sexual and Reproductive Health Clinical Best Practice in the Bronx, New York.",Travers M; O'Uhuru D; Mueller T; Bedell J,2019,3/1/19,https://pubmed.ncbi.nlm.nih.gov/30509767/,The Journal of adolescent health : official publication of the Society for Adolescent Medicine,10.1016/j.jadohealth.2018.09.020,Adolescent sexual and reproductive health; School-linked healthcare; Teen healthcare access; Teen pregnancy prevention; Urban health; clinics,
30409918,"Inconsistent condom use with known HIV-positive partners among newly diagnosed HIV-positive men who have sex with men interviewed for partner services in New York City, 2014.",Burton NT; Misra K; Bocour A; Shah S; Gutierrez R; Udeagu CC,2019,3/1/19,https://pubmed.ncbi.nlm.nih.gov/30409918/,Sexually transmitted infections,10.1136/sextrans-2017-053479,behavioural science; condoms; men; sexual health,
30304520,Proposing a New Indicator for the National Human Immunodeficiency Virus/AIDS Strategy: Percentage of Newly Diagnosed Persons Achieving Viral Suppression Within 3 Months of Diagnosis.,Xia Q; Coeytaux K; Braunstein SL; Torian LV; Daskalakis DC,2019,2/23/19,https://pubmed.ncbi.nlm.nih.gov/30304520/,The Journal of infectious diseases,10.1093/infdis/jiy538,HIV; diagnosis; evaluation; outcome measure; viral suppression,
30791669,Characterizing Mental Health Treatment Utilization among Individuals Exposed to the 2001 World Trade Center Terrorist Attacks 14⁻15 Years Post-Disaster.,Jacobson MH; Norman C; Sadler P; Petrsoric LJ; Brackbill RM,2019,2/20/19,https://pubmed.ncbi.nlm.nih.gov/30791669/,International journal of environmental research and public health,10.3390/ijerph16040626,counseling; mental health treatment; post-disaster; psychotherapy; treatment utilization,
30777122,Study protocol for a pragmatic trial of the Consult for Addiction Treatment and Care in Hospitals (CATCH) model for engaging patients in opioid use disorder treatment.,McNeely J; Troxel AB; Kunins HV; Shelley D; Lee JD; Walley A; Weinstein ZM; Billings J; Davis NJ; Marcello RK; Schackman BR; Barron C; Bergmann L,2019,2/19/19,https://pubmed.ncbi.nlm.nih.gov/30777122/,Addiction science & clinical practice,10.1186/s13722-019-0135-7,(MeSH term) Consultation; (MeSH term) Inpatients; (MeSH term) Opioid substitution treatment; Addiction; Consult service; Hospitalization; Opioid use disorder; Protocol; Substance use disorder,
30020422,Public Health Detailing for Human Immunodeficiency Virus Pre-exposure Prophylaxis.,Ard KL; Edelstein ZR; Bolduc P; Daskalakis D; Gandhi AD; Krakower DS; Myers JE; Keuroghlian AS,2019,2/15/19,https://pubmed.ncbi.nlm.nih.gov/30020422/,Clinical infectious diseases : an official publication of the Infectious Diseases Society of America,10.1093/cid/ciy573,HIV prevention; PrEP; academic detailing; public health detailing,
30755198,"Persistent mental and physical health impact of exposure to the September 11, 2001 World Trade Center terrorist attacks.",Jordan HT; Osahan S; Li J; Stein CR; Friedman SM; Brackbill RM; Cone JE; Gwynn C; Mok HK; Farfel MR,2019,2/12/19,https://pubmed.ncbi.nlm.nih.gov/30755198/,Environmental health : a global access science source,10.1186/s12940-019-0449-7,"Asthma; Depression; Epidemiology; Gastroesophageal reflux; Health services; Health surveys; Quality of life; Registries; September 11 terrorist attacks; Stress disorders, post-traumatic",
30808460,Mortality among tuberculosis patients in New York City.,Hood G; Trieu L; Ahuja SD,2019,2/1/19,https://pubmed.ncbi.nlm.nih.gov/30808460/,The international journal of tuberculosis and lung disease : the official journal of the International Union against Tuberculosis and Lung Disease,10.5588/ijtld.18.0305,N/A,
30735231,Factors Associated With Sputum Culture-Negative vs Culture-Positive Diagnosis of Pulmonary Tuberculosis.,Nguyen MH; Levy NS; Ahuja SD; Trieu L; Proops DC; Achkar JM,2019,2/1/19,https://pubmed.ncbi.nlm.nih.gov/30735231/,JAMA network open,10.1001/jamanetworkopen.2018.7617,N/A,
30635841,Increased Presence of Fentanyl in Cocaine-Involved Fatal Overdoses: Implications for Prevention.,Nolan ML; Shamasunder S; Colon-Berezin C; Kunins HV; Paone D,2019,2/1/19,https://pubmed.ncbi.nlm.nih.gov/30635841/,Journal of urban health : bulletin of the New York Academy of Medicine,10.1007/s11524-018-00343-z,Cocaine; Fentanyl; Heroin; Opioid; Overdose,
30594702,Performance evaluation of the Bio-Rad Geenius HIV 1/2 supplemental assay.,Luo W; Sullivan V; Smith T; Peters PJ; Gay C; Westheimer E; Cohen SE; Owen SM; Masciotra S,2019,2/1/19,https://pubmed.ncbi.nlm.nih.gov/30594702/,Journal of clinical virology : the official publication of the Pan American Society for Clinical Virology,10.1016/j.jcv.2018.12.006,Confirmatory tests; Geenius; HIV diagnostics; Multispot; Supplemental tests; Western blot,
30553691,Disparities in Preventable Hospitalizations Among Public Housing Developments.,Yim B; Howland RE; Culp GM; Zhilkova A; Barbot O; Tsao TY,2019,2/1/19,https://pubmed.ncbi.nlm.nih.gov/30553691/,American journal of preventive medicine,10.1016/j.amepre.2018.08.019,N/A,
30479180,"Food insecurity, mental distress and suicidal ideation in rural Africa: Evidence from Nigeria, Uganda and Ghana.",Sweetland AC; Norcini Pala A; Mootz J; Kao JC; Carlson C; Oquendo MA; Cheng B; Belkin G; Wainberg M,2019,2/1/19,https://pubmed.ncbi.nlm.nih.gov/30479180/,The International journal of social psychiatry,10.1177/0020764018814274,Common mental disorders; LMICs; mental health; poverty; social determinants; sub-Saharan Africa,
30278030,"Chlamydia, Gonorrhea, and Human Immunodeficiency Virus Infection Among Transgender Women and Transgender Men Attending Clinics that Provide Sexually Transmitted Disease Services in Six US Cities: Results From the Sexually Transmitted Disease Surveillance Network.",Pitasi MA; Kerani RP; Kohn R; Murphy RD; Pathela P; Schumacher CM; Tabidze I; Llata E,2019,2/1/19,https://pubmed.ncbi.nlm.nih.gov/30278030/,Sexually transmitted diseases,10.1097/OLQ.0000000000000917,N/A,
30278027,Lymphogranuloma Venereum: An Increasingly Common Anorectal Infection Among Men Who Have Sex With Men Attending New York City Sexual Health Clinics.,Pathela P; Jamison K; Kornblum J; Quinlan T; Halse TA; Schillinger JA,2019,2/1/19,https://pubmed.ncbi.nlm.nih.gov/30278027/,Sexually transmitted diseases,10.1097/OLQ.0000000000000921,N/A,
30097817,"Duration Since Never in HIV Care and Immediate Blood-Draw After HIV Diagnosis are Associated with Willingness to Link to Care Following Health Department Outreach, New York City.",Udeagu CN; Huang J; Misra K,2019,2/1/19,https://pubmed.ncbi.nlm.nih.gov/30097817/,AIDS and behavior,10.1007/s10461-018-2246-7,HIV care; HIV care continuum; HIV diagnosis; Linkage to care; Loss to follow-up,
30653482,"Overdose Deaths Involving Fentanyl and Fentanyl Analogs - New York City, 2000-2017.",Colon-Berezin C; Nolan ML; Blachman-Forshay J; Paone D,2019,1/18/19,https://pubmed.ncbi.nlm.nih.gov/30653482/,MMWR. Morbidity and mortality weekly report,10.15585/mmwr.mm6802a3,N/A,
30623611,Outcomes of infants born to women with influenza A(H1N1)pdm09.,Newsome K; Alverson CJ; Williams J; McIntyre AF; Fine AD; Wasserman C; Lofy KH; Acosta M; Louie JK; Jones-Vessey K; Stanfield V; Yeung A; Rasmussen SA,2019,1/15/19,https://pubmed.ncbi.nlm.nih.gov/30623611/,Birth defects research,10.1002/bdr2.1445,2009; H1N1; infant; outcomes; pregnancy,
30620451,Attitudes Toward Individuals With Mental Illness and Substance Use Disorders Among Resident Physicians.,Avery JD; Taylor KE; Kast KA; Kattan J; Gordon-Elliot J; Mauer E; Avery JJ; Penzner JB,2019,1/3/19,https://pubmed.ncbi.nlm.nih.gov/30620451/,The primary care companion for CNS disorders,10.4088/PCC.18m02382,N/A,
31798917,Population-based prevalence and incidence estimates of primary discoid lupus erythematosus from the Manhattan Lupus Surveillance Program.,Izmirly P; Buyon J; Belmont HM; Sahl S; Wan I; Salmon J; Askanase A; Bathon JM; Geraldino-Pardilla L; Ali Y; Ginzler E; Putterman C; Gordon C; Helmick C; Parton H,2019,1/1/19,https://pubmed.ncbi.nlm.nih.gov/31798917/,Lupus science & medicine,10.1136/lupus-2019-000344,Discoid Lupus Erythematosus; Registry; epidemiology,
31647883,"Surveillance-Based Estimate of the Prevalence of Chronic Hepatitis B Virus Infection, New York City, 2016.",Moore MS; Bocour A; Winters A,2019,1/1/19,https://pubmed.ncbi.nlm.nih.gov/31647883/,"Public health reports (Washington, D.C. : 1974)",10.1177/0033354919882962,epidemiology; hepatitis; immigrants; infectious disease; surveillance; urban health,
31623424,"Alcohol-related emergency department visits and income inequality in New York City, USA: an ecological study.",Reilly KH; Bartley K; Paone D; Tuazon E,2019,1/1/19,https://pubmed.ncbi.nlm.nih.gov/31623424/,Epidemiology and health,10.4178/epih.e2019041,Alcohol drinking; New York City; Socioeconomic factors; Urban health,
31550201,Underutilization of medications to treat opioid use disorder: What role does stigma play?,Allen B; Nolan ML; Paone D,2019,1/1/19,https://pubmed.ncbi.nlm.nih.gov/31550201/,Substance abuse,10.1080/08897077.2019.1640833,Opioid use disorder; buprenorphine; health policy; methadone; stigma,
31424330,"Public Health Management of Persons Under Investigation for Ebola Virus Disease in New York City, 2014-2016.",Winters A; Iqbal M; Benowitz I; Baumgartner J; Vora NM; Evans L; Link N; Munjal I; Ostrowsky B; Ackelsberg J; Balter S; Dentinger C; Fine AD; Harper S; Landman K; Laraque F; Layton M; Slavinski S; Weiss D; Rakeman JL; Hughes S; Varma JK; Lee EH,2019,1/1/19,https://pubmed.ncbi.nlm.nih.gov/31424330/,"Public health reports (Washington, D.C. : 1974)",10.1177/0033354919870200,Ebola virus; disease outbreaks; health department,
31369574,Methods to include persons living with HIV not receiving HIV care in the Medical Monitoring Project.,Wei SC; Messina L; Hood J; Hughes A; Jaenicke T; Johnson K; Mena L; Scheer S; Udeagu CC; Wohl A; Robertson M; Prejean J; Chen M; Tang T; Bertolli J; Johnson CH; Skarbinski J,2019,1/1/19,https://pubmed.ncbi.nlm.nih.gov/31369574/,PloS one,10.1371/journal.pone.0219996,N/A,
31321202,Novel use of syndromic surveillance to monitor the impact of synthetic cannabinoid control measures on morbidity.,Nolan ML; Ehntholt A; Merrill T; Weiss D; Lall R; Paone D,2019,1/1/19,https://pubmed.ncbi.nlm.nih.gov/31321202/,Injury epidemiology,10.1186/s40621-019-0210-2,Public health; Surveillance; Syndromic surveillance; Synthetic cannabinoid,
31320807,Implementing Smoke-Free Housing Policies Among Multiunit Housing Owners in New York City Between 2012 and 2015.,Debchoudhury I; Farley SM,2019,1/1/19,https://pubmed.ncbi.nlm.nih.gov/31320807/,Tobacco use insights,10.1177/1179173X19859355,Mutiunit Housing; New York City; Smoke-free Housing,
31245257,"Conducting a study to assess the long-term impacts of injury after 9/11: participation, recall, and description.",Jacobson MH; Brackbill RM; Frazier P; Gargano LM,2019,1/1/19,https://pubmed.ncbi.nlm.nih.gov/31245257/,Injury epidemiology,10.1186/s40621-019-0186-y,Disaster; Injury; Longitudinal study,
31216490,In-flight opioid overdose and the availability of onboard naloxone: An international survey of commercial airlines.,Wang JJ; Poirier V; Carvalho AM; Biary R; Su MK,2019,1/1/19,https://pubmed.ncbi.nlm.nih.gov/31216490/,Travel medicine and infectious disease,10.1016/j.tmaid.2019.06.003,N/A,
35237092,Structural Racism and Severe Maternal Morbidity in New York State.,Liu SY; Fiorentini C; Bailey Z; Huynh M; McVeigh K; Kaplan D,2019,1/1/19,https://pubmed.ncbi.nlm.nih.gov/35237092/,Clinical medicine insights. Women's health,10.1177/1179562X19854778,multilevel regression; severe maternal morbidity; structural racism,
31095441,"Heart Age, Cardiovascular Disease Risk, and Disparities by Sex and Race/Ethnicity Among New York City Adults.",Tabaei BP; Chamany S; Perlman S; Thorpe L; Bartley K; Wu WY,2019,1/1/19,https://pubmed.ncbi.nlm.nih.gov/31095441/,"Public health reports (Washington, D.C. : 1974)",10.1177/0033354919849881,Behavioral Risk Factor Surveillance System; cardiovascular diseases; ethnic groups; gender; health status disparities; risk factors,
31022280,Cost-effectiveness of HIV care coordination scale-up among persons at high risk for sub-optimal HIV care outcomes.,Stevens ER; Nucifora KA; Irvine MK; Penrose K; Robertson M; Kulkarni S; Robbins R; Abraham B; Nash D; Braithwaite RS,2019,1/1/19,https://pubmed.ncbi.nlm.nih.gov/31022280/,PloS one,10.1371/journal.pone.0215965,N/A,
31009259,The Role and Function of the Liaison Officer: Lessons Learned and Applied after Superstorm Sandy.,Sisco S; Jones EMA; Giebelhaus EK; Hadi T; Gonzalez I; Lee Kahn F,2019,1/1/19,https://pubmed.ncbi.nlm.nih.gov/31009259/,Health security,10.1089/hs.2018.0062,Consequence management; Inter-agency coordination; Public health preparedness/response,
30951644,Accelerometer and Survey Data on Patterns of Physical Inactivity in New York City and the United States.,Bartley KF; Eisenhower DL; Harris TG; Lee KK,2019,1/1/19,https://pubmed.ncbi.nlm.nih.gov/30951644/,"Public health reports (Washington, D.C. : 1974)",10.1177/0033354919841855,accelerometer measurements; place-based activity; sedentary lifestyle,
30763150,The Influence of Tobacco Retailer Density and Poverty on Tobacco Use in a Densely Populated Urban Environment.,Farley SM; Maroko AR; Suglia SF; Thorpe LE,2019,1/1/19,https://pubmed.ncbi.nlm.nih.gov/30763150/,"Public health reports (Washington, D.C. : 1974)",10.1177/0033354918824330,multiunit housing; smoking; tobacco retailer density; urban environment; urban health,
30735468,Improving HPV vaccine delivery at school-based health centers.,Oliver K; McCorkell C; Pister I; Majid N; Benkel DH; Zucker JR,2019,1/1/19,https://pubmed.ncbi.nlm.nih.gov/30735468/,Human vaccines & immunotherapeutics,10.1080/21645515.2019.1578596,Human papillomavirus vaccination (HPV); quality improvement; school-based health,
32941746,Considering Potential Unintended Consequences of Collecting Identified Patient Data to Guide Nonfatal Overdose Response.,Paone D; Allen B; Nolan ML,2019,1/1/19,https://pubmed.ncbi.nlm.nih.gov/32941746/,American journal of public health,10.2105/AJPH.2018.304819,N/A,
30554534,"From the Lunch Table, to the Family Table: A Grounded Theory Approach to Understanding Urban Adolescents' Experiences of Food Culture Mismatch between School and Home Environments.",Agaronov A; Entwistle T; Leung MM,2019,1/1/19,https://pubmed.ncbi.nlm.nih.gov/30554534/,Ecology of food and nutrition,10.1080/03670244.2018.1554566,Adolescence; food environment; home; school; theory,
30507772,A Spoonful of Lead: A 10-Year Look at Spices as a Potential Source of Lead Exposure.,Hore P; Alex-Oni K; Sedlar S; Nagin D,2019,1/1/19,https://pubmed.ncbi.nlm.nih.gov/30507772/,Journal of public health management and practice : JPHMP,10.1097/PHH.0000000000000876,N/A,
30495998,"Reduction in Gaps in High CD4 Count and Viral Suppression Between Transgender and Cisgender Persons Living With HIV in New York City, 2007-2016.",Xia Q; Seyoum S; Wiewel EW; Torian LV; Braunstein SL,2019,1/1/19,https://pubmed.ncbi.nlm.nih.gov/30495998/,American journal of public health,10.2105/AJPH.2018.304748,N/A,
30495990,The Legacy of 1987 <i>Boreali v. Axelrod</i>: Board of Health Rule-Making Under Siege.,Perl SB; Merrill TG; Lopez W; Bassett MT,2019,1/1/19,https://pubmed.ncbi.nlm.nih.gov/30495990/,American journal of public health,10.2105/AJPH.2018.304755,N/A,
30299405,Quality of Maternal Height and Weight Data from the Revised Birth Certificate and Pregnancy Risk Assessment Monitoring System.,Deputy NP; Sharma AJ; Bombard JM; Lash TL; Schieve LA; Ramakrishnan U; Stein AD; Nyland-Funke M; Mullachery P; Lee E,2019,1/1/19,https://pubmed.ncbi.nlm.nih.gov/30299405/,"Epidemiology (Cambridge, Mass.)",10.1097/EDE.0000000000000936,N/A,
30299346,Impact of an HIV Care Coordination Program on Durable Viral Suppression.,Robertson MM; Penrose K; Irvine MK; Robbins RS; Kulkarni S; Braunstein SL; Waldron L; Harriman G; Nash D,2019,1/1/19,https://pubmed.ncbi.nlm.nih.gov/30299346/,Journal of acquired immune deficiency syndromes (1999),10.1097/QAI.0000000000001877,N/A,
30296004,"Emergency Preparedness Training for Hospital Nursing Staff, New York City, 2012-2016.",Jacobs-Wingo JL; Schlegelmilch J; Berliner M; Airall-Simon G; Lang W,2019,1/1/19,https://pubmed.ncbi.nlm.nih.gov/30296004/,Journal of nursing scholarship : an official publication of Sigma Theta Tau International Honor Society of Nursing,10.1111/jnu.12425,Curriculum; nurses' disaster preparedness education,
29975342,A Cost Reimbursement Model for Hepatitis C Treatment Care Coordination.,Behrends CN; Eggman AA; Gutkind S; Bresnahan MP; Fluegge K; Laraque F; Litwin AH; Meissner P; Shukla SJ; Perumalswami PV; Weiss J; Wyatt BE; Schackman BR,2019,1/1/19,https://pubmed.ncbi.nlm.nih.gov/29975342/,Journal of public health management and practice : JPHMP,10.1097/PHH.0000000000000806,N/A,
30576279,Using Calibration to Reduce Measurement Error in Prevalence Estimates Based on Electronic Health Records.,Chan PY; Zhao Y; Lim S; Perlman SE; McVeigh KH,2018,12/13/18,https://pubmed.ncbi.nlm.nih.gov/30576279/,Preventing chronic disease,10.5888/pcd15.180371,N/A,
30359110,Estimating the Risk of Exposure to Fentanyl in New York City: Testing Drug Residue in Used Syringes.,Blachman-Forshay J; Nolan ML; McAteer JM; Paone D,2018,12/1/18,https://pubmed.ncbi.nlm.nih.gov/30359110/,American journal of public health,10.2105/AJPH.2018.304694,N/A,
30327451,Severe sociopolitical stressors and preterm births in New York City: 1 September 2015 to 31 August 2017.,Krieger N; Huynh M; Li W; Waterman PD; Van Wye G,2018,12/1/18,https://pubmed.ncbi.nlm.nih.gov/30327451/,Journal of epidemiology and community health,10.1136/jech-2018-211077,ethnicity; health inequalities; policy; reproductive health; surveillance,
30129003,"Correction to: Change in Obesity Prevalence among New York City Adults: the NYC Health and Nutrition Examination Survey, 2004 and 2013-2014.",Rummo P; Kanchi R; Perlman S; Elbel B; Trinh-Shevrin C; Thorpe L,2018,12/1/18,https://pubmed.ncbi.nlm.nih.gov/30129003/,Journal of urban health : bulletin of the New York Academy of Medicine,10.1007/s11524-018-0310-2,N/A,
30117056,"Tracking Declines in Mercury Exposure in the New York City Adult Population, 2004-2014.",McKelvey W; Alex B; Chernov C; Hore P; Palmer CD; Steuerwald AJ; Parsons PJ; Perlman SE,2018,12/1/18,https://pubmed.ncbi.nlm.nih.gov/30117056/,Journal of urban health : bulletin of the New York Academy of Medicine,10.1007/s11524-018-0269-z,Biomonitoring; Blood; Fish; Heavy metals; Mercury; NYC HANES; National Health and Nutrition Examination Survey; New York City; Population health; Seafood; Skin-lightening creams; Surveillance; Urine,
29987773,"Change in Obesity Prevalence among New York City Adults: the NYC Health and Nutrition Examination Survey, 2004 and 2013-2014.",Rummo P; Kanchi R; Perlman S; Elbel B; Trinh-Shevrin C; Thorpe L,2018,12/1/18,https://pubmed.ncbi.nlm.nih.gov/29987773/,Journal of urban health : bulletin of the New York Academy of Medicine,10.1007/s11524-018-0288-9,Diet; Disparities; Obesity; Physical activity; Surveillance; Trends,
29987772,Gender and Race Disparities in Cardiovascular Disease Risk Factors among New York City Adults: New York City Health and Nutrition Examination Survey (NYC HANES) 2013-2014.,Kanchi R; Perlman SE; Chernov C; Wu W; Tabaei BP; Trinh-Shevrin C; Islam N; Seixas A; Rodriguez-Lopez J; Thorpe LE,2018,12/1/18,https://pubmed.ncbi.nlm.nih.gov/29987772/,Journal of urban health : bulletin of the New York Academy of Medicine,10.1007/s11524-018-0287-x,Cardiovascular disease; Disparities; Gender; Intersectionality; NYC HANES; Race,
29987771,Change in Diabetes Prevalence and Control among New York City Adults: NYC Health and Nutrition Examination Surveys 2004-2014.,Thorpe LE; Kanchi R; Chamany S; Rodriguez-Lopez JS; Chernov C; Freeman A; Perlman SE,2018,12/1/18,https://pubmed.ncbi.nlm.nih.gov/29987771/,Journal of urban health : bulletin of the New York Academy of Medicine,10.1007/s11524-018-0285-z,Biomonitoring; Control diabetes; Diabetes; Health inequalities,
29987770,NYC HANES 2013-14 and Reflections on Future Population Health Surveillance.,Perlman SE; Charon Gwynn R; Greene CM; Freeman A; Chernov C; Thorpe LE,2018,12/1/18,https://pubmed.ncbi.nlm.nih.gov/29987770/,Journal of urban health : bulletin of the New York Academy of Medicine,10.1007/s11524-018-0284-0,N/A,
29987769,"Disparities in Sleep Problems by Sexual Orientation among New York City Adults: an Analysis of the New York City Health and Nutrition Examination Survey, 2013-2014.",Duncan DT; Kanchi R; Tantay L; Hernandez M; Letamendi C; Chernov C; Thorpe L,2018,12/1/18,https://pubmed.ncbi.nlm.nih.gov/29987769/,Journal of urban health : bulletin of the New York Academy of Medicine,10.1007/s11524-018-0268-0,"Health disparities; Health equity; Lesbian, gay, bisexual (LGB) health; New York City; Sleep problems",
29987768,The Burden of Depression in New York City Adults: Results from the 2013-14 NYC Health and Nutrition Examination Survey.,Kepler KL; Perlman SE; Chernov C; Thorpe LE; Hoenig J; Norman C,2018,12/1/18,https://pubmed.ncbi.nlm.nih.gov/29987768/,Journal of urban health : bulletin of the New York Academy of Medicine,10.1007/s11524-018-0283-1,Depression; Epidemiology; New York City; PHQ-9; Survey; Urban health,
29458454,Setting Targets for Emergency Preparedness for a Jurisdiction's Whole Health Care System: The Approach Taken by New York City's Department of Health and Mental Hygiene.,Pruitt DD; Gunay E,2018,12/1/18,https://pubmed.ncbi.nlm.nih.gov/29458454/,Disaster medicine and public health preparedness,10.1017/dmp.2017.138,benchmarks; emergency preparedness; health care; system-level; targets,
29352822,Lower Respiratory Symptoms Associated With Environmental and Reconstruction Exposures After Hurricane Sandy.,Gargano LM; Locke S; Jordan HT; Brackbill RM,2018,12/1/18,https://pubmed.ncbi.nlm.nih.gov/29352822/,Disaster medicine and public health preparedness,10.1017/dmp.2017.140,Hurricane Sandy; World Trade Center; respiratory,
29329402,Discovering foodborne illness in online restaurant reviews.,Effland T; Lawson A; Balter S; Devinney K; Reddy V; Waechter H; Gravano L; Hsu D,2018,12/1/18,https://pubmed.ncbi.nlm.nih.gov/29329402/,Journal of the American Medical Informatics Association : JAMIA,10.1093/jamia/ocx093,N/A,
30459146,Using Video Technology to Increase Treatment Completion for Patients With Latent Tuberculosis Infection on 3-Month Isoniazid and Rifapentine: An Implementation Study.,Lam CK; McGinnis Pilote K; Haque A; Burzynski J; Chuck C; Macaraig M,2018,11/20/18,https://pubmed.ncbi.nlm.nih.gov/30459146/,Journal of medical Internet research,10.2196/jmir.9825,computer-assisted therapy; directly observed therapy; mobile phone; telemedicine; videoconferencing,
30451133,"Geospatial cluster analyses of pneumonia-associated hospitalisations among adults in New York City, 2010-2014.",Kache PA; Julien T; Corrado RE; Vora NM; Daskalakis DC; Varma JK; Lucero DE,2018,11/19/18,https://pubmed.ncbi.nlm.nih.gov/30451133/,Epidemiology and infection,10.1017/S0950268818003060,Hospitalisations; New York City; pneumonia,
30403946,"Neisseria gonorrhoeae - Rising Infection Rates, Dwindling Treatment Options.",Blank S; Daskalakis DC,2018,11/8/18,https://pubmed.ncbi.nlm.nih.gov/30403946/,The New England journal of medicine,10.1056/NEJMp1812269,N/A,
30010850,Growth of HIV-1 Molecular Transmission Clusters in New York City.,Wertheim JO; Murrell B; Mehta SR; Forgione LA; Kosakovsky Pond SL; Smith DM; Torian LV,2018,11/5/18,https://pubmed.ncbi.nlm.nih.gov/30010850/,The Journal of infectious diseases,10.1093/infdis/jiy431,N/A,
30383427,Preexposure Prophylaxis Monitoring in New York City: A Public Health Approach.,Myers JE; Edelstein ZR; Daskalakis DC; Gandhi AD; Misra K; Rivera AV; Salcuni PM; Scanlin K; Udeagu CC; Braunstein SL,2018,11/1/18,https://pubmed.ncbi.nlm.nih.gov/30383427/,American journal of public health,10.2105/AJPH.2018.304729,N/A,
30355415,Improved treatment completion with shorter treatment regimens for latent tuberculous infection.,Macaraig MM; Jalees M; Lam C; Burzynski J,2018,11/1/18,https://pubmed.ncbi.nlm.nih.gov/30355415/,The international journal of tuberculosis and lung disease : the official journal of the International Union against Tuberculosis and Lung Disease,10.5588/ijtld.18.0035,N/A,
30099475,"Linking HIV and Viral Hepatitis Surveillance Data: Evaluating a Standard, Deterministic Matching Algorithm Using Data From 6 US Health Jurisdictions.",Bosh KA; Coyle JR; Muriithi NW; Ramaswamy C; Zhou W; Brantley AD; Stockman LJ; VanderBusch L; Westheimer EF; Tang T; Green TA; Hall HI,2018,11/1/18,https://pubmed.ncbi.nlm.nih.gov/30099475/,American journal of epidemiology,10.1093/aje/kwy161,N/A,
29757491,Evaluation of a hepatitis C clinical care coordination programme's effect on treatment initiation and cure: A surveillance-based propensity score matching approach.,Deming R; Ford MM; Moore MS; Lim S; Perumalswami P; Weiss J; Wyatt B; Shukla S; Litwin A; Reynoso S; Laraque F,2018,11/1/18,https://pubmed.ncbi.nlm.nih.gov/29757491/,Journal of viral hepatitis,10.1111/jvh.12929,New York City; care coordination; hepatitis C; propensity score matching; sustained virological response,
29544903,Low dose intramuscular methadone for acute mild to moderate opioid withdrawal syndrome.,Su MK; Lopez JH; Crossa A; Hoffman RS,2018,11/1/18,https://pubmed.ncbi.nlm.nih.gov/29544903/,The American journal of emergency medicine,10.1016/j.ajem.2018.02.019,N/A,
29175025,Witnessed overdoses and naloxone use among visitors to Rikers Island jails trained in overdose rescue.,Huxley-Reicher Z; Maldjian L; Winkelstein E; Siegler A; Paone D; Tuazon E; Nolan ML; Jordan A; MacDonald R; Kunins HV,2018,11/1/18,https://pubmed.ncbi.nlm.nih.gov/29175025/,Addictive behaviors,10.1016/j.addbeh.2017.11.029,Criminal justice; Jail; Naloxone; Opioid; Overdose; Rescue,
30376101,Cavitary Pulmonary Nodules in an Immunocompromised Patient With Urothelial Carcinoma of the Bladder.,Morales A; Mathur-Wagh U; Tran A; Cui I; DeSimone RA; Jenkins SG; Westblade LF; Jones S,2018,10/30/18,https://pubmed.ncbi.nlm.nih.gov/30376101/,Clinical infectious diseases : an official publication of the Infectious Diseases Society of America,10.1093/cid/ciy270,N/A,
30334502,"Simulation of Legionnaires' disease prospective spatiotemporal cluster detection, Allegheny County, Pennsylvania, USA.",Orkis LT; Peterson ER; Brooks MM; Mertz KJ; Harrison LH; Stout JE; Greene SK,2018,10/18/18,https://pubmed.ncbi.nlm.nih.gov/30334502/,Epidemiology and infection,10.1017/S0950268818002789,Epidemiology; Legionaire's disease; surveillance,
31360871,Colorectal Cancer Incidence and Mortality Rates Among New York City Adults Ages 20-54 years during 1976-2015.,Van Beck KC; Jasek J; Roods K; Brown JJ; Farley SM; List JM,2018,10/1/18,https://pubmed.ncbi.nlm.nih.gov/31360871/,JNCI cancer spectrum,10.1093/jncics/pky048,N/A,
30277815,HIV Care and Viral Load Suppression After Sexual Health Clinic Visits by Out-of-Care HIV-Positive Persons.,Tymejczyk O; Jamison K; Pathela P; Braunstein S; Schillinger JA; Nash D,2018,10/1/18,https://pubmed.ncbi.nlm.nih.gov/30277815/,AIDS patient care and STDs,10.1089/apc.2018.0097,HIV care continuum; implementation science; linkage to HIV care; sexual health clinic; viral load suppression,
30086802,Sampling considerations for a potential Zika virus urosurvey in New York City.,Thompson CN; Lee CT; Immerwahr S; Resnick S; Culp G; Greene SK,2018,10/1/18,https://pubmed.ncbi.nlm.nih.gov/30086802/,Epidemiology and infection,10.1017/S0950268818002236,Local transmission; Zika virus; sampling; urosurvey,
30051238,Power Outage Preparedness and Concern among Vulnerable New York City Residents.,Dominianni C; Ahmed M; Johnson S; Blum M; Ito K; Lane K,2018,10/1/18,https://pubmed.ncbi.nlm.nih.gov/30051238/,Journal of urban health : bulletin of the New York Academy of Medicine,10.1007/s11524-018-0296-9,Climate change; Power outage; Preparedness; Vulnerable populations,
29905642,"Alcohol and Drug-Related Mortality Among Enrollees in the World Trade Center Health Registry (WTCHR), 2004 to 2012.",Welch AE; Zweig KC; Liao T; Yip J; Davidson A; Jordan H; Brackbill R; Cone J,2018,10/1/18,https://pubmed.ncbi.nlm.nih.gov/29905642/,Journal of occupational and environmental medicine,10.1097/JOM.0000000000001384,N/A,
29532478,Impact of a New York City Supportive Housing Program on Housing Stability and Preventable Health Care among Homeless Families.,Lim S; Singh TP; Hall G; Walters S; Gould LH,2018,10/1/18,https://pubmed.ncbi.nlm.nih.gov/29532478/,Health services research,10.1111/1475-6773.12849,Administrative data uses; Medicaid; homeless populations,
29199546,"Social networks, migration, and HIV testing among Latinos in a new immigrant destination: Insights from a qualitative study.",Barrington C; Gandhi A; Gill A; Villa Torres L; Brietzke MP; Hightow-Weidman L,2018,10/1/18,https://pubmed.ncbi.nlm.nih.gov/29199546/,Global public health,10.1080/17441692.2017.1409783,HIV testing; Latinos; Social networks; context; migration,
30215381,Treatment correlates of successful outcomes in pulmonary multidrug-resistant tuberculosis: an individual patient data meta-analysis.,Collaborative Group for the Meta-Analysis of Individual Patient Data in MDR-TB treatment–2017; Ahmad N; Ahuja SD; Akkerman OW; Alffenaar JC; Anderson LF; Baghaei P; Bang D; Barry PM; Bastos ML; Behera D; Benedetti A; Bisson GP; Boeree MJ; Bonnet M; Brode SK; Brust JCM; Cai Y; Caumes E; Cegielski JP; Centis R; Chan PC; Chan ED; Chang KC; Charles M; Cirule A; Dalcolmo MP; D'Ambrosio L; de Vries G; Dheda K; Esmail A; Flood J; Fox GJ; Fréchet-Jachym M; Fregona G; Gayoso R; Gegia M; Gler MT; Gu S; Guglielmetti L; Holtz TH; Hughes J; Isaakidis P; Jarlsberg L; Kempker RR; Keshavjee S; Khan FA; Kipiani M; Koenig SP; Koh WJ; Kritski A; Kuksa L; Kvasnovsky CL; Kwak N; Lan Z; Lange C; Laniado-Laborín R; Lee M; Leimane V; Leung CC; Leung EC; Li PZ; Lowenthal P; Maciel EL; Marks SM; Mase S; Mbuagbaw L; Migliori GB; Milanov V; Miller AC; Mitnick CD; Modongo C; Mohr E; Monedero I; Nahid P; Ndjeka N; O'Donnell MR; Padayatchi N; Palmero D; Pape JW; Podewils LJ; Reynolds I; Riekstina V; Robert J; Rodriguez M; Seaworth B; Seung KJ; Schnippel K; Shim TS; Singla R; Smith SE; Sotgiu G; Sukhbaatar G; Tabarsi P; Tiberi S; Trajman A; Trieu L; Udwadia ZF; van der Werf TS; Veziris N; Viiklepp P; Vilbrun SC; Walsh K; Westenhouse J; Yew WW; Yim JJ; Zetola NM; Zignol M; Menzies D,2018,9/8/18,https://pubmed.ncbi.nlm.nih.gov/30215381/,"Lancet (London, England)",10.1016/S0140-6736(18)31644-1,N/A,
30181540,"Comments on ""Rolling epidemic of Legionnaires' disease outbreaks in small geographic areas"".",Greene SK; Fitzhenry R; Gutelius B,2018,9/5/18,https://pubmed.ncbi.nlm.nih.gov/30181540/,Emerging microbes & infections,10.1038/s41426-018-0152-8,N/A,
31251724,Effects of Interventions Addressing School Environments or Educational Assets on Adolescent Sexual Health: Systematic Review and Meta-analysis.,Peterson AJ; Donze M; Allen E; Bonell C,2018,9/1/18,https://pubmed.ncbi.nlm.nih.gov/31251724/,International perspectives on sexual and reproductive health,10.1363/44e6818,N/A,
30121010,"Neighborhood food environment, dietary fatty acid biomarkers, and cardiac arrest risk.",Mooney SJ; Lemaitre RN; Siscovick DS; Hurvitz P; Goh CE; Kaufman TK; Zulaika G; Sheehan DM; Sotoodehnia N; Lovasi GS,2018,9/1/18,https://pubmed.ncbi.nlm.nih.gov/30121010/,Health & place,10.1016/j.healthplace.2018.08.004,Food supply; Out-of-hospital cardiac arrest; Residence characteristics; Sudden cardiac death; Trans fatty acids,
30095784,Rectal Chlamydia trachomatis and Neisseria gonorrhoeae Infections Among Women Reporting Anal Intercourse.,Llata E; Braxton J; Asbel L; Chow J; Jenkins L; Murphy R; Pathela P; Schumacher C; Torrone E,2018,9/1/18,https://pubmed.ncbi.nlm.nih.gov/30095784/,Obstetrics and gynecology,10.1097/AOG.0000000000002804,N/A,
30088996,The Two Faces of Fear: A History of Hard-Hitting Public Health Campaigns Against Tobacco and AIDS.,Fairchild AL; Bayer R; Green SH; Colgrove J; Kilgore E; Sweeney M; Varma JK,2018,9/1/18,https://pubmed.ncbi.nlm.nih.gov/30088996/,American journal of public health,10.2105/AJPH.2018.304516,N/A,
30073293,Public Health Consequences of a 2013 Measles Outbreak in New York City.,Rosen JB; Arciuolo RJ; Khawja AM; Fu J; Giancotti FR; Zucker JR,2018,9/1/18,https://pubmed.ncbi.nlm.nih.gov/30073293/,JAMA pediatrics,10.1001/jamapediatrics.2018.1024,N/A,
29984143,"Prevalence of and factors associated with mammography and prostate-specific antigen screening among World Trade Center Health Registry enrollees, 2015-2016.",Yung J; Li J; Jordan HT; Cone JE,2018,9/1/18,https://pubmed.ncbi.nlm.nih.gov/29984143/,Preventive medicine reports,10.1016/j.pmedr.2018.05.004,Breast; Cancer; Disaster; Mammography; Prostate; Prostate specific antigen; Rescue and recovery; Screening; WTC; World Trade Center,
29932040,"Estimating the prevalence of chronic hepatitis C virus infection in New York City, 2015.",Bocour A; Greene SK; Laraque F; Winters A,2018,9/1/18,https://pubmed.ncbi.nlm.nih.gov/29932040/,Epidemiology and infection,10.1017/S095026881800170X,Estimating; hepatitis C; prevalence of disease; surveillance,
29788080,Using Registry Data to Construct a Comparison Group for Programmatic Effectiveness Evaluation: The New York City HIV Care Coordination Program.,Robertson MM; Waldron L; Robbins RS; Chamberlin S; Penrose K; Levin B; Kulkarni S; Braunstein SL; Irvine MK; Nash D,2018,9/1/18,https://pubmed.ncbi.nlm.nih.gov/29788080/,American journal of epidemiology,10.1093/aje/kwy103,N/A,
29737441,Long-Term Supportive Housing is Associated with Decreased Risk for New HIV Diagnoses Among a Large Cohort of Homeless Persons in New York City.,Lee CT; Winquist A; Wiewel EW; Braunstein S; Jordan HT; Gould LH; Gwynn RC; Lim S,2018,9/1/18,https://pubmed.ncbi.nlm.nih.gov/29737441/,AIDS and behavior,10.1007/s10461-018-2138-x,HIV prevention; Housing; Marginal structural models; Propensity score analysis; Survival analysis,
29624804,Dialysis facility screening and testing practices in the era of improved hepatitis C treatment.,Moore MS; Bocour A; Winters A,2018,9/1/18,https://pubmed.ncbi.nlm.nih.gov/29624804/,Journal of viral hepatitis,10.1111/jvh.12907,: dialysis; hepatitis C; repeat testing; screening; treatment,
29468492,"Exchange Sex Among Persons Who Inject Drugs in the New York Metropolitan Area: The Importance of Local Context, Gender and Sexual Identity.",Walters SM; Rivera AV; Reilly KH; Anderson BJ; Bolden B; Wogayehu A; Neaigus A; Braunstein S,2018,9/1/18,https://pubmed.ncbi.nlm.nih.gov/29468492/,AIDS and behavior,10.1007/s10461-018-2039-z,Exchange sex; Inequalities; Injection drug use; LGB; Sexualities,
29465651,"The Epidemiology of Syphilis in New York City: Historic Trends and the Current Outbreak Among Men Who Have Sex With Men, 2016.",Schillinger JA; Slutsker JS; Pathela P; Klingler EJ; Hennessy RR; Toro B; Blank S,2018,9/1/18,https://pubmed.ncbi.nlm.nih.gov/29465651/,Sexually transmitted diseases,10.1097/OLQ.0000000000000796,N/A,
29465646,"New Human Immunodeficiency Virus Diagnoses Among Men Who Have Sex With Men Attending Sexually Transmitted Disease Clinics, STD Surveillance Network, January 2010 to June 2013.",Llata E; Braxton J; Asbel L; Kerani RP; Murphy R; Pugsley R; Pathela P; Schumacher C; Tabidze I; Weinstock HS,2018,9/1/18,https://pubmed.ncbi.nlm.nih.gov/29465646/,Sexually transmitted diseases,10.1097/OLQ.0000000000000802,N/A,
29894382,"Transition from paediatric to adult care among persons with perinatal HIV infection in New York City, 2006-2015.",Xia Q; Abraham B; Shah D; Ramaswamy C; Braunstein SL; Torian LV,2018,8/24/18,https://pubmed.ncbi.nlm.nih.gov/29894382/,"AIDS (London, England)",10.1097/QAD.0000000000001923,N/A,
29509877,"Sex Difference in Meningococcal Disease Mortality, New York City, 2008-2016.",Bloch D; Murray K; Peterson E; Ngai S; Rubinstein I; Halse TA; Ezeoke I; Miller L; Arakaki L; Ramautar A; Antwi M; Del Rosso P; Dorsinville M; Clark S; Halbrook M; Kennedy J; Braunstein S; Weiss D,2018,8/16/18,https://pubmed.ncbi.nlm.nih.gov/29509877/,Clinical infectious diseases : an official publication of the Infectious Diseases Society of America,10.1093/cid/ciy183,N/A,
30103760,Punching above their weight: a network to understand broader determinants of increasing life expectancy.,Baum F; Popay J; Delany-Crowe T; Freeman T; Musolino C; Alvarez-Dardet C; Ariyaratne V; Baral K; Basinga P; Bassett M; Bishai DM; Chopra M; Friel S; Giugliani E; Hashimoto H; Macinko J; McKee M; Nguyen HT; Schaay N; Solar O; Thiagarajan S; Sanders D,2018,8/13/18,https://pubmed.ncbi.nlm.nih.gov/30103760/,International journal for equity in health,10.1186/s12939-018-0832-y,Civil society; Gender equity; Health equity; Health improvement; Life expectancy; Politics of health; Social determinants of health,
29995729,"Zika Virus Infection Among Pregnant Women and Their Neonates in New York City, January 2016-June 2017.",Conners EE; Lee EH; Thompson CN; McGibbon E; Rakeman JL; Iwamoto M; Cooper H; Vora NM; Limberger RJ; Fine AD; Liu D; Slavinski S; Zika Working Group,2018,8/1/18,https://pubmed.ncbi.nlm.nih.gov/29995729/,Obstetrics and gynecology,10.1097/AOG.0000000000002737,N/A,
29907850,Behavior problems in adolescence and subsequent mental health in early adulthood: results from the World Trade Center Health Registry Cohort.,Gargano LM; Locke S; Li J; Farfel MR,2018,8/1/18,https://pubmed.ncbi.nlm.nih.gov/29907850/,Pediatric research,10.1038/s41390-018-0050-8,N/A,
29851739,"Risk of Stroke Among Survivors of the September 11, 2001, World Trade Center Disaster.",Yu S; Alper HE; Nguyen AM; Brackbill RM,2018,8/1/18,https://pubmed.ncbi.nlm.nih.gov/29851739/,Journal of occupational and environmental medicine,10.1097/JOM.0000000000001361,N/A,
29617951,Non-mumps Viral Parotitis During the 2014-2015 Influenza Season in the United States.,Elbadawi LI; Talley P; Rolfes MA; Millman AJ; Reisdorf E; Kramer NA; Barnes JR; Blanton L; Christensen J; Cole S; Danz T; Dreisig JJ; Garten R; Haupt T; Isaac BM; Jackson MA; Kocharian A; Leifer D; Martin K; McHugh L; McNall RJ; Palm J; Radford KW; Robinson S; Rosen JB; Sakthivel SK; Shult P; Strain AK; Turabelidze G; Webber LA; Weinberg MP; Wentworth DE; Whitaker BL; Finelli L; Jhung MA; Lynfield R; Davis JP,2018,8/1/18,https://pubmed.ncbi.nlm.nih.gov/29617951/,Clinical infectious diseases : an official publication of the Infectious Diseases Society of America,10.1093/cid/ciy137,N/A,
29577654,"Flea market finds and global exports: Four multistate outbreaks of human Salmonella infections linked to small turtles, United States-2015.",Gambino-Shirley K; Stevenson L; Concepción-Acevedo J; Trees E; Wagner D; Whitlock L; Roberts J; Garrett N; Van Duyne S; McAllister G; Schick B; Schlater L; Peralta V; Reporter R; Li L; Waechter H; Gomez T; Fernández Ordenes J; Ulloa S; Ragimbeau C; Mossong J; Nichols M,2018,8/1/18,https://pubmed.ncbi.nlm.nih.gov/29577654/,Zoonoses and public health,10.1111/zph.12466,Salmonella; children; international; outbreak; turtles; zoonoses,
29465634,"Prescription of Preexposure Prophylaxis to Men Who Have Sex With Men Diagnosed and Reported With Gonorrhea, STD Surveillance Network, 2016.",Ramirez V; Han E; Stoltey J; Nguyen TQ; Pathela P; Tourdot L; Walters J; Bell T; Torrone E; Stenger M,2018,8/1/18,https://pubmed.ncbi.nlm.nih.gov/29465634/,Sexually transmitted diseases,10.1097/OLQ.0000000000000812,N/A,
28940537,Spending per Medicare Beneficiary Is Higher in Hospital-Owned Small- and Medium-Sized Physician Practices.,Pesko MF; Ryan AM; Shortell SM; Copeland KR; Ramsay PP; Sun X; Mendelsohn JL; Rittenhouse DR; Casalino LP,2018,8/1/18,https://pubmed.ncbi.nlm.nih.gov/28940537/,Health services research,10.1111/1475-6773.12765,Ambulatory/outpatient care; health care organizations and systems; ownership/governance,
30254787,"Identifying Areas at Greatest Risk for Recent Zika Virus Importation - New York City, 2016.",Greene SK; Lim S; Fine A,2018,7/25/18,https://pubmed.ncbi.nlm.nih.gov/30254787/,PLoS currents,10.1371/currents.outbreaks.00dd49d24b62731f87f12b0e657aa04c,Surveillance; Zika; importation; statistical model; zika virus,
29986484,"Awareness, Risk Perception, and Protective Behaviors for Extreme Heat and Climate Change in New York City.",Madrigano J; Lane K; Petrovic N; Ahmed M; Blum M; Matte T,2018,7/7/18,https://pubmed.ncbi.nlm.nih.gov/29986484/,International journal of environmental research and public health,10.3390/ijerph15071433,climate change; extreme heat; public health preparedness; risk perception; vulnerable populations,
31106275,Telementoring of primary care providers delivering hepatitis C treatment in New York City: Results from Project INSPIRE.,Teixeira PA; Bresnahan MP; Laraque F; Litwin AH; Shukla SJ; Schwartz JM; Reynoso S; Perumalswami PV; Weiss JM; Wyatt B; Schackman BR,2018,7/1/18,https://pubmed.ncbi.nlm.nih.gov/31106275/,Learning health systems,10.1002/lrh2.10056,HCV treatment; care coordination; provider satisfaction; telementoring,
30019001,"Effect of Hepatocellular Carcinoma on Mortality Among Individuals With Hepatitis B or Hepatitis C Infection in New York City, 2001-2012.",Moore MS; Bocour A; Tran OC; Qiao B; Schymura MJ; Laraque F; Winters A,2018,7/1/18,https://pubmed.ncbi.nlm.nih.gov/30019001/,Open forum infectious diseases,10.1093/ofid/ofy144,HIV coinfection; hepatocellular carcinoma; survival; viral hepatitis,
29995958,Treatment and outcomes in children with multidrug-resistant tuberculosis: A systematic review and individual patient data meta-analysis.,Harausz EP; Garcia-Prats AJ; Law S; Schaaf HS; Kredo T; Seddon JA; Menzies D; Turkova A; Achar J; Amanullah F; Barry P; Becerra M; Chan ED; Chan PC; Ioana Chiotan D; Crossa A; Drobac PC; Fairlie L; Falzon D; Flood J; Gegia M; Hicks RM; Isaakidis P; Kadri SM; Kampmann B; Madhi SA; Marais E; Mariandyshev A; Méndez-Echevarría A; Moore BK; Nargiza P; Ozere I; Padayatchi N; Ur-Rehman S; Rybak N; Santiago-Garcia B; Shah NS; Sharma S; Shim TS; Skrahina A; Soriano-Arandes A; van den Boom M; van der Werf MJ; van der Werf TS; Williams B; Yablokova E; Yim JJ; Furin J; Hesseling AC; Collaborative Group for Meta-Analysis of Paediatric Individual Patient Data in MDR-TB,2018,7/1/18,https://pubmed.ncbi.nlm.nih.gov/29995958/,PLoS medicine,10.1371/journal.pmed.1002591,N/A,
29874500,Potential Misclassification of HIV-Positive Persons As Transgender Men.,Wiewel EW; Harris AB; Xia Q; Daskalakis D,2018,7/1/18,https://pubmed.ncbi.nlm.nih.gov/29874500/,American journal of public health,10.2105/AJPH.2018.304440,N/A,
29873247,Hot Weather Impacts on New York City Restaurant Food Safety Violations and Operations.,Dominianni C; Lane K; Ahmed M; Johnson S; McKELVEY W; Ito K,2018,7/1/18,https://pubmed.ncbi.nlm.nih.gov/29873247/,Journal of food protection,10.4315/0362-028X.JFP-17-490,Cold food holding; Emergency preparedness; Food safety; Foodborne illness; Restaurants; Temperature,
29742003,"Epidemiological Characteristics and Laboratory Findings of Zika Virus Cases in New York City, January 1, 2016-June 30, 2017.",McGibbon E; Moy M; Vora NM; Dupuis A; Fine A; Kulas K; Limberger R; Liu D; Rakeman J; St George K; Slavinski S,2018,7/1/18,https://pubmed.ncbi.nlm.nih.gov/29742003/,"Vector borne and zoonotic diseases (Larchmont, N.Y.)",10.1089/vbz.2017.2223,Zika virus; diagnosis; epidemiology; surveillance,
29691230,Using Indirect Measures to Identify Geographic Hot Spots of Poor Glycemic Control: Cross-sectional Comparisons With an A1C Registry.,Lee DC; Jiang Q; Tabaei BP; Elbel B; Koziatek CA; Konty KJ; Wu WY,2018,7/1/18,https://pubmed.ncbi.nlm.nih.gov/29691230/,Diabetes care,10.2337/dc18-0181,N/A,
29673885,Optimizing the impact of alcohol and drug screening and early intervention in a high-risk population receiving services in New York City sexual health clinics: A process and outcome evaluation of Project Renew.,Harris BR; Yu J; Wolff M; Rogers M; Blank S,2018,7/1/18,https://pubmed.ncbi.nlm.nih.gov/29673885/,Preventive medicine,10.1016/j.ypmed.2018.04.018,Brief intervention; HIV; New York City; SBIRT; STD; Screening; Sexual health; Sexually transmitted disease; Substance use,
29509589,Gaps Along the HIV Care Continuum: Findings Among a Population Seeking Sexual Health Care Services in New York City.,Pathela P; Jamison K; Braunstein SL; Schillinger JA; Tymejczyk O; Nash D,2018,7/1/18,https://pubmed.ncbi.nlm.nih.gov/29509589/,Journal of acquired immune deficiency syndromes (1999),10.1097/QAI.0000000000001674,N/A,
29940918,Impact of geographic distance on appraisal delay for active TB treatment seeking in Uganda: a network analysis of the Kawempe Community Health Cohort Study.,Fluegge K; Malone LL; Nsereko M; Okware B; Wejse C; Kisingo H; Mupere E; Boom WH; Stein CM,2018,6/26/18,https://pubmed.ncbi.nlm.nih.gov/29940918/,BMC public health,10.1186/s12889-018-5648-6,Health services research; Healthcare access; Mycobacterium tuberculosis; Treatment delay,
29898890,Role of government policy in nutrition-barriers to and opportunities for healthier eating.,Mozaffarian D; Angell SY; Lang T; Rivera JA,2018,6/13/18,https://pubmed.ncbi.nlm.nih.gov/29898890/,BMJ (Clinical research ed.),10.1136/bmj.k2426,N/A,
29977957,Redefining Prevention and Care: A Status-Neutral Approach to HIV.,Myers JE; Braunstein SL; Xia Q; Scanlin K; Edelstein Z; Harriman G; Tsoi B; Andaluz A; Yu E; Daskalakis D,2018,6/1/18,https://pubmed.ncbi.nlm.nih.gov/29977957/,Open forum infectious diseases,10.1093/ofid/ofy097,HIV; antiretrovirals; continuum; pre-exposure prophylaxis; prevention,
29894117,Health Impacts of Citywide and Localized Power Outages in New York City.,Dominianni C; Lane K; Johnson S; Ito K; Matte T,2018,6/1/18,https://pubmed.ncbi.nlm.nih.gov/29894117/,Environmental health perspectives,10.1289/EHP2154,N/A,
31442160,A Taxonomic Checklist and Relative Abundance of the Mosquitoes of New York City.,Bajwa WI,2018,6/1/18,https://pubmed.ncbi.nlm.nih.gov/31442160/,Journal of the American Mosquito Control Association,10.2987/18-6738.1,Checklist; Culicidae; New York City; distribution; mosquitoes,
29790259,Monitoring and evaluation framework for hypertension programs. A collaboration between the Pan American Health Organization and World Hypertension League.,Campbell NRC; Ordunez P; DiPette DJ; Giraldo GP; Angell SY; Jaffe MG; Lackland D; Martinez R; Valdez Y; Maldonado Figueredo JI; Paccot M; Santana MJ; Whelton PK,2018,6/1/18,https://pubmed.ncbi.nlm.nih.gov/29790259/,"Journal of clinical hypertension (Greenwich, Conn.)",10.1111/jch.13307,N/A,
29686275,Air pollution and Crohn's disease risk.,Fluegge K; Fluegge K,2018,6/1/18,https://pubmed.ncbi.nlm.nih.gov/29686275/,The American journal of gastroenterology,10.1038/s41395-018-0063-2,N/A,
29666018,A Bayesian evidence synthesis approach to estimate disease prevalence in hard-to-reach populations: hepatitis C in New York City.,Tan S; Makela S; Heller D; Konty K; Balter S; Zheng T; Stark JH,2018,6/1/18,https://pubmed.ncbi.nlm.nih.gov/29666018/,Epidemics,10.1016/j.epidem.2018.01.002,Bayesian evidence synthesis; Disease prevalence estimation; Hard-to-reach populations; Injecting drug use; hepatitis C in New York City,
29627406,"Post-9/11 drug- and alcohol- related hospitalizations among World Trade Center Health Registry enrollees, 2003-2010.",Hirst A; Miller-Archie SA; Welch AE; Li J; Brackbill RM,2018,6/1/18,https://pubmed.ncbi.nlm.nih.gov/29627406/,Drug and alcohol dependence,10.1016/j.drugalcdep.2018.01.028,Alcohol hospitalization; Drug hospitalization; Longitudinal study; Post-traumatic stress disorder; World Trade Center,
29626077,New York City's window guard policy: four decades of success.,Toprani A; Robinson M; Middleton Iii JK; Hamade A; Merrill T,2018,6/1/18,https://pubmed.ncbi.nlm.nih.gov/29626077/,Injury prevention : journal of the International Society for Child and Adolescent Injury Prevention,10.1136/injuryprev-2017-042649,child; fall; policy,
29392814,"The New York City Mental Health Needs Assessment Study (MHNAS): Objectives, design, and methods.",Norman CC; McDonald K; Schneider AE; Malinovsky I; Goldmann E; Blauschild MK; Driver C,2018,6/1/18,https://pubmed.ncbi.nlm.nih.gov/29392814/,International journal of methods in psychiatric research,10.1002/mpr.1606,mental health needs assessment; mental health service needs; psychiatric epidemiology; psychiatric hospitalization; social needs,
29126100,"Using Reports of Latent Tuberculosis Infection Among Young Children to Identify Tuberculosis Transmission in New York City, 2006-2012.",Slutsker JS; Trieu L; Crossa A; Ahuja SD,2018,6/1/18,https://pubmed.ncbi.nlm.nih.gov/29126100/,American journal of epidemiology,10.1093/aje/kwx354,N/A,
28510706,"Two Imported Cases of Congenital Rubella Syndrome and Infection-Control Challenges in New York State, 2013-2015.",Robyn M; Dufort E; Rosen JB; Southwick K; Bryant PW; Greenko J; Adams E; Kurpiel P; Alvarez KJ; Burstein G; Sen K; Vasquez D; Rausch-Phung E; Schulte C; Lutterloh E; Blog D,2018,5/15/18,https://pubmed.ncbi.nlm.nih.gov/28510706/,Journal of the Pediatric Infectious Diseases Society,10.1093/jpids/pix028,N/A,
29750551,Where Are They Now? Assessing if Persons Returned to HIV Care Following Loss to Follow-Up by Public Health Case Workers Were Engaged in Care in Follow-Up Years.,Udeagu CN; Shah S; Misra K; Sepkowitz KA; Braunstein SL,2018,5/1/18,https://pubmed.ncbi.nlm.nih.gov/29750551/,AIDS patient care and STDs,10.1089/apc.2018.0004,HIV; cohort study; engagement in care; health departments; out of care; retention in care; viral load,
29731041,Attention-Deficit/Hyperactivity Disorder and Comorbid Asthma.,Fluegge K; Fluegge K,2018,5/1/18,https://pubmed.ncbi.nlm.nih.gov/29731041/,Chest,10.1016/j.chest.2018.01.052,N/A,
29637808,Retail Deli Slicer Inspection Practices: An EHS-Net Study.,Lipcsei LE; Brown LG; Hoover ER; Faw BV; Hedeen N; Matis B; Nicholas D; Ripley D,2018,5/1/18,https://pubmed.ncbi.nlm.nih.gov/29637808/,Journal of food protection,10.4315/0362-028X.JFP-17-407,Food safety; Listeria monocytogenes; Retail deli; Slicer; U.S. Food and Drug Administration Food Code,
29636119,HIV and viral hepatitis coinfection analysis using surveillance data from 15 US states and two cities.,Bosh KA; Coyle JR; Hansen V; Kim EM; Speers S; Comer M; Maddox LM; Khuwaja S; Zhou W; Jatta A; Mayer R; Brantley AD; Muriithi NW; Bhattacharjee R; Flynn C; Bouton L; John B; Keusch J; Barber CA; Sweet K; Ramaswamy C; Westheimer EF; VanderBusch L; Nishimura A; Vu A; Hoffman-Arriaga L; Rowlinson E; Carter AO; Yerkes LE; Li W; Reuer JR; Stockman LJ; Tang T; Brooks JT; Teshale EH; Hall HI,2018,5/1/18,https://pubmed.ncbi.nlm.nih.gov/29636119/,Epidemiology and infection,10.1017/S0950268818000766,Coinfection; HIV/AIDS; Hepatitis B; Hepatitis C; Public Health Surveillance,
29565667,"Undiagnosed HIV and HCV Infection in a New York City Emergency Department, 2015.",Torian LV; Felsen UR; Xia Q; Laraque F; Rude EJ; Rose H; Cole A; Bocour A; Williams GJ; Bridgforth RF; Forgione LA; Doo H; Braunstein SL; Daskalakis DC; Zingman BS,2018,5/1/18,https://pubmed.ncbi.nlm.nih.gov/29565667/,American journal of public health,10.2105/AJPH.2018.304321,N/A,
29530388,A review of the 1918 herald pandemic wave: importance for contemporary pandemic response strategies.,Simonsen L; Chowell G; Andreasen V; Gaffey R; Barry J; Olson D; Viboud C,2018,5/1/18,https://pubmed.ncbi.nlm.nih.gov/29530388/,Annals of epidemiology,10.1016/j.annepidem.2018.02.013,1918 pandemic; Age patterns; Excess mortality; Herald wave; Influenza; Pandemic preparedness; Severity; Transmissibility,
29498545,Food Safety Practices Linked with Proper Refrigerator Temperatures in Retail Delis.,Brown LG; Hoover ER; Faw BV; Hedeen NK; Nicholas D; Wong MR; Shepherd C; Gallagher DL; Kause JR,2018,5/1/18,https://pubmed.ncbi.nlm.nih.gov/29498545/,Foodborne pathogens and disease,10.1089/fpd.2017.2358,"FDA Food Code; Listeria monocytogenes,; food safety; refrigerated storage; retail delis; risk assessment; temperatures",
29477875,"Mortality among rescue and recovery workers and community members exposed to the September 11, 2001 World Trade Center terrorist attacks, 2003-2014.",Jordan HT; Stein CR; Li J; Cone JE; Stayner L; Hadler JL; Brackbill RM; Farfel MR,2018,5/1/18,https://pubmed.ncbi.nlm.nih.gov/29477875/,Environmental research,10.1016/j.envres.2018.01.004,Cardiovascular diseases/mortality; Cause of death; New York City/epidemiology; Registries; September 11 Terrorist Attacks,
29454851,"Declines in adult blood lead levels in New York City compared with the United States, 2004-2014.",Feinberg A; McKelvey W; Hore P; Kanchi R; Parsons PJ; Palmer CD; Thorpe LE,2018,5/1/18,https://pubmed.ncbi.nlm.nih.gov/29454851/,Environmental research,10.1016/j.envres.2018.01.049,Adults; Biomonitoring; Blood lead; Disparities; NYC HANES,
29411656,Adapting Evidence-Based Teen Pregnancy Programs to Be LGBT-Inclusive: Lessons Learned.,Boyce KS; Travers M; Rothbart B; Santiago V; Bedell J,2018,5/1/18,https://pubmed.ncbi.nlm.nih.gov/29411656/,Health promotion practice,10.1177/1524839918756888,LGBT inclusivity; New York City; New York City Department of Education; New York City Department of Health and Mental Hygiene; Reducing the Risk; South Bronx; child adolescent health; evidence-based programs; pregnancy prevention; school health curriculum; sexual health,
29350791,"Comparison of outpatient medically attended and community-level influenza-like illness-New York City, 2013-2015.",Russell KE; Fowlkes A; Stockwell MS; Vargas CY; Saiman L; Larson EL; LaRussa P; Di Lonardo S; Popowich M; St George K; Steffens A; Reed C,2018,5/1/18,https://pubmed.ncbi.nlm.nih.gov/29350791/,Influenza and other respiratory viruses,10.1111/irv.12540,community surveillance; influenza; influenza-like illness; respiratory viruses,
29780175,"Rapid Identification of a Cooling Tower-Associated Legionnaires' Disease Outbreak Supported by Polymerase Chain Reaction Testing of Environmental Samples, New York City, 2014-2015.",Benowitz I; Fitzhenry R; Boyd C; Dickinson M; Levy M; Lin Y; Nazarian E; Ostrowsky B; Passaretti T; Rakeman J; Saylors A; Shamoonian E; Smith TA; Balter S,2018,4/1/18,https://pubmed.ncbi.nlm.nih.gov/29780175/,Journal of environmental health,N/A,N/A,
29608365,Primary Care Practices' Abilities And Challenges In Using Electronic Health Record Data For Quality Improvement.,Cohen DJ; Dorr DA; Knierim K; DuBard CA; Hemler JR; Hall JD; Marino M; Solberg LI; McConnell KJ; Nichols LM; Nease DE; Edwards ST; Wu WY; Pham-Singer H; Kho AN; Phillips RL; Rasmussen LV; Duffy FD; Balasubramanian BA,2018,4/1/18,https://pubmed.ncbi.nlm.nih.gov/29608365/,Health affairs (Project Hope),10.1377/hlthaff.2017.1254,Clinical Quality Measures; Electronic Health Records; Meaningful Use; Primary Care; Quality Improvement,
29595509,Comparison of different treatments for isoniazid-resistant tuberculosis: an individual patient data meta-analysis.,Fregonese F; Ahuja SD; Akkerman OW; Arakaki-Sanchez D; Ayakaka I; Baghaei P; Bang D; Bastos M; Benedetti A; Bonnet M; Cattamanchi A; Cegielski P; Chien JY; Cox H; Dedicoat M; Erkens C; Escalante P; Falzon D; Garcia-Prats AJ; Gegia M; Gillespie SH; Glynn JR; Goldberg S; Griffith D; Jacobson KR; Johnston JC; Jones-López EC; Khan A; Koh WJ; Kritski A; Lan ZY; Lee JH; Li PZ; Maciel EL; Galliez RM; Merle CSC; Munang M; Narendran G; Nguyen VN; Nunn A; Ohkado A; Park JS; Phillips PPJ; Ponnuraja C; Reves R; Romanowski K; Seung K; Schaaf HS; Skrahina A; Soolingen DV; Tabarsi P; Trajman A; Trieu L; Banurekha VV; Viiklepp P; Wang JY; Yoshiyama T; Menzies D,2018,4/1/18,https://pubmed.ncbi.nlm.nih.gov/29595509/,The Lancet. Respiratory medicine,10.1016/S2213-2600(18)30078-X,N/A,
29513591,Uprooting Institutionalized Racism as Public Health Practice.,Bassett MT; Graves JD,2018,4/1/18,https://pubmed.ncbi.nlm.nih.gov/29513591/,American journal of public health,10.2105/AJPH.2018.304314,N/A,
29466533,Effectiveness of the DECIDE Interventions on Shared Decision Making and Perceived Quality of Care in Behavioral Health With Multicultural Patients: A Randomized Clinical Trial.,Alegria M; Nakash O; Johnson K; Ault-Brutus A; Carson N; Fillbrunn M; Wang Y; Cheng A; Harris T; Polo A; Lincoln A; Freeman E; Bostdorf B; Rosenbaum M; Epelbaum C; LaRoche M; Okpokwasili-Johnson E; Carrasco M; Shrout PE,2018,4/1/18,https://pubmed.ncbi.nlm.nih.gov/29466533/,JAMA psychiatry,10.1001/jamapsychiatry.2017.4585,N/A,
29325431,Persons living with diagnosed HIV in New York City: over 50% over 50 years old.,Xia Q; Westheimer E; Robbins RS; Torian LV,2018,4/1/18,https://pubmed.ncbi.nlm.nih.gov/29325431/,AIDS care,10.1080/09540121.2017.1417529,HIV; aging; demography; diagnosis,
29159593,"High Burden of HIV, Syphilis and HSV-2 and Factors Associated with HIV Infection Among Female Sex Workers in Tanzania: Implications for Early Treatment of HIV and Pre-exposure Prophylaxis (PrEP).",Vu L; Misra K,2018,4/1/18,https://pubmed.ncbi.nlm.nih.gov/29159593/,AIDS and behavior,10.1007/s10461-017-1992-2,Female sex workers (FSWs); HIV incidence; HIV prevalence; HSV-2; Syphilis; Tanzania,
29020137,"Associations of Residential Socioeconomic, Food, and Built Environments With Glycemic Control in Persons With Diabetes in New York City From 2007-2013.",Tabaei BP; Rundle AG; Wu WY; Horowitz CR; Mayer V; Sheehan DM; Chamany S,2018,4/1/18,https://pubmed.ncbi.nlm.nih.gov/29020137/,American journal of epidemiology,10.1093/aje/kwx300,N/A,
28586254,"Hospitalizations for asthma among adults exposed to the September 11, 2001 World Trade Center terrorist attack.",Miller-Archie SA; Jordan HT; Alper H; Wisnivesky JP; Cone JE; Friedman SM; Brackbill RM,2018,4/1/18,https://pubmed.ncbi.nlm.nih.gov/28586254/,The Journal of asthma : official journal of the Association for the Care of Asthma,10.1080/02770903.2017.1337787,Asthma hospitalization; World Trade Center; cohort study; comorbidity; gastroesophageal reflux; posttraumatic stress disorder,
29601479,Burden and Risk Factors for Cold-Related Illness and Death in New York City.,Lane K; Ito K; Johnson S; Gibson EA; Tang A; Matte T,2018,3/30/18,https://pubmed.ncbi.nlm.nih.gov/29601479/,International journal of environmental research and public health,10.3390/ijerph15040632,cold; cold-related illness; hypothermia; mortality; surveillance,
29543584,"Changes in Serving Size, Calories, and Sodium Content in Processed Foods From 2009 to 2015.",Clapp JE; Niederman SA; Leonard E; Curtis CJ,2018,3/15/18,https://pubmed.ncbi.nlm.nih.gov/29543584/,Preventing chronic disease,10.5888/pcd15.170265,N/A,
29334643,"Longitudinal determinants of depression among World Trade Center Health Registry enrollees, 14-15 years after the 9/11 attacks.",Jacobson MH; Norman C; Nguyen A; Brackbill RM,2018,3/15/18,https://pubmed.ncbi.nlm.nih.gov/29334643/,Journal of affective disorders,10.1016/j.jad.2017.12.105,Comorbidity; Depression; Disasters; Posttraumatic stress disorder; September 11 terrorist attacks,
29511073,Diagnosis of Zika Virus Infection by Peptide Array and Enzyme-Linked Immunosorbent Assay.,Mishra N; Caciula A; Price A; Thakkar R; Ng J; Chauhan LV; Jain K; Che X; Espinosa DA; Montoya Cruz M; Balmaseda A; Sullivan EH; Patel JJ; Jarman RG; Rakeman JL; Egan CT; Reusken CBEM; Koopmans MPG; Harris E; Tokarz R; Briese T; Lipkin WI,2018,3/6/18,https://pubmed.ncbi.nlm.nih.gov/29511073/,mBio,10.1128/mBio.00095-18,Zika; arbovirus; emerging infectious diseases; flavivirus; serology,
29121235,Management of an Outbreak of Exophiala dermatitidis Bloodstream Infections at an Outpatient Oncology Clinic.,Vasquez A; Zavasky D; Chow NA; Gade L; Zlatanic E; Elkind S; Litvintseva AP; Pappas PG; Perfect JR; Revankar S; Lockhart SR; Chiller T; Ackelsberg J; Vallabhaneni S,2018,3/5/18,https://pubmed.ncbi.nlm.nih.gov/29121235/,Clinical infectious diseases : an official publication of the Infectious Diseases Society of America,10.1093/cid/cix948,N/A,
29069298,"High Human Immunodeficiency Virus Incidence and Prevalence and Associated Factors Among Adolescent Sexual Minority Males-3 Cities, 2015.",Balaji AB; An Q; Smith JC; Newcomb ME; Mustanski B; Prachand NG; Brady KA; Braunstein S; Paz-Bailey G; National HIV Behavioral Surveillance for Young Men Who Have Sex with Men (NHBS-YMSM) Study Group,2018,3/5/18,https://pubmed.ncbi.nlm.nih.gov/29069298/,Clinical infectious diseases : an official publication of the Infectious Diseases Society of America,10.1093/cid/cix902,N/A,
29482743,The association of fitness and school absenteeism across gender and poverty: a prospective multilevel analysis in New York City middle schools.,D'Agostino EM; Day SE; Konty KJ; Larkin M; Saha S; Wyka K,2018,3/1/18,https://pubmed.ncbi.nlm.nih.gov/29482743/,Annals of epidemiology,10.1016/j.annepidem.2017.12.010,Absenteeism; Cardiorespiratory fitness; Fitness testing; Gender; Poverty areas; School-age population; Schools; Youth,
29476967,Electronic health record case studies to advance environmental public health tracking.,Namulanda G; Qualters J; Vaidyanathan A; Roberts E; Richardson M; Fraser A; McVeigh KH; Patterson S,2018,3/1/18,https://pubmed.ncbi.nlm.nih.gov/29476967/,Journal of biomedical informatics,10.1016/j.jbi.2018.02.012,EHR; Electronic health records; Environmental public health surveillance; Environmental public health tracking,
29433665,Global disability-adjusted life-year estimates of long-term health burden and undernutrition attributable to diarrhoeal diseases in children younger than 5 years.,Troeger C; Colombara DV; Rao PC; Khalil IA; Brown A; Brewer TG; Guerrant RL; Houpt ER; Kotloff KL; Misra K; Petri WA; Platts-Mills J; Riddle MS; Swartz SJ; Forouzanfar MH; Reiner RC; Hay SI; Mokdad AH,2018,3/1/18,https://pubmed.ncbi.nlm.nih.gov/29433665/,The Lancet. Global health,10.1016/S2214-109X(18)30045-7,N/A,
29366753,ADHD and comorbid migraine.,Fluegge K; Fluegge K,2018,3/1/18,https://pubmed.ncbi.nlm.nih.gov/29366753/,Epilepsy & behavior : E&B,10.1016/j.yebeh.2017.12.029,N/A,
29260446,Comorbidity amplifies the effects of post-9/11 posttraumatic stress disorder trajectories on health-related quality of life.,Li J; Zweig KC; Brackbill RM; Farfel MR; Cone JE,2018,3/1/18,https://pubmed.ncbi.nlm.nih.gov/29260446/,"Quality of life research : an international journal of quality of life aspects of treatment, care and rehabilitation",10.1007/s11136-017-1764-5,Comorbidity; Health-related quality of life; PTSD; World Trade Center,
29094343,A Retrospective Nested Cohort Study of Emergency Department Revisits for Migraine in New York City.,Minen MT; Boubour A; Wahnich A; Grudzen C; Friedman BW,2018,3/1/18,https://pubmed.ncbi.nlm.nih.gov/29094343/,Headache,10.1111/head.13216,emergency department; headache; health disparities; migraine; poverty; revisit rate,
28791877,Implementing data-to-care initiatives for HIV in New York state: assessing the value of community health centers identifying persons out of care for health department follow-up.,Hart-Malloy R; Brown S; Bogucki K; Tesoriero J,2018,3/1/18,https://pubmed.ncbi.nlm.nih.gov/28791877/,AIDS care,10.1080/09540121.2017.1363851,Data-to-care; HIV care continuum; HIV/AIDS; high impact prevention; linkage to care,
28400490,Flavour chemicals in a sample of non-cigarette tobacco products without explicit flavour names sold in New York City in 2015.,Farley SM; Schroth KR; Grimshaw V; Luo W; DeGagne JL; Tierney PA; Kim K; Pankow JF,2018,3/1/18,https://pubmed.ncbi.nlm.nih.gov/28400490/,Tobacco control,10.1136/tobaccocontrol-2016-053552,Illegal tobacco products; Packaging and Labelling; Public policy; Surveillance and monitoring; Tobacco industry,
28000684,Levels and determinants of tree pollen in New York City.,Weinberger KR; Kinney PL; Robinson GS; Sheehan D; Kheirbek I; Matte TD; Lovasi GS,2018,3/1/18,https://pubmed.ncbi.nlm.nih.gov/28000684/,Journal of exposure science & environmental epidemiology,10.1038/jes.2016.72,N/A,
29420169,"Trends in Hookah Use Among New York City Middle and High School Students, 2008-2014.",Roods K; Jasek J; Farley SM,2018,2/8/18,https://pubmed.ncbi.nlm.nih.gov/29420169/,Preventing chronic disease,10.5888/pcd15.170283,N/A,
29414275,The Judicial Threat to Public Health Innovation - The Sword of Boreali.,Merrill TG; Lopez W; Perl SB; Bassett MT,2018,2/8/18,https://pubmed.ncbi.nlm.nih.gov/29414275/,The New England journal of medicine,10.1056/NEJMp1712636,N/A,
29401643,"Review of Non-Respiratory, Non-Cancer Physical Health Conditions from Exposure to the World Trade Center Disaster.",Gargano LM; Mantilla K; Fairclough M; Yu S; Brackbill RM,2018,2/3/18,https://pubmed.ncbi.nlm.nih.gov/29401643/,International journal of environmental research and public health,10.3390/ijerph15020253,11 September; 2001; cohort; physical health; rescue and recovery workers,
29955618,"Deaths From Pneumonia-New York City, 1999-2015.",Cordoba E; Maduro G; Huynh M; Varma JK; Vora NM,2018,2/1/18,https://pubmed.ncbi.nlm.nih.gov/29955618/,Open forum infectious diseases,10.1093/ofid/ofy020,New York City; mortality; pneumonia,
29324605,"Estimating the Hospital Delivery Costs Associated With Severe Maternal Morbidity in New York City, 2008-2012.",Howland RE; Angley M; Won SH; Wilcox W; Searing H; Tsao TY,2018,2/1/18,https://pubmed.ncbi.nlm.nih.gov/29324605/,Obstetrics and gynecology,10.1097/AOG.0000000000002432,N/A,
29280065,Workers not Paid for Sick Leave after Implementation of the New York City Paid Sick Leave Law.,Hall GS; Walters S; Wimer C; Levanon Seligson A; Maury M; Waldfogel J; Gould LH; Lim S,2018,2/1/18,https://pubmed.ncbi.nlm.nih.gov/29280065/,Journal of urban health : bulletin of the New York Academy of Medicine,10.1007/s11524-017-0218-2,Paid sick leave; Part-time work,
29023928,Evaluation of medical and dental visits in New York City: Opportunities to identify persons with and at risk for diabetes mellitus in dental settings.,Myers-Wright N; Lamster IB; Jasek JP; Chamany S,2018,2/1/18,https://pubmed.ncbi.nlm.nih.gov/29023928/,Community dentistry and oral epidemiology,10.1111/cdoe.12334,diabetes; health promotion; health services research; high risk; periodontal diseases,
29017956,"Burden of Pneumonia-Associated Hospitalizations: United States, 2001-2014.",Hayes BH; Haberling DL; Kennedy JL; Varma JK; Fry AM; Vora NM,2018,2/1/18,https://pubmed.ncbi.nlm.nih.gov/29017956/,Chest,10.1016/j.chest.2017.09.041,epidemiology; pneumonia; respiratory failure; sepsis,
28385056,"Spatial social polarization and birth outcomes: preterm birth and infant mortality - New York City, 2010-14.",Huynh M; Spasojevic J; Li W; Maduro G; Van Wye G; Waterman PD; Krieger N,2018,2/1/18,https://pubmed.ncbi.nlm.nih.gov/28385056/,Scandinavian journal of public health,10.1177/1403494817701566,ICE; index of the concentration of the extremes; infant mortality; neighborhood poverty; preterm birth,
29348656,Quantifying the Risk and Cost of Active Monitoring for Infectious Diseases.,Reich NG; Lessler J; Varma JK; Vora NM,2018,1/18/18,https://pubmed.ncbi.nlm.nih.gov/29348656/,Scientific reports,10.1038/s41598-018-19406-x,N/A,
29324217,"Individual-Level Fitness and Absenteeism in New York City Middle School Youths, 2006-2013.",D'Agostino EM; Day SE; Konty KJ; Larkin M; Saha S; Wyka K,2018,1/11/18,https://pubmed.ncbi.nlm.nih.gov/29324217/,Preventing chronic disease,10.5888/pcd15.170152,N/A,
29316920,Impact of a New York City supportive housing program on Medicaid expenditure patterns among people with serious mental illness and chronic homelessness.,Lim S; Gao Q; Stazesky E; Singh TP; Harris TG; Levanon Seligson A,2018,1/10/18,https://pubmed.ncbi.nlm.nih.gov/29316920/,BMC health services research,10.1186/s12913-017-2816-9,Homeless; Housing; Medicaid,
30489162,Using Health Information Exchange to Improve Family Reunification After a Mass Casualty Incident.,Hadi T; Paquet C; Ullah N; Morgenthau BM,2018,1/1/18,https://pubmed.ncbi.nlm.nih.gov/30489162/,Health security,10.1089/hs.2018.0110,N/A,
30299168,The NYC Health Department's Reflections on First-Ever Public Health Deployments in Support of Puerto Rico and the US Virgin Islands After the 2017 Hurricane Season.,Stripling M; Stimmler C; Raphael M; Barbot O,2018,1/1/18,https://pubmed.ncbi.nlm.nih.gov/30299168/,Health security,10.1089/hs.2018.0094,N/A,
30248136,Short-term effectiveness of HIV care coordination among persons with recent HIV diagnosis or history of poor HIV outcomes.,Nash D; Robertson MM; Penrose K; Chamberlin S; Robbins RS; Braunstein SL; Myers JE; Abraham B; Kulkarni S; Waldron L; Levin B; Irvine MK,2018,1/1/18,https://pubmed.ncbi.nlm.nih.gov/30248136/,PloS one,10.1371/journal.pone.0204017,N/A,
30245592,Re-experiencing 9/11-Related PTSD Symptoms Following Exposure to Hurricane Sandy.,Li J; Alper HE; Gargano LM; Maslow CB; Brackbill RM,2018,1/1/18,https://pubmed.ncbi.nlm.nih.gov/30245592/,International journal of emergency mental health,10.4172/1522-4821.1000404,9/11; Disaster; Hurricanes; Posttraumatic stress disorder (PTSD),
30202200,Partnering with African American Churches to Create a Community Coalition for Mental Health.,Hankerson SH; Wells K; Sullivan MA; Johnson J; Smith L; Crayton L; Miller-Sethi F; Brooks C; Rule A; Ahmad-Llewellyn J; Rhem D; Porter X; Croskey R; Simpson E; Butler C; Roberts S; James A; Jones L,2018,1/1/18,https://pubmed.ncbi.nlm.nih.gov/30202200/,Ethnicity & disease,10.18865/ed.28.S2.467,African American; Black Church; Community-based Participatory Research; Depression; Health Disparities; Mental Health First Aid,
30188808,"Pneumonia-Associated Hospitalizations, New York City, 2001-2014.",Gu CH; Lucero DE; Huang CC; Daskalakis D; Varma JK; Vora NM,2018,1/1/18,https://pubmed.ncbi.nlm.nih.gov/30188808/,"Public health reports (Washington, D.C. : 1974)",10.1177/0033354918792009,epidemiology; hospitalization; pneumonia,
30133374,Screening for Anthrax Postexposure Antibiotic Prophylaxis-The New York City Approach.,Misener M; Starr DT; Scaccia AJ; Arya V,2018,1/1/18,https://pubmed.ncbi.nlm.nih.gov/30133374/,Health security,10.1089/hs.2018.0025,N/A,
30133373,"Variations in Healthcare Provider Use of Public Health and Other Information Sources by Provider Type and Practice Setting During New York City's Response to the Emerging Threat of Zika Virus Disease, 2016.",Quinn C; Poirot E; Sanders Kim A; Viswanath AL; Patel SN; Abramson DM; Piltch-Loeb R,2018,1/1/18,https://pubmed.ncbi.nlm.nih.gov/30133373/,Health security,10.1089/hs.2018.0026,Epidemic management/response; Hospital preparedness/response; Public health preparedness/response; Risk communication; Zika,
30044493,Challenges of service coordination for evacuees of Hurricane Maria through the National Disaster Medical System.,Vora NM; Grober A; Goodwin BP; Davis MS; McGee C; Luckhaupt SE; Cockrill JA; Ready S; Bluemle LN; Brewer L; Brown A; Brown C; Clement J; Downie DL; Garner MR; Lerner R; Mahool M; Mojica SA; Nolen LD; Pedersen MR; Chappell-Reed MJ; Richards E; Smith J; Weekes KC; Dickinson J; Weir C; Bowman TI; Eckes J,2018,1/1/18,https://pubmed.ncbi.nlm.nih.gov/30044493/,"Journal of emergency management (Weston, Mass.)",10.5055/jem.2018.0369,N/A,
30005174,"Sensitivity and Positive Predictive Value of Death Certificate Data Among Deaths Caused by Legionnaires' Disease in New York City, 2008-2013.",Tran OC; Lucero DE; Balter S; Fitzhenry R; Huynh M; Varma JK; Vora NM,2018,1/1/18,https://pubmed.ncbi.nlm.nih.gov/30005174/,"Public health reports (Washington, D.C. : 1974)",10.1177/0033354918782494,Legionnaires’ disease; legionella; mortality data; pneumonia and influenza; respiratory infections,
29902392,"A Surveillance-Based Hepatitis C Care Cascade, New York City, 2017.",Moore MS; Bocour A; Laraque F; Winters A,2018,1/1/18,https://pubmed.ncbi.nlm.nih.gov/29902392/,"Public health reports (Washington, D.C. : 1974)",10.1177/0033354918776641,care cascade; cure; hepatitis C; surveillance; treatment,
29664696,"Evaluation of a Mobile Phone App for Providing Adolescents With Sexual and Reproductive Health Information, New York City, 2013-2016.",Steinberg A; Griffin-Tomas M; Abu-Odeh D; Whitten A,2018,1/1/18,https://pubmed.ncbi.nlm.nih.gov/29664696/,"Public health reports (Washington, D.C. : 1974)",10.1177/0033354918769289,adolescent health; contraception; evaluation; health communications; health promotion; information technology; sexual health,
29486143,Locating People Diagnosed With HIV for Public Health Action: Utility of HIV Case Surveillance and Other Data Sources.,Padilla M; Mattson CL; Scheer S; Udeagu CN; Buskin SE; Hughes AJ; Jaenicke T; Wohl AR; Prejean J; Wei SC,2018,1/1/18,https://pubmed.ncbi.nlm.nih.gov/29486143/,"Public health reports (Washington, D.C. : 1974)",10.1177/0033354918754541,Data to Care; HIV; methods; population surveillance; public health action; surveillance,
29317076,Environmental factors influencing the link between childhood ADHD and risk of adult coronary artery disease.,Fluegge K; Fluegge K,2018,1/1/18,https://pubmed.ncbi.nlm.nih.gov/29317076/,Medical hypotheses,10.1016/j.mehy.2017.11.007,N/A,
31588406,Contemporary Social Disparities in TB Infection and Disease in the USA: a Review.,Noppert GA; Malosh RE; Moran EB; Ahuja SD; Zelner J,2018,1/1/18,https://pubmed.ncbi.nlm.nih.gov/31588406/,Current epidemiology reports,10.1007/s40471-018-0171-y,Racial/ethnic disparities; Social factors; Socioeconomic status; Systems-based approaches; Tuberculosis,
29280904,Rapid Patient Discharge Contribution to Bed Surge Capacity During a Mass Casualty Incident: Findings From an Exercise With New York City Hospitals.,Jacobs-Wingo JL; Cook HA; Lang WH,2018,1/1/18,https://pubmed.ncbi.nlm.nih.gov/29280904/,Quality management in health care,10.1097/QMH.0000000000000161,N/A,
29227418,Development and Validation of Surveillance-Based Algorithms to Estimate Hepatitis C Treatment and Cure in New York City.,Moore MS; Bocour A; Jordan L; McGibbon E; Varma JK; Winters A; Laraque F,2018,1/1/18,https://pubmed.ncbi.nlm.nih.gov/29227418/,Journal of public health management and practice : JPHMP,10.1097/PHH.0000000000000688,N/A,
29219803,Accuracy and reproducibility of the Etest to detect drug-resistant Neisseria gonorrhoeae to contemporary treatment.,Papp JR; Rowlinson MC; O'Connor NP; Wholehan J; Razeq JH; Glennen A; Ware D; Iwen PC; Lee LV; Hagan C,2018,1/1/18,https://pubmed.ncbi.nlm.nih.gov/29219803/,Journal of medical microbiology,10.1099/jmm.0.000651,Etest accuracy; Etest reproducibility; Gonorrhea; antimicrobial susceptibility,
29084121,Promoting Health Department Opioid-Prescribing Guidelines for New York City Emergency Departments: A Qualitative Evaluation.,Nagel FW; Kattan JA; Mantha S; Nelson LS; Kunins HV; Paone D,2018,1/1/18,https://pubmed.ncbi.nlm.nih.gov/29084121/,Journal of public health management and practice : JPHMP,10.1097/PHH.0000000000000670,N/A,
29084118,"Disparities in Zika Virus Testing and Incidence Among Women of Reproductive Age-New York City, 2016.",Lee CT; Greene SK; Baumgartner J; Fine A,2018,1/1/18,https://pubmed.ncbi.nlm.nih.gov/29084118/,Journal of public health management and practice : JPHMP,10.1097/PHH.0000000000000684,N/A,
28972445,Knowledge of the 911 Good Samaritan Law and 911-calling behavior of overdose witnesses.,Jakubowski A; Kunins HV; Huxley-Reicher Z; Siegler A,2018,1/1/18,https://pubmed.ncbi.nlm.nih.gov/28972445/,Substance abuse,10.1080/08897077.2017.1387213,N/A,
28811268,"Antecedent ADHD, dementia, and metabolic dysregulation: A U.S. based cohort analysis.",Fluegge K; Fluegge K,2018,1/1/18,https://pubmed.ncbi.nlm.nih.gov/28811268/,Neurochemistry international,10.1016/j.neuint.2017.08.005,ADHD; Alzheimer's disease; Diabetes; Lewy body dementia; Obesity,
28737043,Health Care Providers and Managers: Seeking Concordance in the Discord.,Bateman WB; McQuistion HL,2018,1/1/18,https://pubmed.ncbi.nlm.nih.gov/28737043/,American journal of medical quality : the official journal of the American College of Medical Quality,10.1177/1062860617718934,N/A,
28692611,A National Survey on the Use of Electronic Directly Observed Therapy for Treatment of Tuberculosis.,Macaraig M; Lobato MN; McGinnis Pilote K; Wegener D,2018,1/1/18,https://pubmed.ncbi.nlm.nih.gov/28692611/,Journal of public health management and practice : JPHMP,10.1097/PHH.0000000000000627,N/A,
28595293,"Examination of Cause-of-Death Data Quality Among New York City Deaths Due to Cancer, Pneumonia, or Diabetes From 2010 to 2014.",Falci L; Lee Argov EJ; Van Wye G; Plitt M; Soto A; Huynh M,2018,1/1/18,https://pubmed.ncbi.nlm.nih.gov/28595293/,American journal of epidemiology,10.1093/aje/kwx207,cancer; cause of death; data quality; death certificate; diabetes; mortality; mortality statistics; pneumonia,
28257402,Poorly Controlled Diabetes in New York City: Mapping High-Density Neighborhoods.,Wu WY; Jiang Q; Di Lonardo SS,2018,1/1/18,https://pubmed.ncbi.nlm.nih.gov/28257402/,Journal of public health management and practice : JPHMP,10.1097/PHH.0000000000000544,N/A,
28141668,Check Hep C: A Community-Based Approach to Hepatitis C Diagnosis and Linkage to Care in High-Risk Populations.,Ford MM; Jordan AE; Johnson N; Rude E; Laraque F; Varma JK; Hagan H,2018,1/1/18,https://pubmed.ncbi.nlm.nih.gov/28141668/,Journal of public health management and practice : JPHMP,10.1097/PHH.0000000000000519,N/A,
27765879,Identifying Key Elements to Inform the Development of an HIV Health Behavior Maintenance Intervention.,Hile SJ; Feldman MB; Raker AR; Irvine MK,2018,1/1/18,https://pubmed.ncbi.nlm.nih.gov/27765879/,American journal of health promotion : AJHP,10.1177/0890117116669108,HIV; intervention; maintenance; self-management,
29293935,A Case of Adult Intestinal Toxemia Botulism During Prolonged Hospitalization in an Allogeneic Hematopoietic Cell Transplant Recipient.,Parameswaran L; Rao A; Chastain K; Ackelsburg J; Adams E; Jackson B; Voigt LP; Chen X; Boulad F; Taur Y,2017,12/27/17,https://pubmed.ncbi.nlm.nih.gov/29293935/,Clinical infectious diseases : an official publication of the Infectious Diseases Society of America,10.1093/cid/cix847,16S rRNA gene sequencing; adult intestinal toxemia botulism; bone marrow transplant; botulism; microbiota,
29881742,Generalizability of Indicators from the New York City Macroscope Electronic Health Record Surveillance System to Systems Based on Other EHR Platforms.,McVeigh KH; Lurie-Moroni E; Chan PY; Newton-Dame R; Schreibstein L; Tatem KS; Romo ML; Thorpe LE; Perlman SE,2017,12/7/17,https://pubmed.ncbi.nlm.nih.gov/29881742/,"EGEMS (Washington, DC)",10.5334/egems.247,N/A,
29198051,Doula Services Within a Healthy Start Program: Increasing Access for an Underserved Population.,Thomas MP; Ammann G; Brazier E; Noyes P; Maybank A,2017,12/1/17,https://pubmed.ncbi.nlm.nih.gov/29198051/,Maternal and child health journal,10.1007/s10995-017-2402-0,Birth inequities; Disparities; Doula support; Health equity; Healthy Start; Maternal health; Pregnancy and birth outcomes; Race; Women of color,
29131407,"Posttraumatic Stress Disorder, Gender, and Risk Factors: World Trade Center Tower Survivors 10 to 11 Years After the September 11, 2001 Attacks.",Bowler RM; Adams SW; Gocheva VV; Li J; Mergler D; Brackbill R; Cone JE,2017,12/1/17,https://pubmed.ncbi.nlm.nih.gov/29131407/,Journal of traumatic stress,10.1002/jts.22232,N/A,
29021156,Safety and Accuracy of Matrix-Assisted Laser Desorption Ionization-Time of Flight Mass Spectrometry for Identification of Highly Pathogenic Organisms.,Rudrik JT; Soehnlen MK; Perry MJ; Sullivan MM; Reiter-Kintz W; Lee PA; Pettit D; Tran A; Swaney E,2017,12/1/17,https://pubmed.ncbi.nlm.nih.gov/29021156/,Journal of clinical microbiology,10.1128/JCM.01023-17,MALDI-TOF; biothreat agents; clinical laboratory; pathogenic organisms; public health,
28953072,"Persistent Post-9/11 Hearing Problems Among World Trade Center Health Registry Rescue and Recovery Workers, 2001 to 2007.",Stein CR; Lee DJ; Flamme GA; Cone JE,2017,12/1/17,https://pubmed.ncbi.nlm.nih.gov/28953072/,Journal of occupational and environmental medicine,10.1097/JOM.0000000000001171,N/A,
28760098,Mind the Gap: Developing an Integrated Behavioral Health Home to Address Health Disparities in Serious Mental Illness.,Tepper MC; Cohen AM; Progovac AM; Ault-Brutus A; Leff HS; Mullin B; Cunningham CM; Cook BL,2017,12/1/17,https://pubmed.ncbi.nlm.nih.gov/28760098/,"Psychiatric services (Washington, D.C.)",10.1176/appi.ps.201700063,Integrated Care; Program evaluation; Psychoses; Public-sector psychiatry; Research/service delivery,
28626847,"Injury, intense dust exposure, and chronic disease among survivors of the World Trade Center terrorist attacks of September 11, 2001.",Alper HE; Yu S; Stellman SD; Brackbill RM,2017,12/1/17,https://pubmed.ncbi.nlm.nih.gov/28626847/,Injury epidemiology,10.1186/s40621-017-0115-x,9/11; Chronic disease; Disaster; Dust cloud; Injury; World trade center,
28160107,Neighborhood Characteristics Associated with Achievement and Maintenance of HIV Viral Suppression Among Persons Newly Diagnosed with HIV in New York City.,Wiewel EW; Borrell LN; Jones HE; Maroko AR; Torian LV,2017,12/1/17,https://pubmed.ncbi.nlm.nih.gov/28160107/,AIDS and behavior,10.1007/s10461-017-1700-2,N/A,
27774800,Neighborhood contributions to psychological distress among Latino New York City adults.,Lim S; Meausoone V; Norman C; Quinlan C; Driver CR,2017,12/1/17,https://pubmed.ncbi.nlm.nih.gov/27774800/,Ethnicity & health,10.1080/13557858.2016.1244743,Disparity; latino; neighborhood; psychological distress,
27015835,Blood Lead Levels and Potential Risk Factors for Lead Exposures Among South Asians in New York City.,Hore P; Ahmed MS; Sedlar S; Saper RB; Nagin D; Clark N,2017,12/1/17,https://pubmed.ncbi.nlm.nih.gov/27015835/,Journal of immigrant and minority health,10.1007/s10903-016-0403-5,Biomonitoring; Ethnic disparities; Lead poisoning; Risk assessment; South Asian,
29165264,"Charlottesville: blatant racism, not grievances, on display.",Bassett MT; Krieger N; Bailey Z,2017,11/18/17,https://pubmed.ncbi.nlm.nih.gov/29165264/,"Lancet (London, England)",10.1016/S0140-6736(17)32855-6,N/A,
29028959,"Effectiveness of Measles Vaccination and Immune Globulin Post-Exposure Prophylaxis in an Outbreak Setting-New York City, 2013.",Arciuolo RJ; Jablonski RR; Zucker JR; Rosen JB,2017,11/13/17,https://pubmed.ncbi.nlm.nih.gov/29028959/,Clinical infectious diseases : an official publication of the Infectious Diseases Society of America,10.1093/cid/cix639,measles; outbreak; post-exposure prophylaxis; surveillance,
29020187,"Outbreak of Influenza A(H7N2) Among Cats in an Animal Shelter With Cat-to-Human Transmission-New York City, 2016.",Lee CT; Slavinski S; Schiff C; Merlino M; Daskalakis D; Liu D; Rakeman JL; Misener M; Thompson C; Leung YL; Varma JK; Fry A; Havers F; Davis T; Newbury S; Layton M; Influenza A(H7N2) Response Team,2017,11/13/17,https://pubmed.ncbi.nlm.nih.gov/29020187/,Clinical infectious diseases : an official publication of the Infectious Diseases Society of America,10.1093/cid/cix668,avian influenza; novel influenza; zoonotic infection,
29144278,"Time Trends in Food Allergy Diagnoses, Epinephrine Orders, and Epinephrine Administrations in New York City Schools.",Feuille E; Lawrence C; Volel C; Sicherer SH; Wang J,2017,11/1/17,https://pubmed.ncbi.nlm.nih.gov/29144278/,The Journal of pediatrics,10.1016/j.jpeds.2017.07.038,anaphylaxis,
28876316,"Using the Revised Centers for Disease Control and Prevention Staging System to Classify Persons Living With Human Immunodeficiency Virus in New York City, 2011-2015.",Xia Q; Braunstein SL; Torian LV,2017,11/1/17,https://pubmed.ncbi.nlm.nih.gov/28876316/,Sexually transmitted diseases,10.1097/OLQ.0000000000000669,N/A,
28749821,Missed Opportunities: Adapting the HIV Care Continuum to Reduce HIV-Related Deaths.,Braunstein SL; Robbins RS; Daskalakis DC,2017,11/1/17,https://pubmed.ncbi.nlm.nih.gov/28749821/,Journal of acquired immune deficiency syndromes (1999),10.1097/QAI.0000000000001509,N/A,
28455128,"Burden of Adult Community-acquired, Health-care-Associated, Hospital-Acquired, and Ventilator-Associated Pneumonia: New York City, 2010 to 2014.",Corrado RE; Lee D; Lucero DE; Varma JK; Vora NM,2017,11/1/17,https://pubmed.ncbi.nlm.nih.gov/28455128/,Chest,10.1016/j.chest.2017.04.162,HAIs; administrative data; hospital-acquired infections; pneumonia,
27752874,Sociodemographic Differences in Clients Preferring Video-Call Over In-person Interview: A Pilot Study of HIV Tele-partner Services.,Udeagu CN; Shah S; Toussaint MM; Pickett L,2017,11/1/17,https://pubmed.ncbi.nlm.nih.gov/27752874/,AIDS and behavior,10.1007/s10461-016-1586-4,Contact tracing; HIV partner services; Mobile technology; Partner notification; Public health; Tele-partner services,
29049277,"Update: Interim Guidance for the Diagnosis, Evaluation, and Management of Infants with Possible Congenital Zika Virus Infection - United States, October 2017.",Adebanjo T; Godfred-Cato S; Viens L; Fischer M; Staples JE; Kuhnert-Tallman W; Walke H; Oduyebo T; Polen K; Peacock G; Meaney-Delman D; Honein MA; Rasmussen SA; Moore CA; Contributors,2017,10/20/17,https://pubmed.ncbi.nlm.nih.gov/29049277/,MMWR. Morbidity and mortality weekly report,10.15585/mmwr.mm6641a1,N/A,
28633501,"Epidemiology of Pediatric Multidrug-Resistant Tuberculosis in the United States, 1993-2014.",Smith SE; Pratt R; Trieu L; Barry PM; Thai DT; Ahuja SD; Shah S,2017,10/16/17,https://pubmed.ncbi.nlm.nih.gov/28633501/,Clinical infectious diseases : an official publication of the Infectious Diseases Society of America,10.1093/cid/cix561,antimicrobial resistance; multidrug resistance; pediatric; tuberculosis,
28609634,The Use of Modeling to Compare Tuberculosis Dynamics in Four U.S. States.,Burzynski J,2017,10/15/17,https://pubmed.ncbi.nlm.nih.gov/28609634/,American journal of respiratory and critical care medicine,10.1164/rccm.201705-0963ED,N/A,
28982284,"Public Health and Vulnerable Populations: Morbidity and Mortality Among People Ever Incarcerated in New York City Jails, 2001 to 2005.",Levanon Seligson A; Parvez FM; Lim S; Singh T; Mavinkurve M; Harris TG; Kerker BD,2017,10/1/17,https://pubmed.ncbi.nlm.nih.gov/28982284/,Journal of correctional health care : the official journal of the National Commission on Correctional Health Care,10.1177/1078345817727527,HIV; homeless people; jail; mortality; sexually transmitted infection; tuberculosis,
28937934,An Evaluation of New York City's 2015 Birth Certificate Gender Marker Regulation.,Lee EJ; Gurr D; Van Wye G,2017,10/1/17,https://pubmed.ncbi.nlm.nih.gov/28937934/,LGBT health,10.1089/lgbt.2017.0087,birth certificate; evaluation; identity documents; sex reassignment surgery; transgender,
28902677,"Disparities in Awareness of HIV Postexposure and Preexposure Prophylaxis Among Notified Partners of HIV-Positive Individuals, New York City 2015-2017.",Misra K; Udeagu CC,2017,10/1/17,https://pubmed.ncbi.nlm.nih.gov/28902677/,Journal of acquired immune deficiency syndromes (1999),10.1097/QAI.0000000000001473,N/A,
28891252,"The Incidence and Prevalence of Systemic Lupus Erythematosus in New York County (Manhattan), New York: The Manhattan Lupus Surveillance Program.",Izmirly PM; Wan I; Sahl S; Buyon JP; Belmont HM; Salmon JE; Askanase A; Bathon JM; Geraldino-Pardilla L; Ali Y; Ginzler EM; Putterman C; Gordon C; Helmick CG; Parton H,2017,10/1/17,https://pubmed.ncbi.nlm.nih.gov/28891252/,"Arthritis & rheumatology (Hoboken, N.J.)",10.1002/art.40192,N/A,
28877599,Acceptability of a Salon-Based Intervention to Promote Colonoscopy Screening Among African American Women.,Floyd TD; DuHamel KN; Rao J; Shuk E; Jandorf L,2017,10/1/17,https://pubmed.ncbi.nlm.nih.gov/28877599/,Health education & behavior : the official publication of the Society for Public Health Education,10.1177/1090198117726571,African American women; beauty salon; cancer prevention and screening; colonoscopy; community-based intervention; health disparities,
28876324,"Men Who Have Sex With Men Seek Timely Human Immunodeficiency Virus Confirmation and Care After Rapid Human Immunodeficiency Virus Self-Test: Data From Partner Services Program, New York City.",Udeagu CN; Shah S; Molochevski M,2017,10/1/17,https://pubmed.ncbi.nlm.nih.gov/28876324/,Sexually transmitted diseases,10.1097/OLQ.0000000000000648,N/A,
28772172,Naloxone use among overdose prevention trainees in New York City: A longitudinal cohort study.,Siegler A; Huxley-Reicher Z; Maldjian L; Jordan R; Oliver C; Jakubowski A; Kunins HV,2017,10/1/17,https://pubmed.ncbi.nlm.nih.gov/28772172/,Drug and alcohol dependence,10.1016/j.drugalcdep.2017.06.029,Morbidity; Naloxone; Opiate; Opioid; Overdose; Prevention,
28646370,Place-Based Predictors of HIV Viral Suppression and Durable Suppression Among Men Who Have Sex With Men in New York City.,Jefferson KA; Kersanske LS; Wolfe ME; Braunstein SL; Haardörfer R; Jarlais DCD; Campbell ANC; Cooper HLF,2017,10/1/17,https://pubmed.ncbi.nlm.nih.gov/28646370/,AIDS and behavior,10.1007/s10461-017-1810-x,HIV viral suppression; Men who have sex with men; New York City; Place-based predictors,
28623451,Neighborhood Inequalities in Hepatitis C Mortality: Spatial and Temporal Patterns and Associated Factors.,Ford MM; Desai PS; Maduro G; Laraque F,2017,10/1/17,https://pubmed.ncbi.nlm.nih.gov/28623451/,Journal of urban health : bulletin of the New York Academy of Medicine,10.1007/s11524-017-0174-x,Communicable diseases; Disease modeling; Hepatitis; Mortality; Spatial analysis,
28553751,Patient-Centered Care in Small Primary Care Practices in New York City: Recognition Versus Reality.,Paul MM; Albert SL; Mijanovich T; Shih SC; Berry CA,2017,10/1/17,https://pubmed.ncbi.nlm.nih.gov/28553751/,Journal of primary care & community health,10.1177/2150131917709404,access to care; community health; practice management; primary care; quality improvement,
28321793,Psychological Distress in Parents and School-Functioning of Adolescents: Results from the World Trade Center Registry.,Gargano LM; Dechen T; Cone JE; Stellman SD; Brackbill RM,2017,10/1/17,https://pubmed.ncbi.nlm.nih.gov/28321793/,Journal of urban health : bulletin of the New York Academy of Medicine,10.1007/s11524-017-0143-4,Adolescents; School-functioning; Unmet healthcare need; World Trade Center,
28903503,Identifying Gaps in Respiratory Syncytial Virus Disease Epidemiology in the United States Prior to the Introduction of Vaccines.,Kim L; Rha B; Abramson JS; Anderson LJ; Byington CL; Chen GL; DeVincenzo J; Edwards KM; Englund JA; Falsey AR; Griffin MR; Karron RA; Martin KG; Meissner HC; Munoz FM; Pavia AT; Piedra PA; Schaffner W; Simões EAF; Singleton R; Talbot HK; Walsh EE; Zucker JR; Gerber SI,2017,9/15/17,https://pubmed.ncbi.nlm.nih.gov/28903503/,Clinical infectious diseases : an official publication of the Infectious Diseases Society of America,10.1093/cid/cix432,epidemiology; monoclonal antibody; respiratory syncytial virus; vaccine; vaccine impact,
28977140,"Air pollution and risk of hospitalization for epilepsy: the role of farm use of nitrogen fertilizers and emissions of the agricultural air pollutant, nitrous oxide.",Fluegge K; Fluegge K,2017,9/1/17,https://pubmed.ncbi.nlm.nih.gov/28977140/,Arquivos de neuro-psiquiatria,10.1590/0004-282X20170107,N/A,
28926573,Self-monitoring of blood pressure in hypertension: A systematic review and individual patient data meta-analysis.,Tucker KL; Sheppard JP; Stevens R; Bosworth HB; Bove A; Bray EP; Earle K; George J; Godwin M; Green BB; Hebert P; Hobbs FDR; Kantola I; Kerry SM; Leiva A; Magid DJ; Mant J; Margolis KL; McKinstry B; McLaughlin MA; Omboni S; Ogedegbe O; Parati G; Qamar N; Tabaei BP; Varis J; Verberk WJ; Wakefield BJ; McManus RJ,2017,9/1/17,https://pubmed.ncbi.nlm.nih.gov/28926573/,PLoS medicine,10.1371/journal.pmed.1002389,N/A,
28915966,Use of anthropogenic nitrogen fertilizers in agriculture is associated with per capita ethanol consumption.,Fluegge K; Fluegge K,2017,9/1/17,https://pubmed.ncbi.nlm.nih.gov/28915966/,Medical hypotheses,10.1016/j.mehy.2017.07.027,ADHD; Air pollution; Anthropogenic nitrogen fertilizers; Ethanol; Nitrous oxide,
28892448,"Primary Care Emergency Preparedness Network, New York City, 2015: Comparison of Member and Nonmember Sites.",Williams MD; Jean MC; Chen B; Molinari NM; LeBlanc TT,2017,9/1/17,https://pubmed.ncbi.nlm.nih.gov/28892448/,American journal of public health,10.2105/AJPH.2017.303954,N/A,
28889850,Healthy Checkout Lines: A Study in Urban Supermarkets.,Adjoian T; Dannefer R; Willingham C; Brathwaite C; Franklin S,2017,9/1/17,https://pubmed.ncbi.nlm.nih.gov/28889850/,Journal of nutrition education and behavior,10.1016/j.jneb.2017.02.004,consumer behavior; food retail environment; healthy checkout line; supermarkets,
28787201,"To: Dr. Alfredo Morabia, Editor, AJPH.",Krieger N; Birn AE; Aviles L; Bailey Z; Cubbin C; Dearfield C; Jones MM; Lee R; Moore L; Munoz N; Simonds V; Waterman PD,2017,9/1/17,https://pubmed.ncbi.nlm.nih.gov/28787201/,American journal of public health,10.2105/AJPH.2017.303976,N/A,
28758173,Academic and Government Partnerships to Address Diabetes in the USA: a Narrative Review.,Yi SS; Chamany S; Thorpe L,2017,9/1/17,https://pubmed.ncbi.nlm.nih.gov/28758173/,Current diabetes reports,10.1007/s11892-017-0895-y,Diabetes; Diabetes prevention program; Government; Multi-sector; Partnerships,
28709760,Clinical and pathologic implications of extending the spectrum of maternal autoantibodies reactive with ribonucleoproteins associated with cutaneous and now cardiac neonatal lupus from SSA/Ro and SSB/La to U1RNP.,Izmirly PM; Halushka MK; Rosenberg AZ; Whelton S; Rais-Bahrami K; Nath DS; Parton H; Clancy RM; Rasmussen S; Saxena A; Buyon JP,2017,9/1/17,https://pubmed.ncbi.nlm.nih.gov/28709760/,Autoimmunity reviews,10.1016/j.autrev.2017.07.013,Antibodies; Congenital heart block; Neonatal lupus,
28701468,"Rubella Surveillance and Diagnostic Testing among a Low-Prevalence Population, New York City, 2012-2013.",Isaac BM; Zucker JR; Giancotti FR; Abernathy E; Icenogle J; Rakeman JL; Rosen JB,2017,9/1/17,https://pubmed.ncbi.nlm.nih.gov/28701468/,Clinical and vaccine immunology : CVI,10.1128/CVI.00102-17,immunoassays; immunoglobulin M; rubella; serology; surveillance,
28505234,"Increased Risk for Meningococcal Disease Among Men Who Have Sex With Men in the United States, 2012-2015.",Folaranmi TA; Kretz CB; Kamiya H; MacNeil JR; Whaley MJ; Blain A; Antwi M; Dorsinville M; Pacilli M; Smith S; Civen R; Ngo V; Winter K; Harriman K; Wang X; Bowen VB; Patel M; Martin S; Misegades L; Meyer SA,2017,9/1/17,https://pubmed.ncbi.nlm.nih.gov/28505234/,Clinical infectious diseases : an official publication of the Infectious Diseases Society of America,10.1093/cid/cix438,Neisseria meningitidis; homosexuality; male; meningococcal infections,
28398989,Linkage to Care After HIV Diagnosis in New York City: Better Than We Thought.,Xia Q; Zhong Y; Wiewel EW; Braunstein SL; Torian LV,2017,9/1/17,https://pubmed.ncbi.nlm.nih.gov/28398989/,Journal of acquired immune deficiency syndromes (1999),10.1097/QAI.0000000000001419,N/A,
28035497,"Diagnosed HIV Infection in Transgender Adults and Adolescents: Results from the National HIV Surveillance System, 2009-2014.",Clark H; Babu AS; Wiewel EW; Opoku J; Crepaz N,2017,9/1/17,https://pubmed.ncbi.nlm.nih.gov/28035497/,AIDS and behavior,10.1007/s10461-016-1656-7,AIDS; Blacks/African Americans; HIV; Hispanics or Latinos; Surveillance; Transgender,
28851801,Generalisability of vaccine effectiveness estimates: an analysis of cases included in a postlicensure evaluation of 13-valent pneumococcal conjugate vaccine in the USA.,Link-Gelles R; Westreich D; Aiello AE; Shang N; Weber DJ; Rosen JB; Motala T; Mascola L; Eason J; Scherzinger K; Holtzman C; Reingold AL; Barnes M; Petit S; Farley MM; Harrison LH; Zansky S; Thomas A; Schaffner W; McGee L; Whitney CG; Moore MR,2017,8/28/17,https://pubmed.ncbi.nlm.nih.gov/28851801/,BMJ open,10.1136/bmjopen-2017-017715,external validity; generalisability; matched case control; pneumococcus; socioeconomic status; vaccine effectiveness,
28832586,Local environmental and meteorological conditions influencing the invasive mosquito Ae. albopictus and arbovirus transmission risk in New York City.,Little E; Bajwa W; Shaman J,2017,8/1/17,https://pubmed.ncbi.nlm.nih.gov/28832586/,PLoS neglected tropical diseases,10.1371/journal.pntd.0005828,N/A,
28708449,"Promoting a Policy and Research Agenda to Protect Lesbian, Gay, Bisexual, and Transgender Health in the New Political Era.",Barbot O; Durso LE,2017,8/1/17,https://pubmed.ncbi.nlm.nih.gov/28708449/,LGBT health,10.1089/lgbt.2017.0130,Affordable Care Act; federal policy; health equity; intersectionality; research and surveillance,
28701299,Modeled changes in US sodium intake from reducing sodium concentrations of commercially processed and prepared foods to meet voluntary standards established in North America: NHANES.,Cogswell ME; Patel SM; Yuan K; Gillespie C; Juan W; Curtis CJ; Vigneault M; Clapp J; Roach P; Moshfegh A; Ahuja J; Pehrsson P; Brookmire L; Merritt R,2017,8/1/17,https://pubmed.ncbi.nlm.nih.gov/28701299/,The American journal of clinical nutrition,10.3945/ajcn.116.145623,United States; food; intake; modeling; national; sodium,
28656541,Prevalence and Correlates of Smoking among Low-Income Adults Residing in New York City Public Housing Developments-2015.,Feinberg A; Lopez PM; Wyka K; Islam N; Seidl L; Drackett E; Mata A; Pinzon J; Baker MR; Lopez J; Trinh-Shevrin C; Shelley D; Bailey Z; Maybank KA; Thorpe LE,2017,8/1/17,https://pubmed.ncbi.nlm.nih.gov/28656541/,Journal of urban health : bulletin of the New York Academy of Medicine,10.1007/s11524-017-0180-z,Chronic diseases; New York City; Primary healthcare; Public housing developments; Smoking; Urban health services,
28629484,"Outbreak of non-tuberculous mycobacteria skin or soft tissue infections associated with handling fish - New York City, 2013-2014.",Yacisin K; Hsieh JL; Weiss D; Ackelsberg J; Lee E; Jones L; Leung YL; Li L; Yung J; Slavinski S; Hanson H; Ridpath A; Kornblum J; Lin Y; Robbe-Austerman S; Rakeman J; Siemetzki-Kapoor U; Stuber T; Greene SK,2017,8/1/17,https://pubmed.ncbi.nlm.nih.gov/28629484/,Epidemiology and infection,10.1017/S0950268817001066,Mycobacteria; outbreaks; skin infections; soft tissue infections,
28628702,Financial Incentives for Linkage to Care and Viral Suppression Among HIV-Positive Patients: A Randomized Clinical Trial (HPTN 065).,El-Sadr WM; Donnell D; Beauchamp G; Hall HI; Torian LV; Zingman B; Lum G; Kharfen M; Elion R; Leider J; Gordin FM; Elharrar V; Burns D; Zerbe A; Gamble T; Branson B; HPTN 065 Study Team,2017,8/1/17,https://pubmed.ncbi.nlm.nih.gov/28628702/,JAMA internal medicine,10.1001/jamainternmed.2017.2158,N/A,
28444155,"Hospitalization Rates Among People With HIV/AIDS in New York City, 2013.",Lazar R; Kersanske L; Xia Q; Daskalakis D; Braunstein SL,2017,8/1/17,https://pubmed.ncbi.nlm.nih.gov/28444155/,Clinical infectious diseases : an official publication of the Infectious Diseases Society of America,10.1093/cid/cix343,HIV; International Classification of Diseases; epidemiology; hospitalization,
28342746,Diagnosing acute HIV infection: The performance of quantitative HIV-1 RNA testing (viral load) in the 2014 laboratory testing algorithm.,Wu H; Cohen SE; Westheimer E; Gay CL; Hall L; Rose C; Hightow-Weidman LB; Gose S; Fu J; Peters PJ,2017,8/1/17,https://pubmed.ncbi.nlm.nih.gov/28342746/,Journal of clinical virology : the official publication of the Pan American Society for Clinical Virology,10.1016/j.jcv.2017.02.005,Acute HIV infection; Fourth-generation immunoassay; HIV diagnosis; HIV testing; Quantitative HIV-1 viral load,
28338780,Commentary: New York City: measuring progress as it's made.,Narayan R; Gwynn RC; Bassett MT,2017,8/1/17,https://pubmed.ncbi.nlm.nih.gov/28338780/,International journal of epidemiology,10.1093/ije/dyx018,N/A,
28709444,Exploring the potential confounder of nitrogen fertilizers in the relationship between pesticide exposures and risk of leukemia: a Poisson regression with two-way fixed-effects analysis.,Fluegge K; Fluegge K,2017,7/14/17,https://pubmed.ncbi.nlm.nih.gov/28709444/,Chinese journal of cancer,10.1186/s40880-017-0225-4,N/A,
29082351,Current and future trends in tuberculosis incidence in New York City: a dynamic modelling analysis.,Fojo AT; Stennis NL; Azman AS; Kendall EA; Shrestha S; Ahuja SD; Dowdy DW,2017,7/1/17,https://pubmed.ncbi.nlm.nih.gov/29082351/,The Lancet. Public health,10.1016/S2468-2667(17)30119-6,Health Resources; Humans; Mathematical Model; New York City; Tuberculosis; United States,
28608788,"Increases in the Rate of Neisseria gonorrhoeae Among Gay, Bisexual and Other Men Who Have Sex With Men-Findings From the Sexually Transmitted Disease Surveillance Network 2010-2015.",Stenger MR; Pathela P; Anschuetz G; Bauer H; Simon J; Kohn R; Schumacher C; Torrone E,2017,7/1/17,https://pubmed.ncbi.nlm.nih.gov/28608788/,Sexually transmitted diseases,10.1097/OLQ.0000000000000623,N/A,
28604443,"Differences in Awareness of Pre-exposure Prophylaxis and Post-exposure Prophylaxis Among Groups At-Risk for HIV in New York State: New York City and Long Island, NY, 2011-2013.",Walters SM; Rivera AV; Starbuck L; Reilly KH; Boldon N; Anderson BJ; Braunstein S,2017,7/1/17,https://pubmed.ncbi.nlm.nih.gov/28604443/,Journal of acquired immune deficiency syndromes (1999),10.1097/QAI.0000000000001415,N/A,
28604436,Brief Report: Nonfatal Overdose Events Among Persons Who Inject Drugs: Findings From Seven National HIV Behavioral Surveillance Cities 2009 & 2012.,Robinson WT; Kazbour C; Nassau T; Fisher K; Sheu S; Rivera AV; Al-Tayyib A; Glick SN; Braunstein S; Barak N; Shinefeld J; Poe J; Raymond HF; Brady K,2017,7/1/17,https://pubmed.ncbi.nlm.nih.gov/28604436/,Journal of acquired immune deficiency syndromes (1999),10.1097/QAI.0000000000001426,N/A,
28604434,"Trends in HIV and HCV Risk Behaviors and Prevalent Infection Among People Who Inject Drugs in New York City, 2005-2012.",Neaigus A; Reilly KH; Jenness SM; Hagan H; Wendel T; Gelpi-Acosta C; Marshall DM,2017,7/1/17,https://pubmed.ncbi.nlm.nih.gov/28604434/,Journal of acquired immune deficiency syndromes (1999),10.1097/QAI.0000000000001407,N/A,
28604428,HIV Among MSM and Heterosexual Women in the United States: An Ecologic Analysis.,Raymond HF; Al-Tayyib A; Neaigus A; Reilly KH; Braunstein S; Brady KA; Sey E; Risser J; Padget P; Lalota M; Schacht JM; Forrest DW; Macomber K; Griffin V; Higgins E; Robinson WT; Zarwell MC; Opoku J; Magnus M; Kuo I; Burt R; Thiede H; Glick S; Flynn C; German D,2017,7/1/17,https://pubmed.ncbi.nlm.nih.gov/28604428/,Journal of acquired immune deficiency syndromes (1999),10.1097/QAI.0000000000001422,N/A,
28573469,"Geographic epidemiology of hepatocellular carcinoma, viral hepatitis, and socioeconomic position in New York City.",Ford MM; Ivanina E; Desai P; Highfield L; Qiao B; Schymura MJ; Laraque F,2017,7/1/17,https://pubmed.ncbi.nlm.nih.gov/28573469/,Cancer causes & control : CCC,10.1007/s10552-017-0897-8,Geographically weighted regression; Hepatitis B; Hepatitis C; Hepatocellular carcinoma; Liver cancer; Moran’s I,
28446573,Serologic Testing for Zika Virus: Comparison of Three Zika Virus IgM-Screening Enzyme-Linked Immunosorbent Assays and Initial Laboratory Experiences.,Granger D; Hilgart H; Misner L; Christensen J; Bistodeau S; Palm J; Strain AK; Konstantinovski M; Liu D; Tran A; Theel ES,2017,7/1/17,https://pubmed.ncbi.nlm.nih.gov/28446573/,Journal of clinical microbiology,10.1128/JCM.00580-17,Zika virus; serology,
28327081,"Pilot study of patron sound level exposure in loud restaurants, bars, and clubs in New York city.",Spira-Cohen A; Caffarelli A; Fung L,2017,7/1/17,https://pubmed.ncbi.nlm.nih.gov/28327081/,Journal of occupational and environmental hygiene,10.1080/15459624.2017.1296234,Hearing health; loud sounds; restaurant noise,
28662716,Awareness of pre-exposure prophylaxis (PrEP) among women who inject drugs in NYC: the importance of networks and syringe exchange programs for HIV prevention.,Walters SM; Reilly KH; Neaigus A; Braunstein S,2017,6/29/17,https://pubmed.ncbi.nlm.nih.gov/28662716/,Harm reduction journal,10.1186/s12954-017-0166-x,Gender; HIV; Injection drug use; Pre-exposure prophylaxis; Sex work; Syringe exchange programs,
28640798,"Evaluation of Placental and Fetal Tissue Specimens for Zika Virus Infection - 50 States and District of Columbia, January-December, 2016.",Reagan-Steiner S; Simeone R; Simon E; Bhatnagar J; Oduyebo T; Free R; Denison AM; Rabeneck DB; Ellington S; Petersen E; Gary J; Hale G; Keating MK; Martines RB; Muehlenbachs A; Ritter J; Lee E; Davidson A; Conners E; Scotland S; Sandhu K; Bingham A; Kassens E; Smith L; St George K; Ahmad N; Tanner M; Beavers S; Miers B; VanMaldeghem K; Khan S; Rabe I; Gould C; Meaney-Delman D; Honein MA; Shieh WJ; Jamieson DJ; Fischer M; Zaki SR; U.S. Zika Pregnancy Registry Collaboration; Zika Virus Response Epidemiology and Surveillance Task Force Pathology Team,2017,6/23/17,https://pubmed.ncbi.nlm.nih.gov/28640798/,MMWR. Morbidity and mortality weekly report,10.15585/mmwr.mm6624a3,N/A,
28595032,Comparing Prevalence Estimates From Population-Based Surveys to Inform Surveillance Using Electronic Health Records.,Tatem KS; Romo ML; McVeigh KH; Chan PY; Lurie-Moroni E; Thorpe LE; Perlman SE,2017,6/8/17,https://pubmed.ncbi.nlm.nih.gov/28595032/,Preventing chronic disease,10.5888/pcd14.160516,N/A,
28588104,A content analysis of outdoor non-alcoholic beverage advertisements in Ghana.,Bragg MA; Hardoby T; Pandit NG; Raji YR; Ogedegbe G,2017,6/6/17,https://pubmed.ncbi.nlm.nih.gov/28588104/,BMJ open,10.1136/bmjopen-2016-012313,Food marketing; Ghana; Obesity,
28593116,Bridging the gap between clinical practice and public health: Using EHR data to assess trends in the seasonality of blood-pressure control.,Amoah AO; Angell SY; Byrnes-Enoch H; Amirfar S; Maa P; Wang JJ,2017,6/1/17,https://pubmed.ncbi.nlm.nih.gov/28593116/,Preventive medicine reports,10.1016/j.pmedr.2017.04.007,Blood pressure control; Chronic disease; Electronic health records; Healthcare quality; Population health; Primary care; Public health; Quality measures; Seasonal variation,
28526254,Associations Between Midlife Insomnia Symptoms and Earlier Retirement.,Hale L; Singer L; Barnet JH; Peppard PE; Hagen EW,2017,6/1/17,https://pubmed.ncbi.nlm.nih.gov/28526254/,Sleep health,10.1016/j.sleh.2017.03.003,Disability; Health; Insomnia; Insomnia symptoms; Retirement; Sleep; Wisconsin Sleep Cohort,
28482960,"Tuberculosis disease among Mexico-born individuals living in New York City, 2001-2014.",Stennis NL; Meissner JS; Bhavnani D; Kreiswirth B; Ahuja SD,2017,6/1/17,https://pubmed.ncbi.nlm.nih.gov/28482960/,The international journal of tuberculosis and lung disease : the official journal of the International Union against Tuberculosis and Lung Disease,10.5588/ijtld.16.0683,N/A,
28426310,A Public Health Approach to Hepatitis C in an Urban Setting.,Laraque F; Varma JK,2017,6/1/17,https://pubmed.ncbi.nlm.nih.gov/28426310/,American journal of public health,10.2105/AJPH.2017.303718,N/A,
28426302,Innovations in Population Health Surveillance: Using Electronic Health Records for Chronic Disease Surveillance.,Perlman SE; McVeigh KH; Thorpe LE; Jacobson L; Greene CM; Gwynn RC,2017,6/1/17,https://pubmed.ncbi.nlm.nih.gov/28426302/,American journal of public health,10.2105/AJPH.2017.303813,N/A,
28372891,Performance evaluation of the FDA-approved Determine™ HIV-1/2 Ag/Ab Combo assay using plasma and whole blood specimens.,Masciotra S; Luo W; Westheimer E; Cohen SE; Gay CL; Hall L; Pan Y; Peters PJ; Owen SM,2017,6/1/17,https://pubmed.ncbi.nlm.nih.gov/28372891/,Journal of clinical virology : the official publication of the Pan American Society for Clinical Virology,10.1016/j.jcv.2017.03.019,Antigen-antibody detection; HIV diagnostics; Rapid test,
28341697,Risk factors for persistence of lower respiratory symptoms among community members exposed to the 2001 World Trade Center terrorist attacks.,Jordan HT; Friedman SM; Reibman J; Goldring RM; Miller Archie SA; Ortega F; Alper H; Shao Y; Maslow CB; Cone JE; Farfel MR; Berger KI,2017,6/1/17,https://pubmed.ncbi.nlm.nih.gov/28341697/,Occupational and environmental medicine,10.1136/oemed-2016-104157,"Environmental Exposure; Lung Function Tests; Signs and Symptoms, Respiratory",
28259361,Exposure to ambient PM10 and nitrogen dioxide and ADHD risk: A reply to Min & Min (2017).,Fluegge K; Fluegge K,2017,6/1/17,https://pubmed.ncbi.nlm.nih.gov/28259361/,Environment international,10.1016/j.envint.2017.02.012,ADHD; Hospitalization; Nitrogen dioxide; Nitrogen fertilizers; Nitrous oxide; Particulate matter,
28207429,"Brief Report: HIV Prevalence and the Prevalence of Unsuppressed HIV in New York City, 2010-2014.",Xia Q; Sun X; Wiewel EW; Torian LV,2017,6/1/17,https://pubmed.ncbi.nlm.nih.gov/28207429/,Journal of acquired immune deficiency syndromes (1999),10.1097/QAI.0000000000001311,N/A,
27743335,Development of Culturally Appropriate Support Strategies to Increase Uptake of Nicotine Replacement Therapy Among Russian- and Chinese-Speaking Smokers in New York City.,Quinn EC; Sacks R; Farley SM; Thihalolipavan S,2017,6/1/17,https://pubmed.ncbi.nlm.nih.gov/27743335/,Journal of community health,10.1007/s10900-016-0272-9,Culturally competent care; Ethnicity; Immigrants; Program evaluation; Smoking cessation; Tobacco,
27342990,"Come as You Are: Improving Care Engagement and Viral Load Suppression Among HIV Care Coordination Clients with Lower Mental Health Functioning, Unstable Housing, and Hard Drug Use.",Irvine MK; Chamberlin SA; Robbins RS; Kulkarni SG; Robertson MM; Nash D,2017,6/1/17,https://pubmed.ncbi.nlm.nih.gov/27342990/,AIDS and behavior,10.1007/s10461-016-1460-4,Case management; HIV surveillance; Outcomes research; Psychosocial factors; Viral load,
28511865,Racial and socioeconomic disparities in viral suppression among persons living with HIV in New York City.,Xia Q; Robbins RS; Lazar R; Torian LV; Braunstein SL,2017,5/1/17,https://pubmed.ncbi.nlm.nih.gov/28511865/,Annals of epidemiology,10.1016/j.annepidem.2017.04.005,HIV; Health disparities; Poverty; Race; Viral suppression,
28431645,"Lopez PM, Islam N, Feinberg A, Myers C, Seidl L, Drackett E, Riley L, Mata A, Pinzon J, Benjamin E, Wyka K, Dannefer R, Lopez J, Trinh-Shevrin C, Maybank KA, Thorpe LE. A Place-Based Community Health Worker Program: Feasibility and Early Outcomes, New York City, 2015. Am J Prev Med 2017;52(3S3):S284-S289.",Lopez PM; Islam N; Feinberg A; Myers C; Seidl L; Drackett E; Riley L; Mata A; Pinzon J; Benjamin E; Wyka K; Dannefer R; Lopez J; Trinh-Shevrin C; Maybank KA; Thorpe LE,2017,5/1/17,https://pubmed.ncbi.nlm.nih.gov/28431645/,American journal of preventive medicine,10.1016/j.amepre.2017.02.017,N/A,
28409859,Response to Soskolne [2017].,Boffetta P; Zeig-Owens R; Wallenstein S; Li J; Brackbill RM; Cone J; Farfel M; Holden W; Lucchini R; Webber MP; Prezant D; Stellman SD; Hall CB,2017,5/1/17,https://pubmed.ncbi.nlm.nih.gov/28409859/,American journal of industrial medicine,10.1002/ajim.22713,N/A,
28398798,Public Health Meets the Problem of the Color Line.,Bassett MT,2017,5/1/17,https://pubmed.ncbi.nlm.nih.gov/28398798/,American journal of public health,10.2105/AJPH.2017.303714,N/A,
28388286,Understanding the drivers of interprofessional collaborative practice among HIV primary care providers and case managers in HIV care programmes.,Mavronicolas HA; Laraque F; Shankar A; Campbell C,2017,5/1/17,https://pubmed.ncbi.nlm.nih.gov/28388286/,Journal of interprofessional care,10.1080/13561820.2016.1270921,Case manager; HIV/AIDS; interprofessional collaborative practice; multiple linear regression; primary care provider; social exchange,
27448826,"Incidence and Predictors of HIV Infection Among Men Who Have Sex with Men Attending Public Sexually Transmitted Disease Clinics, New York City, 2007-2012.",Pathela P; Jamison K; Braunstein SL; Schillinger JA; Varma JK; Blank S,2017,5/1/17,https://pubmed.ncbi.nlm.nih.gov/27448826/,AIDS and behavior,10.1007/s10461-016-1499-2,HIV incidence; Men who have sex with men; STD clinics,
28446131,The effectiveness of a monetary incentive offer on survey response rates and response completeness in a longitudinal study.,Yu S; Alper HE; Nguyen AM; Brackbill RM; Turner L; Walker DJ; Maslow CB; Zweig KC,2017,4/26/17,https://pubmed.ncbi.nlm.nih.gov/28446131/,BMC medical research methodology,10.1186/s12874-017-0353-1,Data collection; Incentives; Non-response bias; Questionnaires; Response rates; Return rates; Survey response,
28427484,"Racial and Ethnic Subgroup Disparities in Hypertension Prevalence, New York City Health and Nutrition Examination Survey, 2013-2014.",Fei K; Rodriguez-Lopez JS; Ramos M; Islam N; Trinh-Shevrin C; Yi SS; Chernov C; Perlman SE; Thorpe LE,2017,4/20/17,https://pubmed.ncbi.nlm.nih.gov/28427484/,Preventing chronic disease,10.5888/pcd14.160478,N/A,
28320169,Probable Zika virus-associated Guillain-Barré syndrome: Challenges with clinico-laboratory diagnosis.,Miller E; Becker Z; Shalev D; Lee CT; Cioroiu C; Thakur K,2017,4/15/17,https://pubmed.ncbi.nlm.nih.gov/28320169/,Journal of the neurological sciences,10.1016/j.jns.2017.02.029,Flavivirus; Guillain-Barré syndrome; Zika virus,
28402827,Structural racism and health inequities in the USA: evidence and interventions.,Bailey ZD; Krieger N; Agénor M; Graves J; Linos N; Bassett MT,2017,4/8/17,https://pubmed.ncbi.nlm.nih.gov/28402827/,"Lancet (London, England)",10.1016/S0140-6736(17)30569-X,N/A,
28402815,White individuals' risk of premature mortality in context.,Bassett MT; Wye GV; Huynh M; Paone D; Kunins HV,2017,4/8/17,https://pubmed.ncbi.nlm.nih.gov/28402815/,"Lancet (London, England)",10.1016/S0140-6736(17)30887-5,N/A,
28384133,"Vital Signs: Update on Zika Virus-Associated Birth Defects and Evaluation of All U.S. Infants with Congenital Zika Virus Exposure - U.S. Zika Pregnancy Registry, 2016.",Reynolds MR; Jones AM; Petersen EE; Lee EH; Rice ME; Bingham A; Ellington SR; Evert N; Reagan-Steiner S; Oduyebo T; Brown CM; Martin S; Ahmad N; Bhatnagar J; Macdonald J; Gould C; Fine AD; Polen KD; Lake-Burger H; Hillard CL; Hall N; Yazdy MM; Slaughter K; Sommer JN; Adamski A; Raycraft M; Fleck-Derderian S; Gupta J; Newsome K; Baez-Santiago M; Slavinski S; White JL; Moore CA; Shapiro-Mendoza CK; Petersen L; Boyle C; Jamieson DJ; Meaney-Delman D; Honein MA; U.S. Zika Pregnancy Registry Collaboration,2017,4/7/17,https://pubmed.ncbi.nlm.nih.gov/28384133/,MMWR. Morbidity and mortality weekly report,10.15585/mmwr.mm6613e1,N/A,
28226252,Linkage of traffic crash and hospitalization records with limited identifiers for enhanced public health surveillance.,Conderino S; Fung L; Sedlar S; Norton JM,2017,4/1/17,https://pubmed.ncbi.nlm.nih.gov/28226252/,Accident; analysis and prevention,10.1016/j.aap.2017.02.011,Crash; Hospital; Linkage; Probabilistic; Traffic,
28135131,"HEALTH SURVEY OF FREE-RANGING RACCOONS (PROCYON LOTOR) IN CENTRAL PARK, NEW YORK, NEW YORK, USA: IMPLICATIONS FOR HUMAN AND DOMESTIC ANIMAL HEALTH.",Rainwater KL; Marchese K; Slavinski S; Humberg LA; Dubovi EJ; Jarvis JA; McAloose D; Calle PP,2017,4/1/17,https://pubmed.ncbi.nlm.nih.gov/28135131/,Journal of wildlife diseases,10.7589/2016-05-096,Canine distemper virus; Procyon lotor; Salmonella; epidemiology; public health; rabies; raccoon; zoonosis,
27765269,Can Naloxone Be Used to Treat Synthetic Cannabinoid Overdose?,Jones JD; Nolan ML; Daver R; Comer SD; Paone D,2017,4/1/17,https://pubmed.ncbi.nlm.nih.gov/27765269/,Biological psychiatry,10.1016/j.biopsych.2016.08.013,N/A,
28235434,Bronx Teens Connection's Clinic Linkage Model: Connecting Youth to Quality Sexual and Reproductive Health Care.,O'Uhuru DJ; Santiago V; Murray LE; Travers M; Bedell JF,2017,3/1/17,https://pubmed.ncbi.nlm.nih.gov/28235434/,The Journal of adolescent health : official publication of the Society for Adolescent Medicine,10.1016/j.jadohealth.2016.12.008,Adolescent sexual and reproductive health; Clinic linkage; Community-wide programs; Evidence-based programs; Linkage; School-linked health care; Sexual health education; Teen health care access; Teen pregnancy prevention,
28215382,"A Place-Based Community Health Worker Program: Feasibility and Early Outcomes, New York City, 2015.",Lopez PM; Islam N; Feinberg A; Myers C; Seidl L; Drackett E; Riley L; Mata A; Pinzon J; Benjamin E; Wyka K; Dannefer R; Lopez J; Trinh-Shevrin C; Aletha Maybank K; Thorpe LE,2017,3/1/17,https://pubmed.ncbi.nlm.nih.gov/28215382/,American journal of preventive medicine,10.1016/j.amepre.2016.08.034,N/A,
28135355,The Importance of the Baby-Friendly Hospital Initiative.,Boyd L; Kowalska M; Askew GL,2017,3/1/17,https://pubmed.ncbi.nlm.nih.gov/28135355/,JAMA pediatrics,10.1001/jamapediatrics.2016.4789,N/A,
27940945,From Care to Cure: Demonstrating a Model of Clinical Patient Navigation for Hepatitis C Care and Treatment in High-Need Patients.,Ford MM; Johnson N; Desai P; Rude E; Laraque F,2017,3/1/17,https://pubmed.ncbi.nlm.nih.gov/27940945/,Clinical infectious diseases : an official publication of the Infectious Diseases Society of America,10.1093/cid/ciw806,access to care; hepatitis c; patient navigation; sustained virologic response,
27927872,"Mumps Outbreak Among a Highly Vaccinated University Community-New York City, January-April 2014.",Patel LN; Arciuolo RJ; Fu J; Giancotti FR; Zucker JR; Rakeman JL; Rosen JB,2017,2/15/17,https://pubmed.ncbi.nlm.nih.gov/27927872/,Clinical infectious diseases : an official publication of the Infectious Diseases Society of America,10.1093/cid/ciw762,mumps; outbreak; parotitis; university; vaccination,
27927856,Long-term Mortality of Patients With Tuberculous Meningitis in New York City: A Cohort Study.,Vinnard C; King L; Munsiff S; Crossa A; Iwata K; Pasipanodya J; Proops D; Ahuja S,2017,2/15/17,https://pubmed.ncbi.nlm.nih.gov/27927856/,Clinical infectious diseases : an official publication of the Infectious Diseases Society of America,10.1093/cid/ciw763,drug resistance; multidrug resistance; treatment outcome; tuberculosis; tuberculous meningitis,
28196518,A comparison of how behavioral health organizations utilize training to prepare for health care reform.,Stanhope V; Choy-Brown M; Barrenger S; Manuel J; Mercado M; McKay M; Marcus SC,2017,2/14/17,https://pubmed.ncbi.nlm.nih.gov/28196518/,Implementation science : IS,10.1186/s13012-017-0549-0,Organizational behavior; Policy reform; Research-practice partnerships,
28116590,Relationship between Recreational Resources in the School Neighborhood and Changes in Fitness in New York City Public School Students.,Bezold CP; Stark JH; Rundle A; Konty K; Day SE; Quinn J; Neckerman K; Roux AV,2017,2/1/17,https://pubmed.ncbi.nlm.nih.gov/28116590/,Journal of urban health : bulletin of the New York Academy of Medicine,10.1007/s11524-016-0114-1,Built environment; Fitness; School health,
28109459,Intensity of Binge Drinking a Decade After the September 11th Terror Attacks Among Exposed Individuals.,Welch AE; Caramanica Zweig K; McAteer JM; Brackbill RM,2017,2/1/17,https://pubmed.ncbi.nlm.nih.gov/28109459/,American journal of preventive medicine,10.1016/j.amepre.2016.10.034,N/A,
28079746,"Sentinel Surveillance for Expedited Partner Therapy Prescriptions Using Pharmacy Data, in 2 New York City Neighborhoods, 2015.",Okah E; Arya V; Rogers M; Kim M; Schillinger JA,2017,2/1/17,https://pubmed.ncbi.nlm.nih.gov/28079746/,Sexually transmitted diseases,10.1097/OLQ.0000000000000551,N/A,
27866489,Exploring genotype concordance in epidemiologically linked cases of tuberculosis in New York City.,Robbins RS; Perri BR; Ahuja SD; Anger HA; Sullivan Meissner J; Shashkina E; Kreiswirth BN; Proops DC,2017,2/1/17,https://pubmed.ncbi.nlm.nih.gov/27866489/,Epidemiology and infection,10.1017/S0950268816002399,Genotyping; transmission; tuberculosis,
27804092,"Availability, Accessibility, and Price of Rapid HIV Self-Tests, New York City Pharmacies, Summer 2013.",Myers JE; El-Sadr Davis OY; Weinstein ER; Remch M; Edelstein A; Khawja A; Schillinger JA,2017,2/1/17,https://pubmed.ncbi.nlm.nih.gov/27804092/,AIDS and behavior,10.1007/s10461-016-1594-4,Diagnosis; HIV; Pharmacy; Screening; Self-testing,
26746424,Persistent Racial Disparities in HIV Infection in the USA: HIV Prevalence Matters.,Xia Q; Braunstein SL; Wiewel EW; Hadler JL; Torian LV,2017,2/1/17,https://pubmed.ncbi.nlm.nih.gov/26746424/,Journal of racial and ethnic health disparities,10.1007/s40615-015-0205-9,HIV; Mathematical model; Racial disparity; USA,
26699378,Defining Ethnic Enclave and Its Associations with Self-Reported Health Outcomes Among Asian American Adults in New York City.,Lim S; Yi SS; Lundy De La Cruz N; Trinh-Shevrin C,2017,2/1/17,https://pubmed.ncbi.nlm.nih.gov/26699378/,Journal of immigrant and minority health,10.1007/s10903-015-0334-6,Asian Americans; New York City; Residence characteristics; Statistical model,
28100255,Early-life exposure to air pollution and greater use of academic support services in childhood: a population-based cohort study of urban children.,Stingone JA; McVeigh KH; Claudio L,2017,1/18/17,https://pubmed.ncbi.nlm.nih.gov/28100255/,Environmental health : a global access science source,10.1186/s12940-017-0210-z,Benzene; Early intervention; School outcomes; Special education; Traffic-related air pollution,
27960197,Birth Defects Among Fetuses and Infants of US Women With Evidence of Possible Zika Virus Infection During Pregnancy.,Honein MA; Dawson AL; Petersen EE; Jones AM; Lee EH; Yazdy MM; Ahmad N; Macdonald J; Evert N; Bingham A; Ellington SR; Shapiro-Mendoza CK; Oduyebo T; Fine AD; Brown CM; Sommer JN; Gupta J; Cavicchia P; Slavinski S; White JL; Owen SM; Petersen LR; Boyle C; Meaney-Delman D; Jamieson DJ; US Zika Pregnancy Registry Collaboration,2017,1/3/17,https://pubmed.ncbi.nlm.nih.gov/27960197/,JAMA,10.1001/jama.2016.19006,N/A,
29272306,Impact of residential displacement on healthcare access and mental health among original residents of gentrifying neighborhoods in New York City.,Lim S; Chan PY; Walters S; Culp G; Huynh M; Gould LH,2017,1/1/17,https://pubmed.ncbi.nlm.nih.gov/29272306/,PloS one,10.1371/journal.pone.0190139,N/A,
29249908,Parent Physical and Mental Health Comorbidity and Adolescent Behavior.,Gargano LM; Locke S; Brackbill RM,2017,1/1/17,https://pubmed.ncbi.nlm.nih.gov/29249908/,International journal of emergency mental health,10.4172/1522-4821.1000358,Adolescent; Behavior Problems; World Trade Center,
29230316,Converging on child mental health - toward shared global action for child development.,Belkin G; Wissow L; Lund C; Aber L; Bhutta Z; Black M; Kieling C; McGregor S; Rahman A; Servili C; Walker S; Yoshikawa H,2017,1/1/17,https://pubmed.ncbi.nlm.nih.gov/29230316/,"Global mental health (Cambridge, England)",10.1017/gmh.2017.13,Child Development; Child Mental Health; Global Action; Governance; Mental Health; Prevention; Promotion; Public Health approach; Quality Improvement; Social Determinants of health; Social Emotional Development; Task-shifting; systems-thinking,
29214155,A Pilot Randomized Controlled Trial of a Technology-Based Approach for Preventing Excess Weight Gain during Pregnancy among Women with Overweight.,Chao AM; Srinivas SK; Studt SK; Diewald LK; Sarwer DB; Allison KC,2017,1/1/17,https://pubmed.ncbi.nlm.nih.gov/29214155/,Frontiers in nutrition,10.3389/fnut.2017.00057,gestation; obesity; overweight; pregnancy; technology,
29165779,Resilience to post-traumatic stress among World Trade Center survivors: A mixed-methods study.,Gargano LM; Hosakote S; Zhi Q; Qureshi KA; Gershon RR,2017,1/1/17,https://pubmed.ncbi.nlm.nih.gov/29165779/,"Journal of emergency management (Weston, Mass.)",10.5055/jem.2017.0336,N/A,
28886112,"Evaluating and implementing temporal, spatial, and spatio-temporal methods for outbreak detection in a local syndromic surveillance system.",Mathes RW; Lall R; Levin-Rector A; Sell J; Paladini M; Konty KJ; Olson D; Weiss D,2017,1/1/17,https://pubmed.ncbi.nlm.nih.gov/28886112/,PloS one,10.1371/journal.pone.0184419,N/A,
28877241,Real-time surveillance of heat-related morbidity: Relation to excess mortality associated with extreme heat.,Mathes RW; Ito K; Lane K; Matte TD,2017,1/1/17,https://pubmed.ncbi.nlm.nih.gov/28877241/,PloS one,10.1371/journal.pone.0184364,N/A,
28861544,Transgender and Gender Nonconforming in Emergency Departments: A Qualitative Report of Patient Experiences.,Chisolm-Straker M; Jardine L; Bennouna C; Morency-Brassard N; Coy L; Egemba MO; Shearer PL,2017,1/1/17,https://pubmed.ncbi.nlm.nih.gov/28861544/,Transgender health,10.1089/trgh.2016.0026,discrimination; emergency department; emergency medicine; gender nonconforming; patient perception; power; provider training; stigma; transgender,
28859154,The cost-effectiveness of PHQ screening and collaborative care for depression in New York City.,Jiao B; Rosen Z; Bellanger M; Belkin G; Muennig P,2017,1/1/17,https://pubmed.ncbi.nlm.nih.gov/28859154/,PloS one,10.1371/journal.pone.0184210,N/A,
28852672,Bundle in the Bronx: Impact of a Transition-of-Care Outpatient Parenteral Antibiotic Therapy Bundle on All-Cause 30-Day Hospital Readmissions.,Madaline T; Nori P; Mowrey W; Zukowski E; Gohil S; Sarwar U; Weston G; Urrely R; Palombelli M; Pierino VF; Parsons V; Ehrlich A; Ostrowsky B; Corpuz M; Pirofski LA,2017,1/1/17,https://pubmed.ncbi.nlm.nih.gov/28852672/,Open forum infectious diseases,10.1093/ofid/ofx097,bundle; outpatient parenteral antibiotic therapy; readmission; transitional care model.,
28763384,Using Tracking Data to Promote Environmental Public Health Through Regulatory and Legislative Processes in New York City.,McKelvey W; Blank J; Kheirbek I; Torin B,2017,1/1/17,https://pubmed.ncbi.nlm.nih.gov/28763384/,Journal of public health management and practice : JPHMP,10.1097/PHH.0000000000000619,N/A,
28806098,Social Media Monitoring: 2016 Zika Response in NYC.,Hadi T; MacGregor J; Mann L,2017,1/1/17,https://pubmed.ncbi.nlm.nih.gov/28806098/,Health security,10.1089/hs.2017.0031,N/A,
28692400,Developing Syndromic Surveillance to Monitor and Respond to Adverse Health Events Related to Psychoactive Substance Use: Methods and Applications.,Nolan ML; Kunins HV; Lall R; Paone D,2017,1/1/17,https://pubmed.ncbi.nlm.nih.gov/28692400/,"Public health reports (Washington, D.C. : 1974)",10.1177/0033354917718074,drugs; interventions; syndromic surveillance,
28692392,"Evaluation of a Novel Syndromic Surveillance Query for Heat-Related Illness Using Hospital Data From Maricopa County, Arizona, 2015.",White JR; Berisha V; Lane K; Ménager H; Gettel A; Braun CR; Council of State and Territorial Epidemiologists Heat Syndrome Workgroup,2017,1/1/17,https://pubmed.ncbi.nlm.nih.gov/28692392/,"Public health reports (Washington, D.C. : 1974)",10.1177/0033354917706517,epidemiology; heat stress disorders; syndromic surveillance,
28692384,"Advancing the Use of Emergency Department Syndromic Surveillance Data, New York City, 2012-2016.",Lall R; Abdelnabi J; Ngai S; Parton HB; Saunders K; Sell J; Wahnich A; Weiss D; Mathes RW,2017,1/1/17,https://pubmed.ncbi.nlm.nih.gov/28692384/,"Public health reports (Washington, D.C. : 1974)",10.1177/0033354917711183,emergency department; syndromic surveillance; use cases,
28666807,"Anesthetic agents, neurodevelopmental risk and the connection to bacterial infections.",Fluegge K; Fluegge K,2017,1/1/17,https://pubmed.ncbi.nlm.nih.gov/28666807/,Microbes and infection,10.1016/j.micinf.2017.06.003,ADHD; Clostridium difficile; Denitrification; Neurodevelopment; Nitrous oxide; Pseudomonas aeruginosa,
28166179,"Hepatitis A Cases Among Food Handlers: A Local Health Department Response-New York City, 2013.",Ridpath A; Reddy V; Layton M; Misener M; Scaccia A; Starr D; Stavinsky F; Varma JK; Waechter H; Zucker JR; Balter S,2017,1/1/17,https://pubmed.ncbi.nlm.nih.gov/28166179/,Journal of public health management and practice : JPHMP,10.1097/PHH.0000000000000526,N/A,
28147210,Regulating Cooling Towers to Prevent Outbreaks of Legionnaires' Disease.,Bassett MT; Balter S,2017,1/1/17,https://pubmed.ncbi.nlm.nih.gov/28147210/,"Public health reports (Washington, D.C. : 1974)",10.1177/0033354916689612,Legionnaires’ disease; cooling towers,
28141970,"A Large Community Outbreak of Legionnaires' Disease Associated With a Cooling Tower in New York City, 2015.",Weiss D; Boyd C; Rakeman JL; Greene SK; Fitzhenry R; McProud T; Musser K; Huang L; Kornblum J; Nazarian EJ; Fine AD; Braunstein SL; Kass D; Landman K; Lapierre P; Hughes S; Tran A; Taylor J; Baker D; Jones L; Kornstein L; Liu B; Perez R; Lucero DE; Peterson E; Benowitz I; Lee KF; Ngai S; Stripling M; Varma JK; South Bronx Legionnaires’ Disease Investigation Team,2017,1/1/17,https://pubmed.ncbi.nlm.nih.gov/28141970/,"Public health reports (Washington, D.C. : 1974)",10.1177/0033354916689620,Legionnaires’ disease; cooling tower; outbreak,
28079643,Validation of Retention in HIV Care Status Using the New York City HIV Surveillance Registry and Clinical Care Data From a Large HIV Care Center.,Pati R; Robbins RS; Braunstein SL,2017,1/1/17,https://pubmed.ncbi.nlm.nih.gov/28079643/,Journal of public health management and practice : JPHMP,10.1097/PHH.0000000000000515,N/A,
28068413,Social and Genetic Networks of HIV-1 Transmission in New York City.,Wertheim JO; Kosakovsky Pond SL; Forgione LA; Mehta SR; Murrell B; Shah S; Smith DM; Scheffler K; Torian LV,2017,1/1/17,https://pubmed.ncbi.nlm.nih.gov/28068413/,PLoS pathogens,10.1371/journal.ppat.1006000,N/A,
28049171,Group 5 drugs for multidrug-resistant tuberculosis: individual patient data meta-analysis.,Fox GJ; Benedetti A; Cox H; Koh WJ; Viiklepp P; Ahuja S; Pasvol G; Menzies D; Collaborative Group for Meta-Analysis of Individual Patient Data in MDR-TB,2017,1/1/17,https://pubmed.ncbi.nlm.nih.gov/28049171/,The European respiratory journal,10.1183/13993003.00993-2016,N/A,
28040993,Death After Jail Release.,Alex B; Weiss DB; Kaba F; Rosner Z; Lee D; Lim S; Venters H; MacDonald R,2017,1/1/17,https://pubmed.ncbi.nlm.nih.gov/28040993/,Journal of correctional health care : the official journal of the National Commission on Correctional Health Care,10.1177/1078345816685311,all-cause mortality; correctional health; opioid treatment program; postrelease mortality,
28005477,Correlates of Hepatitis C Virus Infection in the Targeted Testing Program of the New York City Jail System.,Akiyama MJ; Kaba F; Rosner Z; Alper H; Kopolow A; Litwin AH; Venters H; MacDonald R,2017,1/1/17,https://pubmed.ncbi.nlm.nih.gov/28005477/,"Public health reports (Washington, D.C. : 1974)",10.1177/0033354916679367,HCV; corrections; jail,
27997475,"Diabetes Among People With Tuberculosis, HIV Infection, Viral Hepatitis B and C, and STDs in New York City, 2006-2010.",Drobnik A; Breskin A; Fuld J; Chan C; Hadler J; Tabaei B; Stennis N; Ahuja S; Wu W; Varma JK,2017,1/1/17,https://pubmed.ncbi.nlm.nih.gov/27997475/,Journal of public health management and practice : JPHMP,10.1097/PHH.0000000000000466,N/A,
27875803,Analysis of alcohol use disorders from the Nathan Kline Institute-Rockland Sample: Correlation of brain cortical thickness with neuroticism.,Zhao Y; Zheng ZL; Castellanos FX,2017,1/1/17,https://pubmed.ncbi.nlm.nih.gov/27875803/,Drug and alcohol dependence,10.1016/j.drugalcdep.2016.10.040,Alcohol use disorders; Chronic pain disorder; Fusiform gyrus; Insula; Neuroticism; Personality,
27810890,The new frontier in health services research: a behavioural paradigm guided by genetics.,Fluegge K,2017,1/1/17,https://pubmed.ncbi.nlm.nih.gov/27810890/,Journal of health services research & policy,10.1177/1355819616664374,behaviour; genetics; health services research; paradigm,
27656769,Asthma control in adolescents 10 to 11 y after exposure to the World Trade Center disaster.,Gargano LM; Thomas PA; Stellman SD,2017,1/1/17,https://pubmed.ncbi.nlm.nih.gov/27656769/,Pediatric research,10.1038/pr.2016.190,N/A,
27771006,Epidemiologic Characteristics of Children with Blood Lead Levels ≥45 μg/dL.,Keller B; Faciano A; Tsega A; Ehrlich J,2017,1/1/17,https://pubmed.ncbi.nlm.nih.gov/27771006/,The Journal of pediatrics,10.1016/j.jpeds.2016.09.017,chelation; lead intoxication; lead poisoning; sickle cell disease,
27649039,"Estimated HIV Incidence in the United States, 2003-2010.",Xia Q; Teixeira-Pinto A; Forgione LA; Wiewel EW; Braunstein SL; Torian LV,2017,1/1/17,https://pubmed.ncbi.nlm.nih.gov/27649039/,Journal of acquired immune deficiency syndromes (1999),10.1097/QAI.0000000000001185,N/A,
26872486,New York City flavoured tobacco product sales ban evaluation.,Farley SM; Johns M,2017,1/1/17,https://pubmed.ncbi.nlm.nih.gov/26872486/,Tobacco control,10.1136/tobaccocontrol-2015-052418,Non-cigarette tobacco products; Priority/special populations; Public policy,
26276420,Implementing Substance Abuse Intervention Services in New York City Sexually Transmitted Disease Clinics: Factors Promoting Interagency Collaboration.,Appel PW; Warren BE; Yu J; Rogers M; Harris B; Highsmith S; Davis C,2017,1/1/17,https://pubmed.ncbi.nlm.nih.gov/26276420/,The journal of behavioral health services & research,10.1007/s11414-015-9473-8,N/A,
35969847,Modernizing the Objectives and Organization of Case Investigation and Contact Tracing for the 21st Century.,Golden MR; Narita M; Jones L; Kerndt P; Duchin J,2023,8/1/23,https://pubmed.ncbi.nlm.nih.gov/35969847/,Sexually transmitted diseases,10.1097/OLQ.0000000000001697,N/A,
33906489,The Association of School Nurse Workload With Student Health and Academic Outcomes: A Cross-Sectional Study.,Schroeder K; Young A; Adman G; Ashmeade AM; Bonas E; Day SE; Konty K,2023,8/1/23,https://pubmed.ncbi.nlm.nih.gov/33906489/,The Journal of school nursing : the official publication of the National Association of School Nurses,10.1177/10598405211012957,nurse staffing; nurse workload; school health; school nursing; student health,
37829614,Experiences Administering Naloxone Among People in Different Social Roles: People Who Use Opioids and Family Members and Friends.,Urmanche AA; Harocopos A,2023,7/1/23,https://pubmed.ncbi.nlm.nih.gov/37829614/,Journal of drug issues,10.1177/00220426221133024,family members; naloxone; overdose; qualitative,
36417093,The Effect of Navigation on Linkage to a PrEP Provider Among PrEP-Eligible Men who have Sex with Men in a U.S. Demonstration Project.,Kimball AA; Zhu W; Tanner MR; Iqbal K; Dominguez KL; Henny KD; James A; Elamin F; Drezner K; Bruce J; Torres ME; Price A; Hubbard SJ; Hoover KW; THRIVE Project Team,2023,6/1/23,https://pubmed.ncbi.nlm.nih.gov/36417093/,AIDS and behavior,10.1007/s10461-022-03931-y,HIV; Patient navigation; Pre-exposure prophylaxis; Sexual and gender minorities,
36574185,Exploring the Association Between Gender Affirmation and PrEP use Among Transgender Women in New York City.,Rivera AV; Lopez JM; Braunstein SL,2023,5/1/23,https://pubmed.ncbi.nlm.nih.gov/36574185/,AIDS and behavior,10.1007/s10461-022-03944-7,Gender affirmation; PrEP; Race/ethnicity; Transgender women,
36729538,"Evaluation of the Revised Versus Original Ryan White Part A HIV Care Coordination Program in a Cluster-Randomized, Stepped-Wedge Trial.",Irvine MK; Levin B; Abdelqader F; Carmona J; Avoundjian T; Thomas J; Braunstein SL; Robertson M; Nash D,2023,4/1/23,https://pubmed.ncbi.nlm.nih.gov/36729538/,Journal of acquired immune deficiency syndromes (1999),10.1097/QAI.0000000000003139,N/A,
36462106,"Addressing Financial Barriers to Health Care Among People Who are Low-Income and Insured in New York City, 2014-2017.",Frazier TL; Lopez PM; Islam N; Wilson A; Earle K; Duliepre N; Zhong L; Bendik S; Drackett E; Manyindo N; Seidl L; Thorpe LE,2023,4/1/23,https://pubmed.ncbi.nlm.nih.gov/36462106/,Journal of community health,10.1007/s10900-022-01173-6,Community health worker; Financial barriers; Financial distress; Health care; Health disparities; Health insurance; Healthcare costs; New York city; Policy; Social determinants of health,
35758762,"Longitudinal Association between Weight Status, Aerobic Capacity, Muscular Strength, and Endurance among New York City Youth, 2010-2017.",D'Agostino EM; Day SE; Konty KJ; Armstrong SC; Skinner AC; Neshteruk CD,2023,4/1/23,https://pubmed.ncbi.nlm.nih.gov/35758762/,Childhood obesity (Print),10.1089/chi.2022.0034,cardiovascular; curl-up; exercise; fitness; obesity; pacer; push-up; school; youth,
36576876,"Effects of Return-to-Office, Public Schools Reopening, and Vaccination Mandates on COVID-19 Cases Among Municipal Employee Residents of New York City.",Greene SK; Tabaei BP; Culp GM; Levin-Rector A; Kishore N; Baumgartner J,2023,3/1/23,https://pubmed.ncbi.nlm.nih.gov/36576876/,Journal of occupational and environmental medicine,10.1097/JOM.0000000000002776,N/A,
36305669,Association between jail-based methadone or buprenorphine treatment for opioid use disorder and overdose mortality after release from New York City jails 2011-17.,Lim S; Cherian T; Katyal M; Goldfeld KS; McDonald R; Wiewel E; Khan M; Krawczyk N; Braunstein S; Murphy SM; Jalali A; Jeng PJ; MacDonald R; Lee JD,2023,3/1/23,https://pubmed.ncbi.nlm.nih.gov/36305669/,"Addiction (Abingdon, England)",10.1111/add.16071,All-cause mortality; drug-related mortality; jail; medication for opioid use disorder; opioid use disorder; urban population,
36549491,A 15-year follow-up study of mortality in a pooled cohort of World Trade Center rescue and recovery workers.,Li J; Hall CB; Yung J; Kehm RD; Zeig-Owens R; Singh A; Cone JE; Brackbill RM; Farfel MR; Qiao B; Schymura MJ; Shapiro MZ; Dasaro CR; Todd AC; Prezant DJ; Boffetta P,2023,2/15/23,https://pubmed.ncbi.nlm.nih.gov/36549491/,Environmental research,10.1016/j.envres.2022.115116,9/11; Cause of death; Mortality; Rescue and recovery workers; Terrorist attacks; World Trade Center (WTC),
36478134,Exploring Factors Affecting Patient-Provider Interactions and Healthcare Engagement Among a Diverse Sample of Women Who Have Sex with Women in New York City.,Rahman M; Fikslin RA; Matthews E; Vazquez Sanchez MA; Ahn GO; Kobrak PH; Lovinger ES; Golub SA,2023,2/1/23,https://pubmed.ncbi.nlm.nih.gov/36478134/,Archives of sexual behavior,10.1007/s10508-022-02478-2,Health engagement; LGBTQ health; Patient–provider interaction; Race; Sexual orientation; Women,
36459775,A process and impact evaluation of a peer-led HIV self-management program.,Feldman MB; Tran TT; Boucher LM; Abdelqader F; Raker AR; Hile SJ,2023,2/1/23,https://pubmed.ncbi.nlm.nih.gov/36459775/,Evaluation and program planning,10.1016/j.evalprogplan.2022.102175,HIV; Impact evaluation; Process evaluation; Program; Self-management,
36239980,"Posttraumatic stress disorder and functional impairment among World Trade Center Health Registry enrollees 14-15 years after the September 11, 2001, terrorist attacks.",Trivedi NU; Gargano LM; Brackbill RM; Jacobson MH,2023,2/1/23,https://pubmed.ncbi.nlm.nih.gov/36239980/,Journal of traumatic stress,10.1002/jts.22887,N/A,
35293833,Improving childhood asthma outcomes in East Harlem: the East Harlem Asthma Center of Excellence's Asthma Counselor Program.,Dreisbach N; Wang H; Campbell S; Correa H; Dickson T; Brown-Dudley L; Escoffery D; Evtimova T; Fonseca A; Myers C; Plasencia S; Manyindo N,2023,2/1/23,https://pubmed.ncbi.nlm.nih.gov/35293833/,The Journal of asthma : official journal of the Association for the Care of Asthma,10.1080/02770903.2022.2051543,Health equity; asthma control; children; intervention; program evaluation; social workers,
36533439,The World Trade Center Health Program: an introduction to best practices.,Calvert GM; Anderson K; Cochran J; Cone JE; Harrison DJ; Haugen PT; Lilly G; Lowe SM; Luft BJ; Moline JM; Reibman J; Rosen R; Udasin IG; Werth AS,2023,1/1/23,https://pubmed.ncbi.nlm.nih.gov/36533439/,Archives of environmental & occupational health,10.1080/19338244.2022.2156975,9/11; September 11; World Trade Center; adults; chemical exposure; chemical mixtures; clinical practice guideline; exposure; occupational diseases; quality; respiratory diseases; workers,
36377731,World Trade Center Health Program best practices for diagnosing and treating chronic obstructive pulmonary disease.,Cone JE; de la Hoz RE,2023,1/1/23,https://pubmed.ncbi.nlm.nih.gov/36377731/,Archives of environmental & occupational health,10.1080/19338244.2022.2146040,2001; Chronic bronchitis; World Trade Center Attack; chronic obstructive pulmonary disease; occupational lung disease; smoke inhalation injury,
36317297,"Comparative hospitalization risk for SARS-CoV-2 Omicron and Delta variant infections, by variant predominance periods and patient-level sequencing results, New York City, August 2021-January 2022.",Greene SK; Levin-Rector A; Kyaw NTT; Luoma E; Amin H; McGibbon E; Mathes RW; Ahuja SD,2023,1/1/23,https://pubmed.ncbi.nlm.nih.gov/36317297/,Influenza and other respiratory viruses,10.1111/irv.13062,COVID-19; SARS-CoV-2; epidemiology; hospitalization; informatics; public health; selection bias; whole genome sequencing,
36107389,Mortality after the 9/11 terrorist attacks among world trade center health registry enrollees with cancer.,Kehm RD; Li J; Takemoto E; Yung J; Qiao B; Farfel MR; Cone JE,2023,1/1/23,https://pubmed.ncbi.nlm.nih.gov/36107389/,Cancer medicine,10.1002/cam4.4992,9/11-disaster; PTSD; cancer; mortality; trauma,
35733292,Early intervention and special education in New York City: Patterns of service use and disparities affecting children of colour.,Romo ML; Jordan P; McVeigh KH; Chan PY; Stingone JA; Lim S; Askew GL,2023,1/1/23,https://pubmed.ncbi.nlm.nih.gov/35733292/,"Child: care, health and development",10.1111/cch.13024,infants and toddlers; kindergartners and early elementary; part C services; preschoolers; quantitative methods,
34969334,Years Since Diagnosis Among People Living With Diagnosed HIV in New York City.,Xia Q; Torian LV; Braunstein SL; Blackstock OJ,2023,1/1/23,https://pubmed.ncbi.nlm.nih.gov/34969334/,"Public health reports (Washington, D.C. : 1974)",10.1177/00333549211061325,HIV; New York City; diagnosis,
36084201,"Life Expectancy Among People With HIV in New York City, 2009-2018.",Xia Q; Maduro GA; Li W; Huynh M; Torian LV,2022,12/15/22,https://pubmed.ncbi.nlm.nih.gov/36084201/,Journal of acquired immune deficiency syndromes (1999),10.1097/QAI.0000000000003095,N/A,
35771664,Introduction and Establishment of SARS-CoV-2 Gamma Variant in New York City in Early 2021.,Vasylyeva TI; Fang CE; Su M; Havens JL; Parker E; Wang JC; Zeller M; Yakovleva A; Hassler GW; Chowdhury MA; Andersen KG; Hughes S; Wertheim JO,2022,12/13/22,https://pubmed.ncbi.nlm.nih.gov/35771664/,The Journal of infectious diseases,10.1093/infdis/jiac265,Gamma variant; New York City; SARS-CoV-2; public health; travel restrictions,
36370741,"Patient-centred models of hepatitis C treatment for people who inject drugs: a multicentre, pragmatic randomised trial.",Litwin AH; Lum PJ; Taylor LE; Mehta SH; Tsui JI; Feinberg J; Kim AY; Norton BL; Heo M; Arnsten J; Meissner P; Karasz A; Mckee MD; Ward JW; Johnson N; Pericot-Valverde I; Agyemang L; Stein ES; Thomas A; Borsuk C; Blalock KL; Wilkinson S; Wagner K; Roche J; Murray-Krezan C; Anderson J; Jacobsohn V; Luetkemeyer AF; Falade-Nwulia O; Page K; HERO Study Group,2022,12/1/22,https://pubmed.ncbi.nlm.nih.gov/36370741/,The lancet. Gastroenterology & hepatology,10.1016/S2468-1253(22)00275-8,N/A,
36357975,Timing of Positive Hepatitis C Virus Test Results During and 1 Year Before Pregnancy.,Woodworth KR; Newton SM; Olsen EO; Tannis A; Sizemore L; Wingate H; Orkis L; Reynolds B; Longcore N; Thomas N; Bocour A; Wills A; Kim SY; Panagiotakopoulos L; Wester C; Delman Meaney D; Gilboa SM; Tong VT,2022,12/1/22,https://pubmed.ncbi.nlm.nih.gov/36357975/,Obstetrics and gynecology,10.1097/AOG.0000000000004980,N/A,
36273639,Meningococcal disease in North America: Updates from the Global Meningococcal Initiative.,Asturias EJ; Bai X; Bettinger JA; Borrow R; Castillo DN; Caugant DA; Chacon GC; Dinleyici EC; Echaniz-Aviles G; Garcia L; Glennie L; Harrison LH; Howie RL; Itsko M; Lucidarme J; Marin JEO; Marjuki H; McNamara LA; Mustapha MM; Robinson JL; Romeu B; Sadarangani M; Sáez-Llorens X; Sáfadi MAP; Stephens DS; Stuart JM; Taha MK; Tsang RSW; Vazquez J; De Wals P,2022,12/1/22,https://pubmed.ncbi.nlm.nih.gov/36273639/,The Journal of infection,10.1016/j.jinf.2022.10.022,Antibiotic resistance; Meningitis; Meningococcal; Neisseria species; North America; Vaccination,
36560454,Understanding Vaccine Perceptions and Willingness to Receive COVID-19 Vaccination: Opportunities to Strengthen Public Health Responses and COVID-19 Services for People Who Use Drugs.,Jordan AE; Izar R; Nicolas R; Beharie N; Harocopos A,2022,11/29/22,https://pubmed.ncbi.nlm.nih.gov/36560454/,Vaccines,10.3390/vaccines10122044,COVID-19; community health; people who use drugs; prevention; public health programming; vaccination; viral infections,
36240019,Outcomes of a Community Engagement and Information Gathering Program to Support Telephone-Based COVID-19 Contact Tracing: Descriptive Analysis.,Udeagu CN; Pitiranggon M; Misra K; Huang J; Terilli T; Ramos Y; Alexander M; Kim C; Lee D; Blaney K; Keeley C; Long T; Vora NM,2022,11/15/22,https://pubmed.ncbi.nlm.nih.gov/36240019/,JMIR public health and surveillance,10.2196/40977,COVID-19; community health workers; contact tracing; health equity; home visits,
36332014,Presyndromic surveillance for improved detection of emerging public health threats.,Nobles M; Lall R; Mathes RW; Neill DB,2022,11/4/22,https://pubmed.ncbi.nlm.nih.gov/36332014/,Science advances,10.1126/sciadv.abm4920,N/A,
36327157,"Wastewater Testing and Detection of Poliovirus Type 2 Genetically Linked to Virus Isolated from a Paralytic Polio Case - New York, March 9-October 11, 2022.",Ryerson AB; Lang D; Alazawi MA; Neyra M; Hill DT; St George K; Fuschino M; Lutterloh E; Backenson B; Rulli S; Ruppert PS; Lawler J; McGraw N; Knecht A; Gelman I; Zucker JR; Omoregie E; Kidd S; Sugerman DE; Jorba J; Gerloff N; Ng TFF; Lopez A; Masters NB; Leung J; Burns CC; Routh J; Bialek SR; Oberste MS; Rosenberg ES; 2022 U.S. Poliovirus Response Team,2022,11/4/22,https://pubmed.ncbi.nlm.nih.gov/36327157/,MMWR. Morbidity and mortality weekly report,10.15585/mmwr.mm7144e2,N/A,
36361222,COVID-19-Specific Mortality among World Trade Center Health Registry Enrollees Who Resided in New York City.,Yung J; Li J; Kehm RD; Cone JE; Parton H; Huynh M; Farfel MR,2022,11/2/22,https://pubmed.ncbi.nlm.nih.gov/36361222/,International journal of environmental research and public health,10.3390/ijerph192114348,COVID-19; World Trade Center disaster; health inequity; mortality; racial disparity,
36409495,Return on Investment of the COVID-19 Vaccination Campaign in New York City.,Sah P; Vilches TN; Moghadas SM; Pandey A; Gondi S; Schneider EC; Singer J; Chokshi DA; Galvani AP,2022,11/1/22,https://pubmed.ncbi.nlm.nih.gov/36409495/,JAMA network open,10.1001/jamanetworkopen.2022.43127,N/A,
36342718,"Association Between Racial Wealth Inequities and Racial Disparities in Longevity Among US Adults and Role of Reparations Payments, 1992 to 2018.",Himmelstein KEW; Lawrence JA; Jahn JL; Ceasar JN; Morse M; Bassett MT; Wispelwey BP; Darity WA; Venkataramani AS,2022,11/1/22,https://pubmed.ncbi.nlm.nih.gov/36342718/,JAMA network open,10.1001/jamanetworkopen.2022.40519,N/A,
36322090,"COVID-19 Case Investigation and Contact Tracing in New York City, June 1, 2020, to October 31, 2021.",Blaney K; Foerster S; Baumgartner J; Benckert M; Blake J; Bray J; Chamany S; Devinney K; Fine A; Gindler M; Guerra L; Johnson A; Keeley C; Lee D; Lipsit M; McKenney S; Misra K; Perl S; Peters D; Ray M; Saad E; Thomas G; Trieu L; Udeagu CC; Watkins J; Wong M; Zielinski L; Long T; Vora NM,2022,11/1/22,https://pubmed.ncbi.nlm.nih.gov/36322090/,JAMA network open,10.1001/jamanetworkopen.2022.39661,N/A,
36215048,The Continued Rise of Unintentional Ingestion of Edible Cannabis in Toddlers-A Growing Public Health Concern.,Van Oyen A; Perlman E; Su MK,2022,11/1/22,https://pubmed.ncbi.nlm.nih.gov/36215048/,JAMA pediatrics,10.1001/jamapediatrics.2022.3530,N/A,
36208819,The role of housing characteristics in racial and ethnic disparities in SARS-CoV-2 antibody seropositivity among New York City adults: A population representative study.,Gouse I; Walters S; Miller-Archie S; Singh T; Lim S,2022,11/1/22,https://pubmed.ncbi.nlm.nih.gov/36208819/,Preventive medicine,10.1016/j.ypmed.2022.107287,COVID-19; Household size; Neighborhood poverty; SARS-CoV-2; Seropositivity; Subsidized housing,
36172871,Improving HIV preexposure prophylaxis implementation within healthcare settings.,Xia Q; Edelstein ZR; Blumenthal JS,2022,11/1/22,https://pubmed.ncbi.nlm.nih.gov/36172871/,"AIDS (London, England)",10.1097/QAD.0000000000003375,N/A,
35948304,The Cost of Operating Sexual Health Clinics During the Ending the (HIV) Epidemic Initiative in New York City.,Williams AM; Jamison K; Eppink ST; Pathela P; Blank S; Peters D; Gift TL; Berruti AA,2022,11/1/22,https://pubmed.ncbi.nlm.nih.gov/35948304/,Sexually transmitted diseases,10.1097/OLQ.0000000000001691,N/A,
35312670,Self-Reported Use of HIV Preexposure Prophylaxis Is Highly Accurate Among Sexual Health Clinic Patients in New York City.,Qasmieh S; Nash D; Gandhi M; Rozen E; Okochi H; Goldstein H; Herold BC; Jamison K; Pathela P,2022,11/1/22,https://pubmed.ncbi.nlm.nih.gov/35312670/,Sexually transmitted diseases,10.1097/OLQ.0000000000001622,N/A,
36274183,Contact tracing reveals community transmission of COVID-19 in New York City.,Pei S; Kandula S; Cascante Vega J; Yang W; Foerster S; Thompson C; Baumgartner J; Ahuja SD; Blaney K; Varma JK; Long T; Shaman J,2022,10/23/22,https://pubmed.ncbi.nlm.nih.gov/36274183/,Nature communications,10.1038/s41467-022-34130-x,N/A,
36360618,Long-Term Lower Respiratory Symptoms among World Trade Center Health Registry Enrollees Following Hurricane Sandy.,Locke SH; Gargano LM; Alper HE; Brite J,2022,10/22/22,https://pubmed.ncbi.nlm.nih.gov/36360618/,International journal of environmental research and public health,10.3390/ijerph192113738,9/11 disaster; PTSD; World Trade Center; lower respiratory symptoms,
36208165,The Impact of Supportive Housing on Liver-Related Outcomes Among Persons With Hepatitis C Virus Infection.,Miller-Archie SA; Walters SC; Bocour A; Moore MS; Wiewel E; Singh T; Lim S,2022,10/7/22,https://pubmed.ncbi.nlm.nih.gov/36208165/,The Journal of infectious diseases,10.1093/infdis/jiac292,Medicaid; hepatitis C virus; homelessness; housing; supportive housing,
36036878,Budget Justice: Investing in the Health of New York City's Ethnoracially Minoritized LGBTQ+ Students in the Wake of COVID-19.,English D; Owens EF; Vaughan E; Rose B; Thompson AB; Garretson M; Viswanath AL; Lopez FG; LGBTQ Youth Health Equity Group,2022,10/1/22,https://pubmed.ncbi.nlm.nih.gov/36036878/,Journal of urban health : bulletin of the New York Academy of Medicine,10.1007/s11524-022-00670-2,N/A,
35618547,Medication Nonuse and Hospital Utilization: Medicaid Participants With Type 2 Diabetes in New York City.,Zhilkova A; Chamany S; Ngamwajasat C; De Leon S; Wu W; Tsao TY,2022,10/1/22,https://pubmed.ncbi.nlm.nih.gov/35618547/,American journal of preventive medicine,10.1016/j.amepre.2022.04.005,N/A,
35389140,Characterizing Ryan White Part A-funded support service utilization patterns and their association with viral suppression among people with HIV in New York City.,Tran TT; Feldman MB; Tross S; Montero N; Choo TH; Irvine MK; Hoffman S,2022,10/1/22,https://pubmed.ncbi.nlm.nih.gov/35389140/,AIDS and behavior,10.1007/s10461-022-03642-4,Latent class analysis; Service utilization; Subsistence; Support services; Viral load suppression,
35362904,Pre-exposure Prophylaxis (PrEP) Initiation Among Black and Latina Cisgender Women Receiving HIV Prevention Care Coordination Services in New York City.,Cheek JB; Feldman MB; Montero N; Gambone GF; Hoffman S; Blackstock OJ,2022,10/1/22,https://pubmed.ncbi.nlm.nih.gov/35362904/,AIDS and behavior,10.1007/s10461-022-03661-1,Black; Cisgender women; Latina; PrEP initiation; PrEP uptake; Pre-exposure prophylaxis,
33823957,Trajectories of psychological distress among individuals exposed to the 9/11 World Trade Center disaster.,Ko TM; Alper HE; Brackbill RH; Jacobson MH,2022,10/1/22,https://pubmed.ncbi.nlm.nih.gov/33823957/,Psychological medicine,10.1017/S0033291720004912,9/11; Psychological distress; World Trade Center; disaster; trajectory analysis,
36231761,Scientific Value of the Sub-Cohort of Children in the World Trade Center Health Registry.,Brackbill RM; Butturini E; Cone JE; Ahmadi A; Daniels RD; Farfel MR; Kubale T,2022,9/30/22,https://pubmed.ncbi.nlm.nih.gov/36231761/,International journal of environmental research and public health,10.3390/ijerph191912461,9/11 disaster; WTC cohorts; children exposed to disasters,
36186740,"Psychological and Physical Intimate Partner Violence, Measured by the New York City Community Health Survey - New York City, 2018.",Alroy KA; Wang A; Sanderson M; Gould LH; Stayton C,2022,9/26/22,https://pubmed.ncbi.nlm.nih.gov/36186740/,Journal of family violence,10.1007/s10896-022-00442-1,Abuse; IPV; Intimate partner violence; New York City; Physical intimate partner violence; Population health; Psychological aggression,
36179284,"Health Remedies as a Source of Lead, Mercury, and Arsenic Exposure, New York City, 2010-2019.",Hore P; Alex-Oni K; Sedlar S; Patel K; Saper RB,2022,9/1/22,https://pubmed.ncbi.nlm.nih.gov/36179284/,American journal of public health,10.2105/AJPH.2022.306906,N/A,
36107432,"Analysis of School-Level Vaccination Rates by Race, Ethnicity, and Geography in New York City.",Elbel B; Zhou GE; Lee DC; Chen W; Day SE; Konty KJ; Schwartz AE,2022,9/1/22,https://pubmed.ncbi.nlm.nih.gov/36107432/,JAMA network open,10.1001/jamanetworkopen.2022.31849,N/A,
36103182,"Evaluation of Risk Factors for Conversion From a COVID-19 Household Contact to a Case in New York City, August 1, 2020, to July 31, 2021.",Whittemore K; Foerster S; Blaney K; Long T; Vora NM,2022,9/1/22,https://pubmed.ncbi.nlm.nih.gov/36103182/,JAMA network open,10.1001/jamanetworkopen.2022.33001,N/A,
35728734,Variation and racial/ethnic disparities in Cesarean delivery at New York City hospitals: the contribution of hospital-level factors.,Brazier E; Borrell LN; Huynh M; Kelly EA; Nash D,2022,9/1/22,https://pubmed.ncbi.nlm.nih.gov/35728734/,Annals of epidemiology,10.1016/j.annepidem.2022.06.003,Cesarean delivery; General contextual effects; Hospital-level factors; Multilevel regression; Racial/ethnic disparities; Specific contextual effects,
34849648,Maintenance of Measles Elimination Status in the United States for 20 Years Despite Increasing Challenges.,Mathis AD; Clemmons NS; Redd SB; Pham H; Leung J; Wharton AK; Anderson R; McNall RJ; Rausch-Phung E; Rosen JB; Blog D; Zucker JR; Bankamp B; Rota PA; Patel M; Gastañaduy PA,2022,8/31/22,https://pubmed.ncbi.nlm.nih.gov/34849648/,Clinical infectious diseases : an official publication of the Infectious Diseases Society of America,10.1093/cid/ciab979,MMR vaccine; measles; measles outbreak,
35881005,The molecular epidemiology of multiple zoonotic origins of SARS-CoV-2.,Pekar JE; Magee A; Parker E; Moshiri N; Izhikevich K; Havens JL; Gangavarapu K; Malpica Serrano LM; Crits-Christoph A; Matteson NL; Zeller M; Levy JI; Wang JC; Hughes S; Lee J; Park H; Park MS; Ching Zi Yan K; Lin RTP; Mat Isa MN; Noor YM; Vasylyeva TI; Garry RF; Holmes EC; Rambaut A; Suchard MA; Andersen KG; Worobey M; Wertheim JO,2022,8/26/22,https://pubmed.ncbi.nlm.nih.gov/35881005/,"Science (New York, N.Y.)",10.1126/science.abp8337,N/A,
34791108,Reinfection With Severe Acute Respiratory Syndrome Coronavirus 2 Among Previously Infected Healthcare Personnel and First Responders.,Akinbami LJ; Biggerstaff BJ; Chan PA; McGibbon E; Pathela P; Petersen LR,2022,8/24/22,https://pubmed.ncbi.nlm.nih.gov/34791108/,Clinical infectious diseases : an official publication of the Infectious Diseases Society of America,10.1093/cid/ciab952,SARS-CoV-2; antibody; first responders; healthcare personnel; reinfection,
35904777,Ensuring Widespread and Equitable Access to Treatments for COVID-19.,Vasan A; Foote M; Long T,2022,8/23/22,https://pubmed.ncbi.nlm.nih.gov/35904777/,JAMA,10.1001/jama.2022.13554,N/A,
35980868,"Public Health Response to a Case of Paralytic Poliomyelitis in an Unvaccinated Person and Detection of Poliovirus in Wastewater - New York, June-August 2022.",Link-Gelles R; Lutterloh E; Schnabel Ruppert P; Backenson PB; St George K; Rosenberg ES; Anderson BJ; Fuschino M; Popowich M; Punjabi C; Souto M; McKay K; Rulli S; Insaf T; Hill D; Kumar J; Gelman I; Jorba J; Ng TFF; Gerloff N; Masters NB; Lopez A; Dooling K; Stokley S; Kidd S; Oberste MS; Routh J; 2022 U.S. Poliovirus Response Team,2022,8/19/22,https://pubmed.ncbi.nlm.nih.gov/35980868/,MMWR. Morbidity and mortality weekly report,10.15585/mmwr.mm7133e2,N/A,
35951487,"Epidemiologic and Clinical Characteristics of Monkeypox Cases - United States, May 17-July 22, 2022.",Philpott D; Hughes CM; Alroy KA; Kerins JL; Pavlick J; Asbel L; Crawley A; Newman AP; Spencer H; Feldpausch A; Cogswell K; Davis KR; Chen J; Henderson T; Murphy K; Barnes M; Hopkins B; Fill MA; Mangla AT; Perella D; Barnes A; Hughes S; Griffith J; Berns AL; Milroy L; Blake H; Sievers MM; Marzan-Rodriguez M; Tori M; Black SR; Kopping E; Ruberto I; Maxted A; Sharma A; Tarter K; Jones SA; White B; Chatelain R; Russo M; Gillani S; Bornstein E; White SL; Johnson SA; Ortega E; Saathoff-Huber L; Syed A; Wills A; Anderson BJ; Oster AM; Christie A; McQuiston J; McCollum AM; Rao AK; Negrón ME; CDC Multinational Monkeypox Response Team,2022,8/12/22,https://pubmed.ncbi.nlm.nih.gov/35951487/,MMWR. Morbidity and mortality weekly report,10.15585/mmwr.mm7132e3,N/A,
35955093,RETRACTED: Post-Traumatic Growth and Quality of Life among World Trade Center Health Registry Enrollees 16 Years after 9/11.,Alper HE; Feliciano L; Millien L; Pollari C; Locke S,2022,8/8/22,https://pubmed.ncbi.nlm.nih.gov/35955093/,International journal of environmental research and public health,10.3390/ijerph19159737,9/11; SF-12; World Trade Center; mental function; physical function; post-traumatic growth; quality of life,
36033207,Improving Data on the HIV Epidemic in New York City by Identifying Transgender Persons in Medicaid in 2013-2017.,Rodriguez-Hart C; Obeng B; Radix A; Goldstein Z; Torian L,2022,8/1/22,https://pubmed.ncbi.nlm.nih.gov/36033207/,Transgender health,10.1089/trgh.2020.0121,HIV; Medicaid; data match; gender-affirming health care; surveillance; transgender people,
35995430,"The need for sexual health clinics, their future role, and contribution to public health.",Ramchandani MS; Bourne C; Barbee LA; Hoornenborg E; Pathela P; Taylor SN; de Vries H,2022,8/1/22,https://pubmed.ncbi.nlm.nih.gov/35995430/,Sexual health,10.1071/SH22087,N/A,
35803352,Housing environments and asthma outcomes within population-based samples of adults and children in NYC.,Kim B; Mulready-Ward C; Thorpe LE; Titus AR,2022,8/1/22,https://pubmed.ncbi.nlm.nih.gov/35803352/,Preventive medicine,10.1016/j.ypmed.2022.107147,Asthma; Disparities; Housing,
35714532,Fentanyl preference among people who use opioids in New York City.,Urmanche AA; Beharie N; Harocopos A,2022,8/1/22,https://pubmed.ncbi.nlm.nih.gov/35714532/,Drug and alcohol dependence,10.1016/j.drugalcdep.2022.109519,Drug preference; Fentanyl; People who use drugs; Qualitative,
35533017,"Shigellosis Cases With Bacterial Sexually Transmitted Infections: Population-Based Data From 6 US Jurisdictions, 2007 to 2016.",Ridpath AD; Vanden Esschert KL; Bragg S; Campbell S; Convery C; Cope A; Devinney K; Diesel JC; Kikuchi N; Lee N; Lewis FMT; Matthias J; Pathela P; Pugsley R; Sanderson Slutsker J; Schillinger JA; Thompson C; Tingey C; Wilson J; Newman DR; Marsh ZA; Garcia-Williams AG; Kirkcaldy RD,2022,8/1/22,https://pubmed.ncbi.nlm.nih.gov/35533017/,Sexually transmitted diseases,10.1097/OLQ.0000000000001641,N/A,
35357337,Brief Report: Use of Remnant Specimens to Assess Use of HIV PrEP Among Populations With Risk of HIV Infection: A Novel Approach.,Pathela P; Qasmieh S; Gandhi M; Rozen E; Okochi H; Goldstein H; Herold BC; Jamison K; Schillinger JA; Nash D,2022,8/1/22,https://pubmed.ncbi.nlm.nih.gov/35357337/,Journal of acquired immune deficiency syndromes (1999),10.1097/QAI.0000000000002992,N/A,
35182788,Estimated Reductions in Added Sugar Intake among US Children and Youth in Response to Sugar Reduction Targets.,Vercammen KA; Dowling EA; Sharkey AL; Johnson Curtis C; Wang J; Kenney EL; Micha R; Mozaffarian D; Moran AJ,2022,8/1/22,https://pubmed.ncbi.nlm.nih.gov/35182788/,Journal of the Academy of Nutrition and Dietetics,10.1016/j.jand.2022.02.008,Added sugar; NHANES; child and adolescent health; food supply,
34498228,"Correction to: Risk Factors for Death Among Hospitalized Patients Aged 21-64 Years Diagnosed with COVID-19-New York City, March 13-April 9, 2020.",Bushman D; Davidson A; Pathela P; Greene SK; Weiss D; Reddy V; New York City Fatal Case-Control Study Team; Latash J,2022,8/1/22,https://pubmed.ncbi.nlm.nih.gov/34498228/,Journal of racial and ethnic health disparities,10.1007/s40615-021-01139-9,N/A,
34374031,"Risk Factors for Death Among Hospitalized Patients Aged 21-64 Years Diagnosed with COVID-19-New York City, March 13-April 9, 2020.",Bushman D; Davidson A; Pathela P; Greene SK; Weiss D; Reddy V; Team NYCFCS; Latash J,2022,8/1/22,https://pubmed.ncbi.nlm.nih.gov/34374031/,Journal of racial and ethnic health disparities,10.1007/s40615-021-01098-1,COVID-19; In-hospital mortality; New York City; Racial/ethnic disparities; Risk factors; SARS-CoV-2,
35923312,Contact tracing reveals community transmission of COVID-19 in New York City.,Pei S; Kandula S; Vega JC; Yang W; Foerster S; Thompson C; Baumgartner J; Ahuja S; Blaney K; Varma J; Long T; Shaman J,2022,7/27/22,https://pubmed.ncbi.nlm.nih.gov/35923312/,Research square,10.21203/rs.3.rs-1840065/v1,N/A,
35639921,"The Gulf Coast Tick, Amblyomma maculatum (Ixodida: Ixodidae), and Spotted Fever Group Rickettsia in the Highly Urbanized Northeastern United States.",Bajwa WI; Tsynman L; Egizi AM; Tokarz R; Maestas LP; Fonseca DM,2022,7/13/22,https://pubmed.ncbi.nlm.nih.gov/35639921/,Journal of medical entomology,10.1093/jme/tjac053,climate change; native-invader; tick-borne disease,
35818071,Implementation of buprenorphine services in NYC syringe services programs: a qualitative process evaluation.,Jakubowski A; Rath C; Harocopos A; Wright M; Welch A; Kattan J; Navos Behrends C; Lopez-Castro T; Fox AD,2022,7/10/22,https://pubmed.ncbi.nlm.nih.gov/35818071/,Harm reduction journal,10.1186/s12954-022-00654-0,Low-threshold buprenorphine treatment; Opioid use disorder; Syringe services programs,
35482659,Reimagining Preexposure Prophylaxis Provision for Women in the United States.,Seidman D; Logan R; Weber S; Gandhi A; Blackstock O,2022,7/6/22,https://pubmed.ncbi.nlm.nih.gov/35482659/,Clinical infectious diseases : an official publication of the Infectious Diseases Society of America,10.1093/cid/ciab959,HIV; PrEP; equity; structural determinants; women,
35838672,First 2 Months of Operation at First Publicly Recognized Overdose Prevention Centers in US.,Harocopos A; Gibson BE; Saha N; McRae MT; See K; Rivera S; Chokshi DA,2022,7/1/22,https://pubmed.ncbi.nlm.nih.gov/35838672/,JAMA network open,10.1001/jamanetworkopen.2022.22149,N/A,
35771734,"Interim Analysis of Acute Hepatitis of Unknown Etiology in Children Aged <10 Years - United States, October 2021-June 2022.",Cates J; Baker JM; Almendares O; Kambhampati AK; Burke RM; Balachandran N; Burnett E; Potts CC; Reagan-Steiner S; Kirking HL; Sugerman D; Parashar UD; Tate JE; Hepatitis of Unknown Etiology Group,2022,7/1/22,https://pubmed.ncbi.nlm.nih.gov/35771734/,MMWR. Morbidity and mortality weekly report,10.15585/mmwr.mm7126e1,N/A,
35703774,Reducing Intersecting Stigmas in HIV Service Organizations: An Implementation Science Model.,Rodriguez-Hart C; Mackson G; Belanger D; West N; Brock V; Phanor J; Weigl S; Ahmed C; Soler J; McKinnon K; Sandfort TGM,2022,7/1/22,https://pubmed.ncbi.nlm.nih.gov/35703774/,Journal of acquired immune deficiency syndromes (1999),10.1097/QAI.0000000000002982,N/A,
35703763,Implementing PrEP Services in Diverse Health Care Settings.,Faro EZ; Mantell JE; Gonzalez-Argoti T; Hoffman S; Edelstein Z; Tsoi B; Bauman LJ,2022,7/1/22,https://pubmed.ncbi.nlm.nih.gov/35703763/,Journal of acquired immune deficiency syndromes (1999),10.1097/QAI.0000000000002971,N/A,
35601690,Built by epidemiologists for epidemiologists: an internal COVID-19 dashboard for real-time situational awareness in New York City.,Ngai S; Sell J; Baig S; Iqbal M; Eddy M; Culp G; Montesano M; McGibbon E; Johnson K; Devinney K; Baumgartner J; Huynh M; Mathes R; Van Wye G; Fine AD; Thompson CN,2022,7/1/22,https://pubmed.ncbi.nlm.nih.gov/35601690/,JAMIA open,10.1093/jamiaopen/ooac029,COVID-19; data visualization; public health informatics; surveillance,
35570129,Predictors of 1-year mortality after adult lung transplantation: Systematic review and meta-analyses.,Foroutan F; Malik A; Clark KE; Buchan TA; Yang H; Cheong GHL; Pezzutti O; Kim I; Gupta R; Tan C; Samman A; Friesen EL; Akhtar A; Rigobon A; Stein M; Yepes-Nuñez JJ; Heels-Ansdell D; Sidhu A; Guyatt G; Meade MO,2022,7/1/22,https://pubmed.ncbi.nlm.nih.gov/35570129/,The Journal of heart and lung transplantation : the official publication of the International Society for Heart Transplantation,10.1016/j.healun.2022.03.017,donor; lung transplant; meta-analysis; mortality; prognosis; recipient; systematic review,
35427490,Effectiveness of a serogroup B outer membrane vesicle meningococcal vaccine against gonorrhoea: a retrospective observational study.,Abara WE; Bernstein KT; Lewis FMT; Schillinger JA; Feemster K; Pathela P; Hariri S; Islam A; Eberhart M; Cheng I; Ternier A; Slutsker JS; Mbaeyi S; Madera R; Kirkcaldy RD,2022,7/1/22,https://pubmed.ncbi.nlm.nih.gov/35427490/,The Lancet. Infectious diseases,10.1016/S1473-3099(21)00812-4,N/A,
35325473,Cancer risk among World Trade Center rescue and recovery workers: A review.,Boffetta P; Hall CB; Todd AC; Goldfarb DG; Schymura MJ; Li J; Cone JE; Zeig-Owens R,2022,7/1/22,https://pubmed.ncbi.nlm.nih.gov/35325473/,CA: a cancer journal for clinicians,10.3322/caac.21723,September 11 terrorist attacks; disasters; epidemiology; neoplasm; review,
35286280,"Reasons for PrEP Discontinuation After Navigation at Sexual Health Clinics: Interactions Among Systemic Barriers, Behavioral Relevance, and Medication Concerns.",Unger ZD; Golub SA; Borges C; Edelstein ZR; Hedberg T; Myers J,2022,7/1/22,https://pubmed.ncbi.nlm.nih.gov/35286280/,Journal of acquired immune deficiency syndromes (1999),10.1097/QAI.0000000000002952,N/A,
35278037,Interactions among common non-SARS-CoV-2 respiratory viruses and influence of the COVID-19 pandemic on their circulation in New York City.,Yuan H; Yeung A; Yang W,2022,7/1/22,https://pubmed.ncbi.nlm.nih.gov/35278037/,Influenza and other respiratory viruses,10.1111/irv.12976,COVID-19 pandemic impact; coronaviruses; human metapneumovirus; parainfluenza; respiratory virus interactions; rhinovirus,
34788125,"Latino Children's Obesity Risk Varies by Place of Birth: Findings from New York City Public School Youth, 2006-2017.",Flórez KR; Day SE; Huang TT; Konty KJ; D'Agostino EM,2022,7/1/22,https://pubmed.ncbi.nlm.nih.gov/34788125/,Childhood obesity (Print),10.1089/chi.2021.0056,body mass index; epidemiology; health disparities,
34596454,The New York City Prescriber Notification Program: Assessing the Feasibility of a Patient Overdose Death Notification Pilot.,LaSane K; Allen B; Liebman E; Paone D,2022,7/1/22,https://pubmed.ncbi.nlm.nih.gov/34596454/,Health promotion practice,10.1177/15248399211042337,health education; program planning and evaluation; substance use; unintentional injury,
35805453,"Change in Asthma Is Associated with Change in PTSD in World Trade Center Health Registrants, 2011 to 2016.",Friedman SM; Alper H; de la Hoz RE; Osahan S; Farfel MR; Cone J,2022,6/25/22,https://pubmed.ncbi.nlm.nih.gov/35805453/,International journal of environmental research and public health,10.3390/ijerph19137795,ACT; PTSD; World Trade Center Health Registry; asthma; disaster; quality of life,
35752633,Detection of SARS-CoV-2 intra-host recombination during superinfection with Alpha and Epsilon variants in New York City.,Wertheim JO; Wang JC; Leelawong M; Martin DP; Havens JL; Chowdhury MA; Pekar JE; Amin H; Arroyo A; Awandare GA; Chow HY; Gonzalez E; Luoma E; Morang'a CM; Nekrutenko A; Shank SD; Silver S; Quashie PK; Rakeman JL; Ruiz V; Torian LV; Vasylyeva TI; Kosakovsky Pond SL; Hughes S,2022,6/25/22,https://pubmed.ncbi.nlm.nih.gov/35752633/,Nature communications,10.1038/s41467-022-31247-x,N/A,
35725991,Social distancing and mask-wearing could avoid recurrent stay-at-home restrictions during COVID-19 respiratory pandemic in New York City.,Kim HY; Bershteyn A; McGillen JB; Shaff J; Sisti J; Ko C; Wikramanayake R; Newton-Dame R; Braithwaite RS,2022,6/20/22,https://pubmed.ncbi.nlm.nih.gov/35725991/,Scientific reports,10.1038/s41598-022-13310-1,N/A,
35742367,"Self-Efficacy and Mental Health Help-Seeking Behavior of World Trade Center Health Registry Enrollees, 2015-2016.",Garrey SK; Takemoto E; Petrsoric L; Gargano LM,2022,6/10/22,https://pubmed.ncbi.nlm.nih.gov/35742367/,International journal of environmental research and public health,10.3390/ijerph19127113,PTSD; September 11th; disaster epidemiology; help-seeking; mental health; self-efficacy; unmet mental healthcare need,
35679181,"Monkeypox Outbreak - Nine States, May 2022.",Minhaj FS; Ogale YP; Whitehill F; Schultz J; Foote M; Davidson W; Hughes CM; Wilkins K; Bachmann L; Chatelain R; Donnelly MAP; Mendoza R; Downes BL; Roskosky M; Barnes M; Gallagher GR; Basgoz N; Ruiz V; Kyaw NTT; Feldpausch A; Valderrama A; Alvarado-Ramy F; Dowell CH; Chow CC; Li Y; Quilter L; Brooks J; Daskalakis DC; McClung RP; Petersen BW; Damon I; Hutson C; McQuiston J; Rao AK; Belay E; McCollum AM; Monkeypox Response Team 2022,2022,6/10/22,https://pubmed.ncbi.nlm.nih.gov/35679181/,MMWR. Morbidity and mortality weekly report,10.15585/mmwr.mm7123e1,N/A,
35475336,ZIP Code-Level Estimation of Air Quality and Health Risk Due to Particulate Matter Pollution in New York City.,Shukla K; Seppanen C; Naess B; Chang C; Cooley D; Maier A; Divita F; Pitiranggon M; Johnson S; Ito K; Arunachalam S,2022,6/7/22,https://pubmed.ncbi.nlm.nih.gov/35475336/,Environmental science & technology,10.1021/acs.est.1c07325,C-TOOLS; COBRA; New York City; ZAPPA; ZIP code; emissions; health benefits; particulate matter; policy research,
35653305,"Notes from the Field: Lead Poisoning in a Family of Five Resulting from Use of Traditional Glazed Ceramic Ware - New York City, 2017-2022.",Hore P; Alex-Oni K; Bardhi N; Sedlar S,2022,6/3/22,https://pubmed.ncbi.nlm.nih.gov/35653305/,MMWR. Morbidity and mortality weekly report,10.15585/mmwr.mm7122a3,N/A,
35763745,Monitoring Intersectional Stigma: A Key Strategy to Ending the HIV Epidemic in the United States.,Rodriguez-Hart C; Boone CA; Del Río-González AM; Kutner BA; Baral S; Burns PA; German D; Eaton L; Lucas L; Remien RH; Ellis M; Dale SK,2022,6/1/22,https://pubmed.ncbi.nlm.nih.gov/35763745/,American journal of public health,10.2105/AJPH.2022.306733,N/A,
35688002,"Air pollution, children's academic achievement and the potential mediating role of preterm birth.",Balalian AA; McVeigh KH; Stingone JA,2022,6/1/22,https://pubmed.ncbi.nlm.nih.gov/35688002/,International journal of hygiene and environmental health,10.1016/j.ijheh.2022.113991,Adverse birth outcomes; Air toxics; Mediation; Neurodevelopment,
35656213,"Housing type and secondhand tobacco smoke exposure among non-smoking New York City adults, 2004 and 2013-14.",Farley SM; Jasek J; Debchoudhury I; Van Beck K; Talati A; Perlman SE; Thorpe LE,2022,6/1/22,https://pubmed.ncbi.nlm.nih.gov/35656213/,Preventive medicine reports,10.1016/j.pmedr.2022.101805,Environmental tobacco smoke exposure; Secondhand smoke; Tobacco control,
35342894,Toward a new standard of health for immigrants in the United States.,Park JK; Chokshi DA,2022,6/1/22,https://pubmed.ncbi.nlm.nih.gov/35342894/,Lancet regional health. Americas,10.1016/j.lana.2022.100238,N/A,
35307839,"School Disengagement, School-Age Births and High School Graduation: Evidence From Linked Administrative Records.",Heiland F; Yunzal-Butler C; Korenman S,2022,6/1/22,https://pubmed.ncbi.nlm.nih.gov/35307839/,The Journal of school health,10.1111/josh.13182,absenteeism; high school graduation; preconception attendance; school engagement trajectories; teen birth,
34783860,Dynamic residential movement and depression among the World Trade Center Health Registry enrollees.,Lim S; Liu SY; Brite J; Crossa A; Locke S; Pollari C; Baquero M,2022,6/1/22,https://pubmed.ncbi.nlm.nih.gov/34783860/,Social psychiatry and psychiatric epidemiology,10.1007/s00127-021-02192-9,Depression; Housing; Social environment,
34193531,"Video-based HIV testing services among cisgender men who have sex with men as a component of an HIV behavioural surveillance study during the COVID-19 pandemic in New York City: implementation, feasibility and lessons learned.",Rivera A; Martinez P; Braunstein S,2022,6/1/22,https://pubmed.ncbi.nlm.nih.gov/34193531/,Sexually transmitted infections,10.1136/sextrans-2021-055110,COVID-19; HIV; population surveillance; public health,
33947497,"Assessment of New York City Urgent Care Centers' Emergency Preparedness and Infection Prevention and Control Practices, 2016-2017.",Jacobs-Wingo J; Beatty NL; Jang K; Foote MM,2022,6/1/22,https://pubmed.ncbi.nlm.nih.gov/33947497/,Disaster medicine and public health preparedness,10.1017/dmp.2021.23,ambulatory care; emergency preparedness; infection prevention and control; non-acute care; urgent care,
35634748,The Community Assessment to Inform Rapid Response (CAIRR): A Novel Qualitative Data Collection and Analytic Process to Facilitate Hyperlocal COVID-19 Emergency Response Operations in New York City.,Ray M; Dannefer R; Pierre J; Shiman LJ; Helmy HL; Boyle SR; Chang JEM; Creighton A; Soto MA; Moran J,2022,5/30/22,https://pubmed.ncbi.nlm.nih.gov/35634748/,Disaster medicine and public health preparedness,10.1017/dmp.2022.135,COVID-19 incident command system; disaster response; health equity; hyperlocal,
35682106,"The Relationship between 9/11 Exposure, Systemic Autoimmune Disease, and Post-Traumatic Stress Disorder: A Mediational Analysis.",Brite J; Miller-Archie SA; Cone J,2022,5/27/22,https://pubmed.ncbi.nlm.nih.gov/35682106/,International journal of environmental research and public health,10.3390/ijerph19116514,mediation analysis; post-traumatic stress disorder; systemic autoimmune disease,
35588092,"Factors Associated with Use of HIV Prevention and Health Care Among Transgender Women - Seven Urban Areas, 2019-2020.",Lee K; Trujillo L; Olansky E; Robbins T; Brune CA; Morris E; Finlayson T; Kanny D; Wejnert C; National HIV Behavioral Surveillance among Transgender Women Study Group; National HIV Behavioral Surveillance among Transgender Women Study Group ,2022,5/20/22,https://pubmed.ncbi.nlm.nih.gov/35588092/,MMWR. Morbidity and mortality weekly report,10.15585/mmwr.mm7120a1,N/A,
35582988,"Prevalence of SARS-CoV-2 antibodies during phased access to vaccination: results from a population-based survey in New York City, September 2020-March 2021.",Parrott JC; Annibale AM; Osahan S; Alroy K; Caton JA; Chernov C; Dumas S; Fowler RC; Hermosi G; Hsin Y; Perlman S; Wu J; Hughes S; Gould LH; Schuster A,2022,5/18/22,https://pubmed.ncbi.nlm.nih.gov/35582988/,Epidemiology and infection,10.1017/S0950268822000875,Coronavirus; SARS; SARS-CoV-2; population health; seroprevalence; surveillance,
35604693,COVID-19 Transmission Due to Delta Variant in New York City Public Schools From October to December 2021.,Varma JK; Feldkamp C; Alexander M; Norman E; Agerton T; Davis R; Long T,2022,5/2/22,https://pubmed.ncbi.nlm.nih.gov/35604693/,JAMA network open,10.1001/jamanetworkopen.2022.13276,N/A,
35500175,"Reducing Disparities In Telemedicine: An Equity-Focused, Public Health Approach.",Lau J; Knudsen J,2022,5/1/22,https://pubmed.ncbi.nlm.nih.gov/35500175/,Health affairs (Project Hope),10.1377/hlthaff.2022.00314,N/A,
35332688,Identifying possible inaccuracy in reported birth head circumference measurements among infants in the US Zika Pregnancy and Infant Registry.,Roth NM; Woodworth KR; Godfred-Cato S; Delaney AM; Olson SM; Nahabedian JF; Reynolds MR; Jones AM; Neelam V; Valencia-Prado M; Delgado-López C; Lee EH; Ellis EM; Lake-Burger H; Tonzel JL; Higgins CA; Chan RL; Tong VT; Gilboa SM; Cragan JD; Honein MA; Moore CA,2022,5/1/22,https://pubmed.ncbi.nlm.nih.gov/35332688/,Birth defects research,10.1002/bdr2.1997,Zika virus infection; birth defects; congenital Zika syndrome; microcephaly; population surveillance; pregnancy,
35254399,Receipt of Early Intervention Services Before Age 3 Years and Performance on Third-Grade Standardized Tests Among Children Exposed to Lead.,Stingone JA; Sedlar S; Lim S; McVeigh KH,2022,5/1/22,https://pubmed.ncbi.nlm.nih.gov/35254399/,JAMA pediatrics,10.1001/jamapediatrics.2022.0008,N/A,
35212668,"Using molecular epidemiology to trace the history of the injection-related HIV epidemic in New York City, 1985-2019.",Torian LV; Forgione L; Wertheim JO,2022,5/1/22,https://pubmed.ncbi.nlm.nih.gov/35212668/,"AIDS (London, England)",10.1097/QAD.0000000000003208,N/A,
34866274,Change in 9/11-related post-traumatic stress symptoms following cancer diagnosis.,Yung J; Takemoto E; Cone J; Li J,2022,5/1/22,https://pubmed.ncbi.nlm.nih.gov/34866274/,Psycho-oncology,10.1002/pon.5855,cancer; oncology; post-traumatic stress disorder; world trade center disaster,
34687380,HIV and Intersectional Stigma Reduction Among Organizations Providing HIV Services in New York City: A Mixed-Methods Implementation Science Project.,Rodriguez-Hart C; Mackson G; Belanger D; West N; Brock V; Phanor J; Weigl S; Ahmed C; Soler J; Rule A; Cournos F; McKinnon K; Sandfort TGM,2022,5/1/22,https://pubmed.ncbi.nlm.nih.gov/34687380/,AIDS and behavior,10.1007/s10461-021-03498-0,HIV; Implementation science; Intersectional stigma; Mixed methods; Stigma,
34643872,Multimorbidity and Inpatient Utilization Among Older Adults with Opioid Use Disorder in New York City.,Han BH; Tuazon E; Y Wei M; Paone D,2022,5/1/22,https://pubmed.ncbi.nlm.nih.gov/34643872/,Journal of general internal medicine,10.1007/s11606-021-07130-8,geriatrics; multimorbidity; opioid use disorder; readmissions,
33729059,Association between HIV clinic caseloads and viral load suppression in New York City.,Ravikumar S; D'Aquila E; Daud M; Skinner C; Hayes C; Seabrook T; Crittendon E; Daskalakis D; Lim S; Abraham B,2022,5/1/22,https://pubmed.ncbi.nlm.nih.gov/33729059/,AIDS care,10.1080/09540121.2021.1896662,EtE; HIV; NYC; VLS,
34974472,"The Organization, Content, and Case-Finding Effectiveness of HIV Assisted Partner Services in High HIV Morbidity Areas of the United States.",Golden MR; AugsJoost B; Bender M; Brady KA; Collins LS; Dombrowski JD; Ealey J; Garcia C; George D; Gilliard B; Harris T; Johnson C; Khosropour CM; Rumanes SF; Surita K; Tabidze I; Udeagu CN; Walker-Baban C; Cramer NO,2022,4/15/22,https://pubmed.ncbi.nlm.nih.gov/34974472/,Journal of acquired immune deficiency syndromes (1999),10.1097/QAI.0000000000002904,N/A,
35416974,Prevalence and Management of Sexually Transmitted Infections in Correctional Settings: A Systematic Review.,Spaulding AC; Rabeeah Z; Del Mar González-Montalvo M; Akiyama MJ; Baker BJ; Bauer HM; Gibson BR; Nijhawan AE; Parvez F; Wangu Z; Chan PA; Rollins Investigational Team on STIs in Corrections,2022,4/13/22,https://pubmed.ncbi.nlm.nih.gov/35416974/,Clinical infectious diseases : an official publication of the Infectious Diseases Society of America,10.1093/cid/ciac122,Detention; Jail; Juvenile Justice; Prison; Sexually transmitted infections,
35387655,The use of electronic health records to inform cancer surveillance efforts: a scoping review and test of indicators for public health surveillance of cancer prevention and control.,Conderino S; Bendik S; Richards TB; Pulgarin C; Chan PY; Townsend J; Lim S; Roberts TR; Thorpe LE,2022,4/6/22,https://pubmed.ncbi.nlm.nih.gov/35387655/,BMC medical informatics and decision making,10.1186/s12911-022-01831-8,Common data model; Early detection of cancer; Electronic health records; Patient-Centered Clinical Research Network; Public health informatics; Public health surveillance,
35419149,Delays in Diagnosis and Treatment of Bacterial Meningitis in NYC: Retrospective Cohort Analysis.,Torres SD; Kim CY; Das M; Ankam JV; Luche N; Harmon M; Schorr EM; Glassberg B; Morse SS; Weiss D; Gofshteyn JS; Yeshokumar AK; Thakur KT,2022,4/1/22,https://pubmed.ncbi.nlm.nih.gov/35419149/,The Neurohospitalist,10.1177/19418744211037319,bacterial meningitis; central nervous system infection; diagnosis; misdiagnoses; neurological sequelae; vaccine preventable,
35350171,"Risk Factors for Invasive Meningococcal Disease Belonging to a Novel Urethritis Clade of <i>Neisseria meningitidis</i>-United States, 2013-2017.",Oliver SE; Retchless AC; Blain AE; McNamara LA; Ahrabifard S; Farley M; Weiss D; Zaremski E; Wang X; Hariri S,2022,4/1/22,https://pubmed.ncbi.nlm.nih.gov/35350171/,Open forum infectious diseases,10.1093/ofid/ofac035,Neisseria meningitidis; meningococcal disease; novel urethritis clade,
35141118,"Context, importance, and process for creating a body mass index surveillance system to monitor childhood obesity within the New York City public school setting.",Konty KJ; Day SE; Napier MD; Irvin E; Thompson HR; M D'Agostino E,2022,4/1/22,https://pubmed.ncbi.nlm.nih.gov/35141118/,Preventive medicine reports,10.1016/j.pmedr.2022.101704,N/A,
34979044,"Trajectories of posttraumatic stress symptoms following the September 11, 2001, terrorist attacks: A comparison of two modeling approaches.",Huber KA; Frazier PA; Alper HE; Brackbill RR,2022,4/1/22,https://pubmed.ncbi.nlm.nih.gov/34979044/,Journal of traumatic stress,10.1002/jts.22763,N/A,
34971605,Increasing access to single-visit contraception in urban health care settings: Findings from a multi-site learning collaborative.,Kawatu J; Clark M; Saul K; Quimby KD; Whitten A; Nelson S; Potter K; Kaplan DL,2022,4/1/22,https://pubmed.ncbi.nlm.nih.gov/34971605/,Contraception,10.1016/j.contraception.2021.12.005,Access; Contraception; LARC; Measures; Prevention; Quality improvement,
34961848,Reduced COVID-19 hospitalizations among New York City residents following age-based SARS-CoV-2 vaccine eligibility: Evidence from a regression discontinuity design.,Greene SK; Levin-Rector A; McGibbon E; Baumgartner J; Devinney K; Ternier A; Sell J; Kahn R; Kishore N,2022,4/1/22,https://pubmed.ncbi.nlm.nih.gov/34961848/,Vaccine: X,10.1016/j.jvacx.2021.100134,"CI, confidence interval; COVID-19; COVID-19, coronavirus disease 2019; DOHMH, Department of Health and Mental Hygiene; Epidemiology; NYC, New York City; Public Health; RR, rate ratio; SARS-CoV-2; SARS-CoV-2, severe acute respiratory syndrome coronavirus 2; Surveillance; Vaccines",
34599419,"PrEP Use and Correlates of Use Among a Large, Urban Sample of Men and Transgender Persons Who Have Sex with Men.",Rathakrishnan D; Purpura LJ; Salcuni PM; Myers JE; Wahnich A; Daskalakis DC; Edelstein ZR,2022,4/1/22,https://pubmed.ncbi.nlm.nih.gov/34599419/,AIDS and behavior,10.1007/s10461-021-03456-w,HIV; MSM; PrEP; Test; Transgender,
34426933,Primary Care Implementation of a Mandatory Prescription Drug Monitoring Program in New York City.,Chernick R; Allen B; Harocopos A,2022,4/1/22,https://pubmed.ncbi.nlm.nih.gov/34426933/,The journal of behavioral health services & research,10.1007/s11414-021-09766-0,N/A,
33729115,"A Mixed-Methods Study After Multiple Disasters: September 11, 2001, World Trade Center Terrorist Attacks and Hurricane Sandy.",Garrey SK; Ogunyemi AA; Gargano LM,2022,4/1/22,https://pubmed.ncbi.nlm.nih.gov/33729115/,Disaster medicine and public health preparedness,10.1017/dmp.2020.465,Hurricane Sandy; World Trade Center; disaster planning; mixed-methods; stress,
32316772,Impact of maternal stressors and neonatal clinical factors on post-partum depression screening scores.,Levinson M; Parvez B; Aboudi D; Shah S,2022,4/1/22,https://pubmed.ncbi.nlm.nih.gov/32316772/,"The journal of maternal-fetal & neonatal medicine : the official journal of the European Association of Perinatal Medicine, the Federation of Asia and Oceania Perinatal Societies, the International Society of Perinatal Obstetricians",10.1080/14767058.2020.1754394,Postpartum depression; anxiety; maternal mental health; mood disorders; stress,
34268573,Primary care provider perspectives on and utilization of a mandatory prescription drug monitoring program in New York City.,Harocopos A; Allen B; Chernick R,2022,3/24/22,https://pubmed.ncbi.nlm.nih.gov/34268573/,Family practice,10.1093/fampra/cmab074,Computers in medicine; opioid analgesic; prescription drug monitoring program; primary care; qualitative; substance use disorder,
35508198,Generating and Reporting Electronic Clinical Quality Measures from Electronic Health Records: Strategies from EvidenceNOW Cooperatives.,Richardson JE; Rasmussen LV; Dorr DA; Sirkin JT; Shelley D; Rivera A; Wu W; Cykert S; Cohen DJ; Kho AN,2022,3/1/22,https://pubmed.ncbi.nlm.nih.gov/35508198/,Applied clinical informatics,10.1055/s-0042-1748145,N/A,
35324055,Provider preferences for delivery of HIV care coordination services: results from a discrete choice experiment.,Zimba R; Fong C; Conte M; Baim-Lance A; Robertson M; Carmona J; Gambone G; Nash D; Irvine M,2022,3/1/22,https://pubmed.ncbi.nlm.nih.gov/35324055/,Journal of the International AIDS Society,10.1002/jia2.25887,HIV; New York City; adherence; antiretroviral therapy; care coordination; discrete choice experiment,
34990854,Onsite buprenorphine inductions at harm reduction agencies to increase treatment engagement and reduce HIV risk: Design and rationale.,Perez-Correa A; Abbas B; Riback L; Ghiroli M; Norton B; Murphy S; Jakubowski A; Hayes BT; Cunningham CO; Fox AD,2022,3/1/22,https://pubmed.ncbi.nlm.nih.gov/34990854/,Contemporary clinical trials,10.1016/j.cct.2021.106674,Buprenorphine; Low-threshold; Opioid use disorder; Syringe service programs,
34922786,Access to Contraceptives in School-Based Health Centers: Progress and Opportunities.,Sullivan EE; Love HL; Fisher RL; Schlitt JJ; Cook EL; Soleimanpour S,2022,3/1/22,https://pubmed.ncbi.nlm.nih.gov/34922786/,American journal of preventive medicine,10.1016/j.amepre.2021.08.030,N/A,
34728238,Exposure to urban green space may both promote and harm mental health in socially vulnerable neighborhoods: A neighborhood-scale analysis in New York City.,Yoo EH; Roberts JE; Eum Y; Li X; Konty K,2022,3/1/22,https://pubmed.ncbi.nlm.nih.gov/34728238/,Environmental research,10.1016/j.envres.2021.112292,Bayesian hierarchical spatial model; Emergency room (ER) visits; Mental disorders; Social vulnerability; Urban green space,
35270297,The Bidirectional Relationship between Posttraumatic Stress Symptoms and Social Support in a 9/11-Exposed Cohort: A Longitudinal Cross-Lagged Analysis.,Liu SY; Li J; Leon LF; Schwarzer R; Cone JE,2022,2/24/22,https://pubmed.ncbi.nlm.nih.gov/35270297/,International journal of environmental research and public health,10.3390/ijerph19052604,9/11 disaster; World Trade Center; cross-lagged analysis; longitudinal study; posttraumatic stress disorder; social support,
34498043,Cancer Incidence in World Trade Center Rescue and Recovery Workers: 14 Years of Follow-Up.,Li J; Yung J; Qiao B; Takemoto E; Goldfarb DG; Zeig-Owens R; Cone JE; Brackbill RM; Farfel MR; Kahn AR; Schymura MJ; Shapiro MZ; Dasaro CR; Todd AC; Kristjansson D; Prezant DJ; Boffetta P; Hall CB,2022,2/7/22,https://pubmed.ncbi.nlm.nih.gov/34498043/,Journal of the National Cancer Institute,10.1093/jnci/djab165,N/A,
36218834,How to Act Upon Racism-not Race-as a Risk Factor.,Chokshi DA; Foote MMK; Morse ME,2022,2/4/22,https://pubmed.ncbi.nlm.nih.gov/36218834/,JAMA health forum,10.1001/jamahealthforum.2022.0548,N/A,
35130278,"Reemergence of yellow fever virus in southeastern Brazil, 2017-2018: What sparked the spread?",Rosser JI; Nielsen-Saines K; Saad E; Fuller T,2022,2/1/22,https://pubmed.ncbi.nlm.nih.gov/35130278/,PLoS neglected tropical diseases,10.1371/journal.pntd.0010133,N/A,
37938691,MIxS-SA: a MIxS extension defining the minimum information standard for sequence data from symbiont-associated micro-organisms.,Jorge F; Brealey JC; Brindley PJ; Buysse M; Cantacessi C; Duron O; Fichorova R; Fitzpatrick CR; Hahn M; Hunter C; Hervé V; Knoll LJ; Kohl KD; Lalle M; Lukeš J; Martínez JM; Perkins SL; Poulin R; Rosario K; Schneider AC; Schriml LM; Thompson LR; Walls RL; Dheilly NM,2022,2/1/22,https://pubmed.ncbi.nlm.nih.gov/37938691/,ISME communications,10.1038/s43705-022-00092-w,N/A,
35080946,"US Food Industry Progress Toward Salt Reduction, 2009-2018.",Moran AJ; Wang J; Sharkey AL; Dowling EA; Curtis CJ; Kessler KA,2022,2/1/22,https://pubmed.ncbi.nlm.nih.gov/35080946/,American journal of public health,10.2105/AJPH.2021.306571,N/A,
35068077,Neighborhood walkability and poverty predict excessive gestational weight gain: A cross-sectional study in New York City.,Kinsey EW; Widen EM; Quinn JW; Huynh M; Van Wye G; Lovasi GS; Neckerman KM; Rundle AG,2022,2/1/22,https://pubmed.ncbi.nlm.nih.gov/35068077/,"Obesity (Silver Spring, Md.)",10.1002/oby.23339,N/A,
35043205,Postpartum Mother-To-Child Transmission of HIV in a Breastfeeding Infant.,Swain CA; Kaufman S; Miranda W; Haskin L; Parker MM; Shah D; Gonzalez C,2022,2/1/22,https://pubmed.ncbi.nlm.nih.gov/35043205/,Pediatrics,10.1542/peds.2021-051360,N/A,
34863914,"Laboratory diagnosis of bacterial meningitis by direct detection, serotyping and Next Generation Sequencing: How 10 years of testing in New York State has evolved to improve laboratory diagnosis and public health.",Long JR; Mitchell K; Edwards J; Wroblewski D; Luke E; Dickinson M; Kidney A; Dumas N; DelRosso P; Dorsinville M; Antwi M; Weiss D; Nazarian E; Limberger RJ; Musser KA; Halse TA,2022,2/1/22,https://pubmed.ncbi.nlm.nih.gov/34863914/,Molecular and cellular probes,10.1016/j.mcp.2021.101786,16S; Bacterial meningitis; Cerebrospinal fluid; Laboratory diagnosis; Next generation sequencing; Real-time PCR,
34331177,Durable Viral Suppression Among People with HIV and Problem Substance Use in the Era of Universal Antiretroviral Treatment.,Paschen-Wolff MM; Campbell ANC; Tross S; Choo TH; Pavlicova M; Braunstein S; Lazar R; Borges C; Castro M; Berg H; Harriman G; Remien RH; Des Jarlais D,2022,2/1/22,https://pubmed.ncbi.nlm.nih.gov/34331177/,AIDS and behavior,10.1007/s10461-021-03392-9,Adherence; Antiretroviral therapy; HIV/AIDS; Substance use; Viral load,
34310526,"Effectiveness of Syphilis Partner Notification After Adjusting for Treatment Dates, 7 Jurisdictions.",Cope AB; Bernstein KT; Matthias J; Rahman M; Diesel JC; Pugsley RA; Schillinger JA; Chew Ng RA; Klingler EJ; Mobley VL; Samoff E; Peterman TA,2022,2/1/22,https://pubmed.ncbi.nlm.nih.gov/34310526/,Sexually transmitted diseases,10.1097/OLQ.0000000000001518,N/A,
33016186,"Tuberculosis Contact Investigations Conducted in New York City Adult Day Care and Senior Centers, 2011-2018.",Jordan HT; Calderon M; Pichardo C; Ahuja SD,2022,2/1/22,https://pubmed.ncbi.nlm.nih.gov/33016186/,Journal of applied gerontology : the official journal of the Southern Gerontological Society,10.1177/0733464820960924,adult day care; aging; geriatric; prevention; transmission,
35089794,Epidemiological characteristics of the B.1.526 SARS-CoV-2 variant.,Yang W; Greene SK; Peterson ER; Li W; Mathes R; Graf L; Lall R; Hughes S; Wang J; Fine A,2022,1/28/22,https://pubmed.ncbi.nlm.nih.gov/35089794/,Science advances,10.1126/sciadv.abm0300,N/A,
37207114,Covid-19 Rates by Time since Vaccination during Delta Variant Predominance.,Paz-Bailey G; Sternberg M; Kugeler K; Hoots B; Amin AB; Johnson AG; Barbeau B; Bayoumi NS; Bertolino D; Boulton R; Brown CM; Busen K; Cima M; Drenzek C; Gent A; Haney G; Hicks L; Hook S; Jara A; Jones A; Kamal-Ahmed I; Kangas S; Kanishka FNU; Khan SI; Kirkendall SK; Kocharian A; Lyons BC; Lauro P; McCormick D; McMullen C; Milroy L; Reese HE; Sell J; Sierocki A; Smith E; Sosin D; Stanislawski E; Strand K; Troelstrup T; Turner KA; Vest H; Warner S; Wiedeman C; Silk B; Scobie HM,2022,1/10/22,https://pubmed.ncbi.nlm.nih.gov/37207114/,NEJM evidence,10.1056/evidoa2100057,N/A,
34992113,Factors associated with COVID-19 vaccine receipt at two integrated healthcare systems in New York City: a cross-sectional study of healthcare workers.,Oliver K; Raut A; Pierre S; Silvera L; Boulos A; Gale A; Baum A; Chory A; Davis NJ; D'Souza D; Freeman A; Goytia C; Hamilton A; Horowitz C; Islam N; Jeavons J; Knudsen J; Li S; Lupi J; Martin R; Maru S; Nabeel I; Pimenova D; Romanoff A; Rusanov S; Schwalbe NR; Vangeepuram N; Vreeman R; Masci J; Maru D,2022,1/6/22,https://pubmed.ncbi.nlm.nih.gov/34992113/,BMJ open,10.1136/bmjopen-2021-053641,COVID-19; preventive medicine; public health,
35050357,In-Person vs Electronic Directly Observed Therapy for Tuberculosis Treatment Adherence: A Randomized Noninferiority Trial.,Burzynski J; Mangan JM; Lam CK; Macaraig M; Salerno MM; deCastro BR; Goswami ND; Lin CY; Schluger NW; Vernon A; eDOT Study Team,2022,1/4/22,https://pubmed.ncbi.nlm.nih.gov/35050357/,JAMA network open,10.1001/jamanetworkopen.2021.44210,N/A,
36398639,Local Legal Strategies to Increase Vaccination During the COVID-19 Pandemic - Lessons from New York City.,Landau L; Stark N; Chokshi DA,2022,1/1/22,https://pubmed.ncbi.nlm.nih.gov/36398639/,"The Journal of law, medicine & ethics : a journal of the American Society of Law, Medicine & Ethics",10.1017/jme.2022.71,COVID-19; Law; New York City; Pandemic; Vaccines,
36383123,The COVID-19 Public Health Response: Similarities and Differences to a Radiological Emergency Response With Implications for Radiological Planning.,Maiello ML,2022,1/1/22,https://pubmed.ncbi.nlm.nih.gov/36383123/,Health security,10.1089/hs.2022.0112,COVID-19; Consequence management; Dirty bomb; Incident characterization; Medical management/response; Public health preparedness/response; Radiological dispersal device,
35861302,"Community-Based Workforce for COVID-19 Contact Tracing and Prevention Activities in New York City, July-December 2020.",Udeagu CN; Huang J; Misra K; Terilli T; Ramos Y; Alexander M; Kim C; Madad S; Williams R; Bethala S; Pitiranggon M; Blaney K; Keeley C; Bray J; Long T; Vora NM,2022,1/1/22,https://pubmed.ncbi.nlm.nih.gov/35861302/,"Public health reports (Washington, D.C. : 1974)",10.1177/00333549221110833,COVID-19; community health workers; contact tracing; health equity; home visits,
35675675,A Radiological Emergency Health and Safety Plan for City Agencies Without First Response Responsibilities.,Maiello ML; Duarte M,2022,1/1/22,https://pubmed.ncbi.nlm.nih.gov/35675675/,Health security,10.1089/hs.2021.0194,Emergency response; Incident characterization; Incident management; Public health preparedness/response; Radiological incident,
35617642,"Gaps in naloxone ownership among people who inject drugs during the fentanyl wave of the opioid overdose epidemic in New York City, 2018.",Rivera AV; Nolan ML; Paone D; Carrillo SA; Braunstein SL,2022,1/1/22,https://pubmed.ncbi.nlm.nih.gov/35617642/,Substance abuse,10.1080/08897077.2022.2074597,Naloxone; PWID; fentanyl; overdose prevention,
35558526,Implementation Facilitators and Challenges of a Place-Based Intervention to Reduce Health Disparities in Harlem Through Community Activation and Mobilization.,VanDevanter N; Zhong L; Dannefer R; Manyindo N; Walker S; Otero V; Smith K; Keita R; Thorpe L; Drackett E; Seidl L; Brown-Dudley L; Earle K; Islam N,2022,1/1/22,https://pubmed.ncbi.nlm.nih.gov/35558526/,Frontiers in public health,10.3389/fpubh.2022.689942,community mobilization; health equity; place-based initiative; public housing; structural racism,
35557551,Beverage Availability and Price: Variations by Neighborhood Poverty Level in New York City.,Bragg MA; Rummo PE; Greene T; Arshonsky J; Anekwe AV; Mezzacca TA; Farley SM,2022,1/1/22,https://pubmed.ncbi.nlm.nih.gov/35557551/,Health equity,10.1089/heq.2021.0069,beverages; food environment; obesity; sugary drinks,
35497392,Racial and Ethnic Disparities in COVID-19-Like Illness and Impacts of Social Distancing and Working from Home.,Lim S; Dominianni C; Alroy KA; Baquero M; Crossa A; Gould LH,2022,1/1/22,https://pubmed.ncbi.nlm.nih.gov/35497392/,Ethnicity & disease,10.18865/ed.32.2.123,COVID-19; Environment; Health Equity; Health Status Disparities,
35146479,Temporal Aspects of the Association between Exposure to the World Trade Center Disaster and Risk of Cutaneous Melanoma.,Boffetta P; Goldfarb DG; Zeig-Owens R; Kristjansson D; Li J; Brackbill RM; Farfel MR; Cone JE; Yung J; Kahn AR; Qiao B; Schymura MJ; Webber MP; Prezant DJ; Dasaro CR; Todd AC; Hall CB,2022,1/1/22,https://pubmed.ncbi.nlm.nih.gov/35146479/,JID innovations : skin science from molecules to population health,10.1016/j.xjidi.2021.100063,"9/11, 11 September 2001; CI, confidence interval; FDNY, Fire Department of the City of New York; HR, hazard ratio; NYS, New York State; WTC, World Trade Center",
35045074,The New York City Department of Health and Mental Hygiene School Vision Program: A description of program expansion.,Day S; Acquafredda E; Humphrey J; Johnson M; Fitzpatrick M; Spasojevic J; Konty K,2022,1/1/22,https://pubmed.ncbi.nlm.nih.gov/35045074/,PloS one,10.1371/journal.pone.0261299,N/A,
35035235,E-cigarette Use Among Middle and High School Students in New York City Before and After Passage of Tobacco 21.,Debchoudhury I; Farley SM; Roods K; Talati A; Jasek J,2022,1/1/22,https://pubmed.ncbi.nlm.nih.gov/35035235/,Tobacco use insights,10.1177/1179173X211065997,E-cigarette; New York City; Tobacco 21; youth,
35023400,Collecting Data During the COVID-19 Pandemic: Lessons From an In-Person Survey of People Who Use Opioids.,Jessell L; Zaidi I; Dominguez-Gomez L; Harocopos A,2022,1/1/22,https://pubmed.ncbi.nlm.nih.gov/35023400/,"Public health reports (Washington, D.C. : 1974)",10.1177/00333549211063473,COVID-19; hard-to-reach populations; opioid use; surveillance methods,
34746912,Lives saved and hospitalizations averted by COVID-19 vaccination in New York City: a modeling study.,Shoukat A; Vilches TN; Moghadas SM; Sah P; Schneider EC; Shaff J; Ternier A; Chokshi DA; Galvani AP,2022,1/1/22,https://pubmed.ncbi.nlm.nih.gov/34746912/,Lancet regional health. Americas,10.1016/j.lana.2021.100085,Alpha variant; Coronavirus; Delta variant; Gamma variant; Iota variant; SARS-CoV-2; mathematical modelling,
34694921,"Association Between Time to First RNA-Negative Test Result Among People With Hepatitis C Virus Infection and Homelessness or Testing at a Correctional or Substance Use Treatment Facility, New York City.",Moore MS; Bocour A,2022,1/1/22,https://pubmed.ncbi.nlm.nih.gov/34694921/,"Public health reports (Washington, D.C. : 1974)",10.1177/00333549211049263,RNA-negative timing; hepatitis C virus; homelessness; incarceration; substance use treatment,
34688496,"""I didn't feel like a number"": The impact of nurse care managers on the provision of buprenorphine treatment in primary care settings.",Beharie N; Kaplan-Dobbs M; Urmanche A; Paone D; Harocopos A,2022,1/1/22,https://pubmed.ncbi.nlm.nih.gov/34688496/,Journal of substance abuse treatment,10.1016/j.jsat.2021.108633,Buprenorphine; Nurse care managers; Opioid use disorder; Primary care,
34666633,Costs of opioid overdose education and naloxone distribution in New York City.,Behrends CN; Gutkind S; Winkelstein E; Wright M; Dolatshahi J; Welch A; Paone D; Kunins HV; Schackman BR,2022,1/1/22,https://pubmed.ncbi.nlm.nih.gov/34666633/,Substance abuse,10.1080/08897077.2021.1986877,Cost; naloxone; overdose education,
34642866,Biostatistics and Epidemiology for the Toxicologist: Incidence and Prevalence.,DiSalvo P; Su MK,2022,1/1/22,https://pubmed.ncbi.nlm.nih.gov/34642866/,Journal of medical toxicology : official journal of the American College of Medical Toxicology,10.1007/s13181-021-00860-5,Biostatistics; Incidence; Prevalence; Statistics,
34618312,Community Perceptions in New York City: Sugar-Sweetened Beverage Policies and Programs in the First 1000 Days.,Braid L; Oliva R; Nichols K; Reyes A; Guzman J; Goldman RE; Woo Baidal JA,2022,1/1/22,https://pubmed.ncbi.nlm.nih.gov/34618312/,Maternal and child health journal,10.1007/s10995-021-03255-8,Low-income; Nutrition; Obesity; Policy; Sugar-sweetened beverages,
34536177,Survival Among New Yorkers with HIV from 1981 to 2017: Inequities by Race/Ethnicity and Transmission Risk Persist into the Post-HAART Era.,Braunstein SL; Kersanske L; Torian LV; Lazar R; Harriman G,2022,1/1/22,https://pubmed.ncbi.nlm.nih.gov/34536177/,AIDS and behavior,10.1007/s10461-021-03382-x,Antiretroviral therapy; HIV; Mortality; Risk factors; Survival,
34157857,Impact of COVID-19 on Peer Support Specialists in the United States: Findings From a Cross-Sectional Online Survey.,Adams WE; Rogers ES; Edwards JP; Lord EM; McKnight L; Barbone M,2022,1/1/22,https://pubmed.ncbi.nlm.nih.gov/34157857/,"Psychiatric services (Washington, D.C.)",10.1176/appi.ps.202000915,Coronavirus/COVID-19; Rehabilitation/psychosocial; Social support networks; Social support specialists,
33909521,Cardiovascular Disease Risk Factors Among Immigrant and US-Born Adults in New York City.,Chernov C; Wang L; Thorpe LE; Islam N; Freeman A; Trinh-Shevrin C; Kanchi R; Perlman SE,2022,1/1/22,https://pubmed.ncbi.nlm.nih.gov/33909521/,"Public health reports (Washington, D.C. : 1974)",10.1177/00333549211007519,cardiovascular disease; diabetes; hypertension; immigrant health; non–US-born; urban health,
35010318,Exploratory Case Study of Suicide among a Sample of 9/11 Survivors.,Seil K; Takemoto E; Farfel MR; Huynh M; Li J,2021,12/22/21,https://pubmed.ncbi.nlm.nih.gov/35010318/,International journal of environmental research and public health,10.3390/ijerph19010057,9/11 disaster; World Trade Center; case study; data linkage; mortality; suicide,
34874629,Covid-19 and the Safety Net - Moving from Straining to Sustaining.,Knudsen J; Chokshi DA,2021,12/9/21,https://pubmed.ncbi.nlm.nih.gov/34874629/,The New England journal of medicine,10.1056/NEJMp2114010,N/A,
36417219,Associations of Embeddedness and Posttraumatic Stress Disorder among 9/11 Survivors.,Hamwey MK; Pollari CD; Osahan S; Garrey SK; Ortega FM; Solomon A; Brackbill RM,2021,12/8/21,https://pubmed.ncbi.nlm.nih.gov/36417219/,"Epidemiologia (Basel, Switzerland)",10.3390/epidemiologia2040041,9/11; PTSD; embeddedness; self-efficacy; social integration; social support,
36218910,Medicine's Role in Reimagining Public Health: Reuniting Panacea and Hygeia.,DeSalvo KB; Kadakia KT; Chokshi DA,2021,12/3/21,https://pubmed.ncbi.nlm.nih.gov/36218910/,JAMA health forum,10.1001/jamahealthforum.2021.4051,N/A,
34921094,Incidence rates of systemic lupus erythematosus in the USA: estimates from a meta-analysis of the Centers for Disease Control and Prevention national lupus registries.,Izmirly PM; Ferucci ED; Somers EC; Wang L; Lim SS; Drenkard C; Dall'Era M; McCune WJ; Gordon C; Helmick C; Parton H,2021,12/1/21,https://pubmed.ncbi.nlm.nih.gov/34921094/,Lupus science & medicine,10.1136/lupus-2021-000614,autoimmune diseases; epidemiology; systemic lupus erythematosus,
34917695,Extensively Drug-Resistant Typhoid Fever in the United States.,Hughes MJ; Birhane MG; Dorough L; Reynolds JL; Caidi H; Tagg KA; Snyder CM; Yu AT; Altman SM; Boyle MM; Thomas D; Robbins AE; Waechter HA; Cody I; Mintz ED; Gutelius B; Langley G; Francois Watkins LK,2021,12/1/21,https://pubmed.ncbi.nlm.nih.gov/34917695/,Open forum infectious diseases,10.1093/ofid/ofab572,Pakistan; Salmonella Typhi infection; drug resistance; enteric fever; microbial; treatment,
34890015,Correction to: Assessing the Health and Economic Impact of a Potential Menthol Cigarette Ban in New York City: a Modeling Study.,Li Y; Sisti J; Flórez KR; Albrecht SS; Viswanath A; Davila M; Cantrell J; Brahmbhatt D; Thompson AB; Jasek J; Chambers EC,2021,12/1/21,https://pubmed.ncbi.nlm.nih.gov/34890015/,Journal of urban health : bulletin of the New York Academy of Medicine,10.1007/s11524-021-00597-0,N/A,
34878865,Implementing a Methadone Delivery System in New York City in Response to COVID-19.,Harocopos A; Nolan ML; Goldstein GP; Mantha S; O'Neill M; Paone D,2021,12/1/21,https://pubmed.ncbi.nlm.nih.gov/34878865/,American journal of public health,10.2105/AJPH.2021.306523,N/A,
34878856,Adapting Survey Data Collection to Respond to the COVID-19 Pandemic: Experiences From a Local Health Department.,Seligson AL; Alroy KA; Sanderson M; Maleki AN; Fernandez S; Aviles A; Dumas SE; Perlman SE; Peebles K; Norman CC; Gwynn RC; Gould LH,2021,12/1/21,https://pubmed.ncbi.nlm.nih.gov/34878856/,American journal of public health,10.2105/AJPH.2021.306515,N/A,
34845655,Multi-Level Socioenvironmental Contributors to Childhood Asthma in New York City: a Cluster Analysis.,Khan S; Bajwa S; Brahmbhatt D; Lovinsky-Desir S; Sheffield PE; Stingone JA; Li S,2021,12/1/21,https://pubmed.ncbi.nlm.nih.gov/34845655/,Journal of urban health : bulletin of the New York Academy of Medicine,10.1007/s11524-021-00582-7,Asthma; Cluster analysis; Environmental health; Health equity,
34811699,"Utilization of Maternal Health Care Among Immigrant Mothers in New York City, 2016-2018.",Maru S; Glenn L; Belfon K; Birnie L; Brahmbhatt D; Hadler M; Janevic T; Reynolds S,2021,12/1/21,https://pubmed.ncbi.nlm.nih.gov/34811699/,Journal of urban health : bulletin of the New York Academy of Medicine,10.1007/s11524-021-00584-5,N/A,
34811698,Associations between Experiences of Police Contact and Discrimination by the Police and Courts and Health Outcomes in a Representative Sample of Adults in New York City.,Thompson A; Baquero M; English D; Calvo M; Martin-Howard S; Rowell-Cunsolo T; Garretson M; Brahmbhatt D,2021,12/1/21,https://pubmed.ncbi.nlm.nih.gov/34811698/,Journal of urban health : bulletin of the New York Academy of Medicine,10.1007/s11524-021-00583-6,Binge drinking; Mental health; Physical health; Social discrimination; Social environment; Social marginalization; Stress,
34799822,Health Data for New York City Overview: Advancing Health Equity through Policy-Relevant Collaborative Research.,Calvo M; Kelman E; Gould LH; Gwynn RC; Bates LM; Davila M; Gany F; Huynh M; Siscovick D,2021,12/1/21,https://pubmed.ncbi.nlm.nih.gov/34799822/,Journal of urban health : bulletin of the New York Academy of Medicine,10.1007/s11524-021-00587-2,N/A,
34751902,Assessing the Health and Economic Impact of a Potential Menthol Cigarette Ban in New York City: a Modeling Study.,Li Y; Sisti J; Flórez KR; Albrecht SS; Viswanath A; Davila M; Cantrell J; Brahmbhatt D; Thompson AB; Jasek J; Chambers EC,2021,12/1/21,https://pubmed.ncbi.nlm.nih.gov/34751902/,Journal of urban health : bulletin of the New York Academy of Medicine,10.1007/s11524-021-00581-8,Cardiovascular disease; Health disparity; Tobacco control; Urban health,
34647330,"Screening, Monitoring, and Referral to Treatment for Young Adolescents at an Urban School-Based Health Center.",Burke RE; Hoffman ND; Guy L; Bailey J; Silver EJ,2021,12/1/21,https://pubmed.ncbi.nlm.nih.gov/34647330/,The Journal of school health,10.1111/josh.13089,adolescent health; mental health; pediatric symptom checklist-17-youth self-report (PSC-17-Y); primary care; psychosocial screening; school-based health centers,
34634472,Mortality among clients in the New York city HIV Care Coordination Program (CCP): incidence and associated clinical factors.,Robertson MM; Irvine MK; Penrose K; Harriman G; Braunstein SL; Nash D,2021,12/1/21,https://pubmed.ncbi.nlm.nih.gov/34634472/,Annals of epidemiology,10.1016/j.annepidem.2021.10.001,Acute care; All-cause mortality; Case management; Comorbidities; Hiv,
34510114,Trends in HIV prevalence by self-report among MSM diagnosed and reported with gonorrhea in six United States jurisdictions from 2010 to 2019.,Stenger MR; Pathela P; Schumacher C; Burghardt N; Amiya R; Madera R; Nguyen TQ; Torrone E,2021,12/1/21,https://pubmed.ncbi.nlm.nih.gov/34510114/,"AIDS (London, England)",10.1097/QAD.0000000000003067,N/A,
34475362,Strengthening the US Response to Resistant Gonorrhea: An Overview of a Multisite Program to Enhance Local Response Capacity for Antibiotic-Resistant Neisseria gonorrhoeae.,Schlanger K; Learner ER; Pham CD; Mauk K; Golden M; Wendel KA; Amsterdam L; McNeil CJ; Johnson K; Nguyen TQ; Holderman JL; Hasty GL; St Cyr SB; Town K; Nash EE; Kirkcaldy RD; SURRG Working Group,2021,12/1/21,https://pubmed.ncbi.nlm.nih.gov/34475362/,Sexually transmitted diseases,10.1097/OLQ.0000000000001545,N/A,
34433798,"Demographic and Epidemiological Characteristics Associated With Reduced Antimicrobial Susceptibility to Neisseria gonorrhoeae in the United States, Strengthening the US Response to Resistant Gonorrhea, 2018 to 2019.",Gieseker KE; Learner ER; Mauk K; Barbee LA; McNeil CJ; Hasty GL; Black JM; Johnson K; Nguyen TQ; Shrestha D; Pham CD; St Cyr S; Schlanger K; Kirkcaldy RD; SURRG Working Group,2021,12/1/21,https://pubmed.ncbi.nlm.nih.gov/34433798/,Sexually transmitted diseases,10.1097/OLQ.0000000000001541,N/A,
34433797,"Impact of Anatomic Site, Specimen Collection Timing, and Patient Symptom Status on Neisseria gonorrhoeae Culture Recovery.",Nash EE; Pham CD; Raphael B; Learner ER; Mauk K; Weiner J; Mettenbrink C; Thibault CS; Fukuda A; Dobre-Buonya O; Black JM; Johnson K; Sellers K; Schlanger K; SURRG Working Group,2021,12/1/21,https://pubmed.ncbi.nlm.nih.gov/34433797/,Sexually transmitted diseases,10.1097/OLQ.0000000000001540,N/A,
34433794,Implementation and Evaluation of Gradient Strip Antimicrobial Susceptibility Testing in US Public Health Laboratories to Respond to Resistant Gonorrhea.,Raphael BH; Pham CD; Sharpe S; Mauk K; Harvey A; Khubbar M; Triplett L; Soge OO; Denny M; Palavecino EL; Finney R; Olsen A; Carlson J; St Cyr SB; Schlanger K; Kersh EN; Strengthening the US Response to Resistant Gonorrhea Working Group,2021,12/1/21,https://pubmed.ncbi.nlm.nih.gov/34433794/,Sexually transmitted diseases,10.1097/OLQ.0000000000001535,N/A,
34407013,Targeting Culture Criteria to Maximize Culture Positivity of Neisseria gonorrhoeae in 3 Sexual Health Clinic Settings.,Nguyen TQ; Jamison K; Pfister J; Sankaran M; Amsterdam L; Siemetzk-Kapoor U; Pathela P,2021,12/1/21,https://pubmed.ncbi.nlm.nih.gov/34407013/,Sexually transmitted diseases,10.1097/OLQ.0000000000001528,N/A,
34407012,"Outcomes of Traditional and Enhanced Gonorrhea Partner Services in the Strengthening the US Response to Resistant Gonorrhea Project, 2017 to 2019.",Learner ER; Schlanger K; Mauk K; Pham CD; Mukai R; Mulleavey L; Kerani RP; Albano T; Sessoms B; Holderman JL; Toro B; Sankaran M; Kirkcaldy RD; SURRG Working Group,2021,12/1/21,https://pubmed.ncbi.nlm.nih.gov/34407012/,Sexually transmitted diseases,10.1097/OLQ.0000000000001527,N/A,
34313899,Telephone Patient Navigation Increases Follow-Up Hepatitis B Care in the Postpartum Period for Immigrants Living in New York City.,Schwartz J; Bocour A; Tang L; Pene F; Johnson N; Lazaroff J; Moore MS; Winters A,2021,12/1/21,https://pubmed.ncbi.nlm.nih.gov/34313899/,Journal of immigrant and minority health,10.1007/s10903-021-01240-5,Culturally appropriate services; Hepatitis B virus infection; Patient navigation; Public health intervention; Surveillance data,
34310528,Exploring and Comparing the Structure of Sexual Networks Affected by Neisseria gonorrhoeae Using Sexual Partner Services Investigation and Genomic Data.,Town K; Learner ER; Chivukula VL; Mauk K; Reimche JL; Schmerer MW; Black J; Pathela P; Bhattacharyya S; Kerani RP; Gieseker KE; Fukuda A; Sankaran M; McNeil CJ; Spicknall IH; Raphael BH; St Cyr SB; Bernstein K; Kersh EN; Kirkcaldy RD; Schlanger K; Gernert KM; SURRG Working Group,2021,12/1/21,https://pubmed.ncbi.nlm.nih.gov/34310528/,Sexually transmitted diseases,10.1097/OLQ.0000000000001520,N/A,
34091581,An Automated Syphilis Serology Record Search and Review Algorithm to Prioritize Investigations by Health Departments.,Karki S; Peterman TA; Johnson K; Hennessy RR; Matthias J; Wilson C; Mishra N; Weinstock H,2021,12/1/21,https://pubmed.ncbi.nlm.nih.gov/34091581/,Sexually transmitted diseases,10.1097/OLQ.0000000000001489,N/A,
34732582,Opinion: Public health and police: Building ethical and equitable opioid responses.,Allen B; Feldman JM; Paone D,2021,11/9/21,https://pubmed.ncbi.nlm.nih.gov/34732582/,Proceedings of the National Academy of Sciences of the United States of America,10.1073/pnas.2118235118,N/A,
33458740,"Population-Based Estimates of Coronavirus Disease 2019 (COVID-19)-like Illness, COVID-19 Illness, and Rates of Case Ascertainment, Hospitalizations, and Deaths-Noninstitutionalized New York City Residents, March-April 2020.",Alroy KA; Crossa A; Dominianni C; Sell J; Bartley K; Sanderson M; Fernandez S; Levanon Seligson A; Lim S; Wang SM; Dumas SE; Perlman SE; Konty K; Olson DR; Gould LH; Greene SK,2021,11/2/21,https://pubmed.ncbi.nlm.nih.gov/33458740/,Clinical infectious diseases : an official publication of the Infectious Diseases Society of America,10.1093/cid/ciab038,COVID-19; New York City; burden; mortality; population-based survey,
33147319,Lack of Antibodies to Severe Acute Respiratory Syndrome Coronavirus 2 (SARS-CoV-2) in a Large Cohort of Previously Infected Persons.,Petersen LR; Sami S; Vuong N; Pathela P; Weiss D; Morgenthau BM; Henseler RA; Daskalakis DC; Atas J; Patel A; Lukacs S; Mackey L; Grohskopf LA; Thornburg N; Akinbami LJ,2021,11/2/21,https://pubmed.ncbi.nlm.nih.gov/33147319/,Clinical infectious diseases : an official publication of the Infectious Diseases Society of America,10.1093/cid/ciaa1685,SARS-CoV-2; antibody; immunology; risk factors,
32829411,The Distribution and Spread of Susceptible and Resistant Neisseria gonorrhoeae Across Demographic Groups in a Major Metropolitan Center.,Mortimer TD; Pathela P; Crawley A; Rakeman JL; Lin Y; Harris SR; Blank S; Schillinger JA; Grad YH,2021,11/2/21,https://pubmed.ncbi.nlm.nih.gov/32829411/,Clinical infectious diseases : an official publication of the Infectious Diseases Society of America,10.1093/cid/ciaa1229,antimicrobial resistance; epidemiology; gonorrhea; sexually transmitted infection; whole genome sequencing,
34686296,Public Health Detailing to Promote HIV Pre- and Postexposure Prophylaxis Among Women's Healthcare Providers in New York City.,Wahnich A; Gandhi AD; Cleghorn E; Estacio K; Blackstock OJ; Myers JE; Abraham B; Edelstein ZR,2021,11/1/21,https://pubmed.ncbi.nlm.nih.gov/34686296/,American journal of preventive medicine,10.1016/j.amepre.2021.05.032,N/A,
34686295,Academic Detailing to Increase Prescribing of HIV Pre-exposure Prophylaxis.,Krakower DS; Naja-Riese GM; Edelstein ZR; Gandhi AD; Wahnich A; Fischer MA,2021,11/1/21,https://pubmed.ncbi.nlm.nih.gov/34686295/,American journal of preventive medicine,10.1016/j.amepre.2021.05.030,N/A,
34425451,SARS-CoV-2 N gene mutations impact detection by clinical molecular diagnostics: reports in two cities in the United States.,Leelawong M; Mitchell SL; Fowler RC; Gonzalez E; Hughes S; Griffith MP; Marsh JW; Harrison LH; Rakeman JL,2021,11/1/21,https://pubmed.ncbi.nlm.nih.gov/34425451/,Diagnostic microbiology and infectious disease,10.1016/j.diagmicrobio.2021.115468,COVID-19; Cepheid XpertXpress; SARS-CoV-2; SARS-CoV-2 diagnostic testing; single nucleotide polymorphisms,
34391928,"Persistent disparities in SARS-CoV-2 test percent positivity by neighborhood in New York City, March 1-July 25, 2020.",Chan PY; Greene SK; Lim SW; Fine A; Thompson CN,2021,11/1/21,https://pubmed.ncbi.nlm.nih.gov/34391928/,Annals of epidemiology,10.1016/j.annepidem.2021.07.032,"ACS, American community survey; CI, confidence interval; COVID-19, SARS-CoV-2, Health status disparities, Race factors, Residence characteristics, Socioeconomic factors, Population surveillance, Epidemiology, Abbreviations, SES, socioeconomic status; NYC DOHMH, New York City Department of Health and Mental Hygiene; NYC, New York City; modZCTA, modified ZIP Code tabulation area",
34385349,Deaths in Children and Adolescents Associated With COVID-19 and MIS-C in the United States.,McCormick DW; Richardson LC; Young PR; Viens LJ; Gould CV; Kimball A; Pindyck T; Rosenblum HG; Siegel DA; Vu QM; Komatsu K; Venkat H; Openshaw JJ; Kawasaki B; Siniscalchi AJ; Gumke M; Leapley A; Tobin-D'Angelo M; Kauerauf J; Reid H; White K; Ahmed FS; Richardson G; Hand J; Kirkey K; Larson L; Byers P; Garcia A; Ojo M; Zamcheck A; Lash MK; Lee EH; Reilly KH; Wilson E; de Fijter S; Naqvi OH; Harduar-Morano L; Burch AK; Lewis A; Kolsin J; Pont SJ; Barbeau B; Bixler D; Reagan-Steiner S; Koumans EH; Pediatric Mortality Investigation Team,2021,11/1/21,https://pubmed.ncbi.nlm.nih.gov/34385349/,Pediatrics,10.1542/peds.2021-052273,N/A,
34354022,"Improving Patient Outcomes in the Dual Crises of Climate Change and COVID-19: Proceedings of the Third Annual Clinical Climate Change Meeting, January 8, 2021.",Senay E; Bernstein A; Shephard P; Salas R; Rizzo A; Sherman JD; Richardson L; Butts G; Marwah H; Solomon C; Galvez M; Thanik E; Pezeshki G; Zajac L; Lee A; Sheffield P; Wright R,2021,11/1/21,https://pubmed.ncbi.nlm.nih.gov/34354022/,Journal of occupational and environmental medicine,10.1097/JOM.0000000000002345,N/A,
34314625,Restaurant Date-Marking Practices Concerning Ready-to-Eat Food Requiring Time and Temperature Control for Safety.,Brown LG; Ebrahim-Zadeh SD; Hoover ER; DiPrete L; Matis B; Viveiros B; Irving DJ; Copeland D; Nicholas D; Hedeen N; Tuttle J; Williams L; Liggans G; Kramer A,2021,11/1/21,https://pubmed.ncbi.nlm.nih.gov/34314625/,Foodborne pathogens and disease,10.1089/fpd.2021.0003,TCS foods; date-marking policy; food safety; foodborne outbreaks; potentially hazardous food,
34265065,"A Series of Papaya-Associated Salmonella Illness Outbreak Investigations in 2017 and 2019: A Focus on Traceback, Laboratory, and Collaborative Efforts.",Whitney BM; McCLURE M; Hassan R; Pomeroy M; Seelman SL; Singleton LN; Blessington T; Hardy C; Blankenship J; Pereira E; Davidson CN; Luo Y; Pettengill J; Curry P; McCONNELL T; Gieraltowski L; Schwensohn C; Basler C; Fritz K; McKENNA C; Nieves K; Oliveira J; Sandoval AL; Crosby A; Williams D; Crocker K; Thomas D; Fulton T; Muetter L; Li L; Omoregie E; Holloman K; Brennan C; Thomas N; Barnes A; Viazis S,2021,11/1/21,https://pubmed.ncbi.nlm.nih.gov/34265065/,Journal of food protection,10.4315/JFP-21-082,Salmonella; Foodborne illness outbreaks; Papaya; Traceback investigation,
32930623,"Asthma-COPD overlap in World Trade Center Health Registry enrollees, 2015-2016.",Haghighi A; Cone JE; Li J; de la Hoz RE,2021,11/1/21,https://pubmed.ncbi.nlm.nih.gov/32930623/,The Journal of asthma : official journal of the Association for the Care of Asthma,10.1080/02770903.2020.1817935,Epidemiology; phenotypes,
34445886,Health Impact and Cost-Effectiveness of Achieving the National Salt and Sugar Reduction Initiative Voluntary Sugar Reduction Targets in the United States: A Microsimulation Study.,Shangguan S; Mozaffarian D; Sy S; Lee Y; Liu J; Wilde PE; Sharkey AL; Dowling EA; Marklund M; Abrahams-Gessel S; Gaziano TA; Micha R,2021,10/26/21,https://pubmed.ncbi.nlm.nih.gov/34445886/,Circulation,10.1161/CIRCULATIONAHA.121.053678,cardiovascular diseases; costs and cost analysis; health equity; nutrition policy; obesity; sugars,
34641892,HIV Care Coordination promotes care re-engagement and viral suppression among people who have been out of HIV medical care: an observational effectiveness study using a surveillance-based contemporaneous comparison group.,Irvine MK; Robertson MM; Nash D; Kulkarni SG; Braunstein SL; Levin B,2021,10/12/21,https://pubmed.ncbi.nlm.nih.gov/34641892/,AIDS research and therapy,10.1186/s12981-021-00398-0,Care re-engagement; Case management; Cohort studies; HIV care continuum; HIV surveillance; North America; Public health; Ryan White; Viral suppression,
34709870,"Successful, Easy to Access, Online Publication of COVID-19 Data During the Pandemic, New York City, 2020.",Montesano MPM; Johnson K; Tang A; Slutsker JS; Chan PY; Guerra K; MacGregor J; Grossman J; Kennelly M; Thompson CN,2021,10/1/21,https://pubmed.ncbi.nlm.nih.gov/34709870/,American journal of public health,10.2105/AJPH.2021.306446,N/A,
34695115,"Evaluating Surveillance for and Estimating Administration of Rabies Postexposure Prophylaxis in the United States, 2012-2018.",Whitehouse ER; Person MK; Brown CM; Slavinski S; Rao AK; Blanton JD,2021,10/1/21,https://pubmed.ncbi.nlm.nih.gov/34695115/,PLoS neglected tropical diseases,10.1371/journal.pntd.0009878,N/A,
34558721,"Stroke hospitalizations, posttraumatic stress disorder, and 9/11-related dust exposure: Results from the World Trade Center Health Registry.",Yu S; Alper HE; Nguyen AM; Maqsood J; Brackbill RM,2021,10/1/21,https://pubmed.ncbi.nlm.nih.gov/34558721/,American journal of industrial medicine,10.1002/ajim.23271,9/11 disaster; PTSD; World Trade Center; dust exposure; hemorrhagic stroke; ischemic stroke; recurrent stroke,
34507966,Temporal association of prostate cancer incidence with World Trade Center rescue/recovery work.,Goldfarb DG; Zeig-Owens R; Kristjansson D; Li J; Brackbill RM; Farfel MR; Cone JE; Yung J; Kahn AR; Qiao B; Schymura MJ; Webber MP; Dasaro CR; Shapiro M; Todd AC; Prezant DJ; Boffetta P; Hall CB,2021,10/1/21,https://pubmed.ncbi.nlm.nih.gov/34507966/,Occupational and environmental medicine,10.1136/oemed-2021-107405,environmental exposure; exposures or occupational groups; longitudinal studies; materials; medical oncology; risk assessment,
34499539,"Excess Deaths in Mexico City and New York City During the COVID-19 Pandemic, March to August 2020.",Lajous M; Huerta-Gutiérrez R; Kennedy J; Olson DR; Weinberger DM,2021,10/1/21,https://pubmed.ncbi.nlm.nih.gov/34499539/,American journal of public health,10.2105/AJPH.2021.306430,N/A,
34467532,Effects of 9/11-related injury on retirement patterns among World Trade Center Health Registry enrollees.,Seil K; Yu S; Brackbill R; Alper H; Maqsood J,2021,10/1/21,https://pubmed.ncbi.nlm.nih.gov/34467532/,American journal of industrial medicine,10.1002/ajim.23288,aging; disaster response; injury; retirement,
34288025,Cancer survival among World Trade Center rescue and recovery workers: A collaborative cohort study.,Goldfarb DG; Zeig-Owens R; Kristjansson D; Li J; Brackbill RM; Farfel MR; Cone JE; Kahn AR; Qiao B; Schymura MJ; Webber MP; Dasaro CR; Lucchini RG; Todd AC; Prezant DJ; Hall CB; Boffetta P,2021,10/1/21,https://pubmed.ncbi.nlm.nih.gov/34288025/,American journal of industrial medicine,10.1002/ajim.23278,World Trade Center; cancer; medical monitoring and treatment; mortality; rescue/recovery work,
34275137,Impact of healthcare services on thyroid cancer incidence among World Trade Center-exposed rescue and recovery workers.,Goldfarb DG; Colbeth HL; Skerker M; Webber MP; Prezant DJ; Dasaro CR; Todd AC; Kristjansson D; Li J; Brackbill RM; Farfel MR; Cone JE; Yung J; Kahn AR; Qiao B; Schymura MJ; Boffetta P; Hall CB; Zeig-Owens R,2021,10/1/21,https://pubmed.ncbi.nlm.nih.gov/34275137/,American journal of industrial medicine,10.1002/ajim.23277,World Trade Center; longitudinal cohort; occupational epidemiology; surveillance; thyroid cancer,
33349132,Sorting by Race/Ethnicity Across HIV Genetic Transmission Networks in Three Major Metropolitan Areas in the United States.,Ragonnet-Cronin M; Benbow N; Hayford C; Poortinga K; Ma F; Forgione LA; Sheng Z; Hu YW; Torian LV; Wertheim JO,2021,10/1/21,https://pubmed.ncbi.nlm.nih.gov/33349132/,AIDS research and human retroviruses,10.1089/AID.2020.0145,HIV; MSM; ethnicity; network; phylogenetics; race; transmission,
34393016,"Measles infection in persons with secondary vaccine failure, New York City, 2018-19.",Iwamoto M; Hickman CJ; Colley H; Arciuolo RJ; Mahle CE; Deocharan B; Siemetzki-Kapoor U; Zucker JR; Rosen JB,2021,9/7/21,https://pubmed.ncbi.nlm.nih.gov/34393016/,Vaccine,10.1016/j.vaccine.2021.07.078,Avidity; Measles; Transmission; Vaccine failure; Waning immunity,
34463141,"Prevalence of U = U Awareness and Its Association with Anticipated HIV Stigma Among Low-Income Heterosexually Active Black and Latino Adults in New York City, 2019.",Rivera AV; Carrillo SA; Braunstein SL,2021,9/1/21,https://pubmed.ncbi.nlm.nih.gov/34463141/,AIDS patient care and STDs,10.1089/apc.2021.0070,HIV stigma; heterosexually active adults at increased risk; undetectable = untransmittable,
34216870,Racial disparities in criminal legal system involvement among New York City overdose decedents: Implications for diversion programs.,Mantha S; Nolan ML; Harocopos A; Paone D,2021,9/1/21,https://pubmed.ncbi.nlm.nih.gov/34216870/,Drug and alcohol dependence,10.1016/j.drugalcdep.2021.108867,Criminal justice diversion; Criminal legal system; Overdose; Racial disparities,
34138454,Difference in Hospital Utilization Within the First 12 Months Among Low-Birth-Weight Infants in Medicaid Managed Care Versus Fee-for-Service: A Regression Discontinuity Study.,Liu SY; Lim S,2021,9/1/21,https://pubmed.ncbi.nlm.nih.gov/34138454/,Maternal and child health journal,10.1007/s10995-021-03185-5,Emergency department and hospital utilization; Low-birth-weight infants; Medicaid,
34134130,"Epidemiology of Reported HIV and Other Sexually Transmitted Infections During the COVID-19 Pandemic, New York City.",Braunstein SL; Slutsker JS; Lazar R; Shah D; Hennessy RR; Chen SX; Pathela P; Daskalakis DC; Schillinger JA,2021,9/1/21,https://pubmed.ncbi.nlm.nih.gov/34134130/,The Journal of infectious diseases,10.1093/infdis/jiab319,2; COVID-19; CoV; HIV; SARS; sexually transmitted infections; surveillance,
33973874,Initiating antiretroviral treatment for newly diagnosed HIV patients in sexual health clinics greatly improves timeliness of viral suppression.,Pathela P; Jamison K; Braunstein SL; Borges CM; Lazar R; Mikati T; Daskalakis D; Blank S,2021,9/1/21,https://pubmed.ncbi.nlm.nih.gov/33973874/,"AIDS (London, England)",10.1097/QAD.0000000000002937,N/A,
34376145,Comparison of prevalence and exposure-disease associations using self-report and hospitalization data among enrollees of the world trade center health registry.,Alper HE; Brite J; Cone JE; Brackbill RM,2021,8/10/21,https://pubmed.ncbi.nlm.nih.gov/34376145/,BMC medical research methodology,10.1186/s12874-021-01358-y,9/11; Chronic disease; Disaster; Hospitalization; Self-report; World trade center,
34373458,Detection and characterization of the SARS-CoV-2 lineage B.1.526 in New York.,West AP; Wertheim JO; Wang JC; Vasylyeva TI; Havens JL; Chowdhury MA; Gonzalez E; Fang CE; Di Lonardo SS; Hughes S; Rakeman JL; Lee HH; Barnes CO; Gnanapragasam PNP; Yang Z; Gaebler C; Caskey M; Nussenzweig MC; Keeffe JR; Bjorkman PJ,2021,8/9/21,https://pubmed.ncbi.nlm.nih.gov/34373458/,Nature communications,10.1038/s41467-021-25168-4,N/A,
34348665,A fatal case report of antibody-dependent enhancement of dengue virus type 1 following remote Zika virus infection.,Bonheur AN; Thomas S; Soshnick SH; McGibbon E; Dupuis AP; Hull R; Slavinski S; Del Rosso PE; Weiss D; Hunt DT; McCabe ME; Dean AB; Folkerth R; Laib AM; Wong SJ,2021,8/4/21,https://pubmed.ncbi.nlm.nih.gov/34348665/,BMC infectious diseases,10.1186/s12879-021-06482-0,Antibody dependent enhancement; Avidity assay; Case report; Dengue virus; Zika virus,
32507882,"Estimating Neonatal Herpes Simplex Virus Incidence and Mortality Using Capture-recapture, Florida.",Matthias J; du Bernard S; Schillinger JA; Hong J; Pearson V; Peterman TA,2021,8/2/21,https://pubmed.ncbi.nlm.nih.gov/32507882/,Clinical infectious diseases : an official publication of the Infectious Diseases Society of America,10.1093/cid/ciaa727,capture-recapture; estimation; neonatal herpes; surveillance,
34464200,Combating Anti-Asian American/Pacific Islander Racism Through Local Health Departments and Schools of Public Health.,Tsui EK; Huynh M,2021,8/1/21,https://pubmed.ncbi.nlm.nih.gov/34464200/,American journal of public health,10.2105/AJPH.2021.306391,N/A,
34401197,"Prevalence of self-reported obesity among diverse Latino adult populations in New York City, 2013-2017.",Devia C; Flórez KR; Costa SA; Huang TT,2021,8/1/21,https://pubmed.ncbi.nlm.nih.gov/34401197/,Obesity science & practice,10.1002/osp4.490,adult; hispanics; obesity,
34250975,Congenital Measles in a Premature 25-week Gestation Infant.,Hanft E; Brachio S; Messina M; Zachariah P; Sutton D; Goffman D; Pike J; Covington L; Graham KA; Crouch B; Adams E; Ahmad N; Rausch-Phung E; Southwick K; Bryant P; Fuschino M; Khandekar A; Kulas K; Saiman L,2021,8/1/21,https://pubmed.ncbi.nlm.nih.gov/34250975/,The Pediatric infectious disease journal,10.1097/INF.0000000000003152,N/A,
33967231,"Assessing the Burden of Infant Deaths Due to Herpes Simplex Virus, Human Immunodeficiency Virus, and Congenital Syphilis: United States, 1995 to 2017.",Slutsker JS; Schillinger JA,2021,8/1/21,https://pubmed.ncbi.nlm.nih.gov/33967231/,Sexually transmitted diseases,10.1097/OLQ.0000000000001458,N/A,
33914227,"Paternal Jail Incarceration and Birth Outcomes: Evidence from New York City, 2010-2016.",Yi Y; Kennedy J; Chazotte C; Huynh M; Jiang Y; Wildeman C,2021,8/1/21,https://pubmed.ncbi.nlm.nih.gov/33914227/,Maternal and child health journal,10.1007/s10995-021-03168-6,Birth outcomes; Incarceration; Jails; Low birth weight; Pregnancy; Preterm birth; Small for gestational age,
32016914,Impact of Removing Medicaid Fee-for-Service Hepatitis C Virus (HCV) Treatment Restrictions on HCV Provider Experience with Medicaid Managed Care Organizations in New York City.,Behrends CN; Gutkind S; Deming R; Fluegge KR; Bresnahan MP; Schackman BR,2021,8/1/21,https://pubmed.ncbi.nlm.nih.gov/32016914/,Journal of urban health : bulletin of the New York Academy of Medicine,10.1007/s11524-020-00422-0,Hepatitis C; Medicaid; Prior authorization,
34299982,"Hospitalizations among World Trade Center Health Registry Enrollees Who Were under 18 Years of Age on 9/11, 2001-2016.",Gargano LM; Locke SH; Alper HE; Brite J,2021,7/15/21,https://pubmed.ncbi.nlm.nih.gov/34299982/,International journal of environmental research and public health,10.3390/ijerph18147527,9/11 disaster; PTSD; adolescent health; physical and mental health,
34086923,"Prevalence of SARS-CoV-2 Antibodies in New York City Adults, June-October 2020: A Population-Based Survey.",Parrott JC; Maleki AN; Vassor VE; Osahan S; Hsin Y; Sanderson M; Fernandez S; Levanon Seligson A; Hughes S; Wu J; DeVito AK; LaVoie SP; Rakeman JL; Gould LH; Alroy KA,2021,7/15/21,https://pubmed.ncbi.nlm.nih.gov/34086923/,The Journal of infectious diseases,10.1093/infdis/jiab296,New York City; SARS-CoV-2; antibody prevalence; population-based; seroprevalence,
33912901,"Coronavirus Disease 2019 (COVID-19) Outbreaks at 2 Construction Sites-New York City, October-November 2020.",Bushman D; Sekaran J; Jeffery N; Rath C; Ackelsberg J; Weiss D; Wu W; Van Oss K; Johnston K; Huang J; Khatun U; Sheikh T; Sutcliff J; Tsoi B,2021,7/15/21,https://pubmed.ncbi.nlm.nih.gov/33912901/,Clinical infectious diseases : an official publication of the Infectious Diseases Society of America,10.1093/cid/ciab312,COVID-19; New York City; SARS-CoV-2; construction,
33836067,"Seroprevalence of Severe Acute Respiratory Syndrome Coronavirus 2 Following the Largest Initial Epidemic Wave in the United States: Findings From New York City, 13 May to 21 July 2020.",Pathela P; Crawley A; Weiss D; Maldin B; Cornell J; Purdin J; Schumacher PK; Marovich S; Li J; Daskalakis D; NYC Serosurvey Team,2021,7/15/21,https://pubmed.ncbi.nlm.nih.gov/33836067/,The Journal of infectious diseases,10.1093/infdis/jiab200,SARS-CoV-2; seroepidemiology; seroprevalence,
35354018,Cross-sectional Analysis of Food Insecurity and Frequent Emergency Department Use.,Estrella A; Scheidell J; Khan M; Castelblanco D; Mijanovich T; Lee DC; Gelberg L; Doran KM,2021,7/14/21,https://pubmed.ncbi.nlm.nih.gov/35354018/,The western journal of emergency medicine,10.5811/westjem.2021.3.50981,N/A,
36218774,Commonality and Continuity in Responses to Pandemic and Endemic COVID-19.,Chokshi DA,2021,7/2/21,https://pubmed.ncbi.nlm.nih.gov/36218774/,JAMA health forum,10.1001/jamahealthforum.2021.2474,N/A,
34210734,The Magnetic Couples Study: protocol for a mixed methods prospective cohort study of HIV-serodifferent heterosexual couples' perspectives and use of pre-exposure prophylaxis (PrEP).,McMahon JM; Simmons J; Haberer JE; Mannheimer S; Leblanc NM; Torres L; Quiles R; Aedo G; Javier A; Braksmajer A; Harriman G; Trabold N; Pouget ER; Kurth A; Smith MDR; Brasch J; Podsiadly EJ; Anderson PL,2021,7/1/21,https://pubmed.ncbi.nlm.nih.gov/34210734/,BMJ open,10.1136/bmjopen-2021-048993,HIV & AIDS; epidemiology; preventive medicine,
34111367,"ActionHealthNYC: Effectiveness of a Health Care Access Program for the Uninsured, 2016-2017.",Sood RK; Bae JY; Sabety A; Chan PY; Heindrichs C,2021,7/1/21,https://pubmed.ncbi.nlm.nih.gov/34111367/,American journal of public health,10.2105/AJPH.2021.306271,N/A,
33872279,"Multisystem Inflammatory Syndrome in Infants <12 months of Age, United States, May 2020-January 2021.",Godfred-Cato S; Tsang CA; Giovanni J; Abrams J; Oster ME; Lee EH; Lash MK; Le Marchand C; Liu CY; Newhouse CN; Richardson G; Murray MT; Lim S; Haupt TE; Hartley A; Sosa LE; Ngamsnga K; Garcia A; Datta D; Belay ED,2021,7/1/21,https://pubmed.ncbi.nlm.nih.gov/33872279/,The Pediatric infectious disease journal,10.1097/INF.0000000000003149,N/A,
33745953,"Alcohol testing and alcohol involvement among violent deaths by state, 2014-2016.",Greene N; Tomedi LE; Cox ME; Mello E; Esser MB,2021,7/1/21,https://pubmed.ncbi.nlm.nih.gov/33745953/,Preventive medicine,10.1016/j.ypmed.2021.106527,Alcohol consumption; Alcohol testing; Blood alcohol concentration (BAC); National Violent Death Reporting System (NVDRS); Violent death,
32895069,Characterising urban immigrants' interactions with the food retail environment.,Yi SS; Russo RG; Liu B; Kum S; Rummo P; Li Y,2021,7/1/21,https://pubmed.ncbi.nlm.nih.gov/32895069/,Public health nutrition,10.1017/S1368980020002682,Chinese American; Food retail environment; Grocery shopping; Grocery stores; Immigrant communities,
34193094,Decreased colorectal cancer incidence and mortality in a diverse urban population with increased colonoscopy screening.,Brown JJ; Asumeng CK; Greenwald D; Weissman M; Zauber A; Striplin J; Weng O; List JM; Farley SM; Winawer SJ,2021,6/30/21,https://pubmed.ncbi.nlm.nih.gov/34193094/,BMC public health,10.1186/s12889-021-11330-6,Colonoscopy; Colorectal cancer; Disparities; New York City,
33252620,Coronavirus Disease 2019 (COVID-19) Infection Among People With Human Immunodeficiency Virus in New York City: A Population-Level Analysis of Linked Surveillance Data.,Braunstein SL; Lazar R; Wahnich A; Daskalakis DC; Blackstock OJ,2021,6/15/21,https://pubmed.ncbi.nlm.nih.gov/33252620/,Clinical infectious diseases : an official publication of the Infectious Diseases Society of America,10.1093/cid/ciaa1793,COVID-19; HIV; SARS-CoV-2; surveillance,
34204753,9/11 Health Update.,Cone JE; Santiago-Colón A; Lucchini R,2021,6/12/21,https://pubmed.ncbi.nlm.nih.gov/34204753/,International journal of environmental research and public health,10.3390/ijerph18126383,N/A,
34201006,"Differences in Abortion Rates between Asian Populations by Country of Origin and Nativity Status in New York City, 2011-2015.",Desai S; Huynh M; Jones HE,2021,6/8/21,https://pubmed.ncbi.nlm.nih.gov/34201006/,International journal of environmental research and public health,10.3390/ijerph18126182,Asians; New York City; abortion,
34919057,Global vaccine equity demands reparative justice - not charity.,Harman S; Erfani P; Goronga T; Hickel J; Morse M; Richardson ET,2021,6/1/21,https://pubmed.ncbi.nlm.nih.gov/34919057/,BMJ global health,10.1136/bmjgh-2021-006504,COVID-19; immunisation; vaccines,
34042464,"""Liquid Gold"" Lactation Bundle and Breastfeeding Rates in Racially Diverse Mothers of Extremely Low-Birth-Weight Infants.",Obaid M; Igawa T; Maxwell A; Murray YL; Rahman A; Aboudi D; Olivo K; Roeder T; Valdes-Greene R; Brumberg H; Alpan G; Parvez B,2021,6/1/21,https://pubmed.ncbi.nlm.nih.gov/34042464/,Breastfeeding medicine : the official journal of the Academy of Breastfeeding Medicine,10.1089/bfm.2020.0322,African American mothers; breastfeeding; extremely low birth weight (ELBW); lactation bundle; liquid gold; racial disparities,
33647391,Metabolic syndrome among New York City (NYC) adults: change in prevalence from 2004 to 2013-2014 using New York City Health and Nutrition Examination Survey.,Kanchi R; Perlman SE; Tabaei B; Schwartz MD; Islam N; Chernov C; Osinubi A; Thorpe LE,2021,6/1/21,https://pubmed.ncbi.nlm.nih.gov/33647391/,Annals of epidemiology,10.1016/j.annepidem.2021.02.014,Diabetes; Gender disparities; Metabolic syndrome; NYC HANES; Obesity; Race disparities,
33508127,Observed Potential Cross-Contamination in Retail Delicatessens.,Holst MM; Brown LG; Viveiros B; Faw BV; Hedeen N; McKELVEY W; Nicholas D; Ripley D; Hammons SR,2021,6/1/21,https://pubmed.ncbi.nlm.nih.gov/33508127/,Journal of food protection,10.4315/JFP-20-403,Listeria monocytogenes; Cross-contamination; Deli; Retail food; U.S. Food and Drug Administration Food Code,
33474834,Prevalence of Systemic Lupus Erythematosus in the United States: Estimates From a Meta-Analysis of the Centers for Disease Control and Prevention National Lupus Registries.,Izmirly PM; Parton H; Wang L; McCune WJ; Lim SS; Drenkard C; Ferucci ED; Dall'Era M; Gordon C; Helmick CG; Somers EC,2021,6/1/21,https://pubmed.ncbi.nlm.nih.gov/33474834/,"Arthritis & rheumatology (Hoboken, N.J.)",10.1002/art.41632,N/A,
33428741,An Outbreak Investigation of Scombrotoxin Fish Poisoning Illnesses in the United States Linked to Yellowfin Tuna Imported from Vietnam-2019.,Pereira E; Elliot EL; Singleton LS; Otto M; Tesfai A; Doyle M; Hawk H; Bloodgood S; Benner RA; Ross MP; Scott A; Kristof MC; Fox T; Bridgman B; Long N; Livsey K; Rubenstein A; Garner K; Nicholas D; Chuang Y; Viveiros B; Waggener C; Klontz K; Viazis S,2021,6/1/21,https://pubmed.ncbi.nlm.nih.gov/33428741/,Journal of food protection,10.4315/JFP-20-456,Foodborne illness outbreaks; Histamine; Scombroid; Scombrotoxin fish poisoning; Tuna,
32951114,"Self-Reported Speeding Among New York City Adult Drivers, 2015-2016.",Norton JM; Fung L; Stayton C,2021,6/1/21,https://pubmed.ncbi.nlm.nih.gov/32951114/,Journal of community health,10.1007/s10900-020-00924-7,Injury prevention; Population health surveillance; Self-reported speeding; Traffic safety,
32920704,"Examining Trends in Beverage Sales in New York City During Comprehensive Efforts to Reduce Sugary Drink Consumption, 2010-2015.",Sisti JS; Mezzacca TA; Anekwe A; Farley SM,2021,6/1/21,https://pubmed.ncbi.nlm.nih.gov/32920704/,Journal of community health,10.1007/s10900-020-00911-y,Consumer behavior; Food policy; Interrupted time series analysis; New York City; Portion cap rule; Sugary drinks,
32643126,Feasibility of Patient Navigation and Impact on Adherence to Screening Colonoscopy in a Large Diverse Urban Population.,Mendelsohn RB; DeLeon SF; Calo D; Villegas S; Carlesimo M; Wang JJ; Winawer SJ,2021,6/1/21,https://pubmed.ncbi.nlm.nih.gov/32643126/,Journal of racial and ethnic health disparities,10.1007/s40615-020-00812-9,Colorectal cancer; Colorectal cancer screening; Health promotion; Patient navigation; Preventive medicine,
30461341,"Individual, Environmental, and Early Life Factors Associated With Client-Perpetrated Violence Among Women Who Exchange Sex in New York City, 2016.",Rivera AV; Carrillo SA; Braunstein SL,2021,6/1/21,https://pubmed.ncbi.nlm.nih.gov/30461341/,Journal of interpersonal violence,10.1177/0886260518811422,prostitution/sex work; sexual assault; violence exposure,
35977310,Association of eConsult Implementation With Access to Specialist Care in a Large Urban Safety-Net System.,Gaye M; Mehrotra A; Byrnes-Enoch H; Chokshi D; Wallach A; Rodriguez L; Barnett ML,2021,5/1/21,https://pubmed.ncbi.nlm.nih.gov/35977310/,JAMA health forum,10.1001/jamahealthforum.2021.0456,N/A,
33688033,COVID-19 Infections Among Students and Staff in New York City Public Schools.,Varma JK; Thamkittikasem J; Whittemore K; Alexander M; Stephens DH; Arslanian K; Bray J; Long TG,2021,5/1/21,https://pubmed.ncbi.nlm.nih.gov/33688033/,Pediatrics,10.1542/peds.2021-050605,N/A,
32729019,Marketing of Tenofovir Disoproxil Fumarate (TDF) Lawsuits and Social Media Misinformation Campaigns' Impact on PrEP Uptake Among Gender and Sexual Minority Individuals.,Grov C; Westmoreland DA; D'Angelo AB; Johnson J; Nash D; Daskalakis DC; Together 5000 team,2021,5/1/21,https://pubmed.ncbi.nlm.nih.gov/32729019/,AIDS and behavior,10.1007/s10461-020-02977-0,Gay and bisexual men; Lawsuits; PrEP; Social media; Tenofovir alafenamide; Tenofovir disoproxil fumarate,
31920176,A randomized trial of a one-time pest intervention: impact on childhood asthma outcomes.,Olson C; Leu CS; Alper H; Millican M; Reznik M,2021,5/1/21,https://pubmed.ncbi.nlm.nih.gov/31920176/,The Journal of asthma : official journal of the Association for the Care of Asthma,10.1080/02770903.2019.1709870,Inner-city; asthma symptoms; children; healthcare utilization; integrated pest management; intervention studies,
33907745,Detection and characterization of the SARS-CoV-2 lineage B.1.526 in New York.,West AP; Wertheim JO; Wang JC; Vasylyeva TI; Havens JL; Chowdhury MA; Gonzalez E; Fang CE; Di Lonardo SS; Hughes S; Rakeman JL; Lee HH; Barnes CO; Gnanapragasam PNP; Yang Z; Gaebler C; Caskey M; Nussenzweig MC; Keeffe JR; Bjorkman PJ,2021,4/22/21,https://pubmed.ncbi.nlm.nih.gov/33907745/,bioRxiv : the preprint server for biology,10.1101/2021.02.14.431043,N/A,
33819098,Social Determinants Matter For Hospital Readmission Policy: Insights From New York City.,Baker MC; Alberti PM; Tsao TY; Fluegge K; Howland RE; Haberman M,2021,4/1/21,https://pubmed.ncbi.nlm.nih.gov/33819098/,Health affairs (Project Hope),10.1377/hlthaff.2020.01742,N/A,
33689968,Association between post-traumatic stress disorder and alcohol-related hospitalizations among World Trade Center Health Registry enrollees.,Takemoto E; Giesinger I; Russell JS; Li J,2021,4/1/21,https://pubmed.ncbi.nlm.nih.gov/33689968/,Drug and alcohol dependence,10.1016/j.drugalcdep.2021.108656,Alcohol; Disaster epidemiology; Hospitalization; Post-traumatic stress disorder,
33393475,Confirming mortality in a longitudinal exposure cohort: optimizing National Death Index search result processing.,Giesinger I; Li J; Takemoto E; Brackbill RM; Cone JE; Qiao B; Farfel MR,2021,4/1/21,https://pubmed.ncbi.nlm.nih.gov/33393475/,Annals of epidemiology,10.1016/j.annepidem.2020.10.010,Algorithms; Mortality; National Death Index; Process linkage output; Vital statistics,
33185774,"Trends in Methamphetamine Use Among Men Who Have Sex with Men in New York City, 2004-2017.",Rivera AV; Harriman G; Carrillo SA; Braunstein SL,2021,4/1/21,https://pubmed.ncbi.nlm.nih.gov/33185774/,AIDS and behavior,10.1007/s10461-020-03097-5,Disparities; HIV; Men who have sex with men; Meth,
33155324,Pandemic diseases preparedness and response in the age of COVID-19-a symposium report.,Cable J; Heymann DL; Uzicanin A; Tomori O; Marinissen MJ; Katz R; Kerr L; Lurie N; Parker GW; Madad S; Maldin Morgenthau B; Osterholm MT; Borio L,2021,4/1/21,https://pubmed.ncbi.nlm.nih.gov/33155324/,Annals of the New York Academy of Sciences,10.1111/nyas.14534,COVID-19; Ebola; SARS; influenza; pandemic; pandemic preparedness; public health,
32999007,Low-Level Rifampin Resistance and <i>rpoB</i> Mutations in Mycobacterium tuberculosis: an Analysis of Whole-Genome Sequencing and Drug Susceptibility Test Data in New York.,Shea J; Halse TA; Kohlerschmidt D; Lapierre P; Modestil HA; Kearns CH; Dworkin FF; Rakeman JL; Escuyer V; Musser KA,2021,3/19/21,https://pubmed.ncbi.nlm.nih.gov/32999007/,Journal of clinical microbiology,10.1128/JCM.01885-20,MIC; Mycobacterium tuberculosis; RIF; WGS; low-level resistance; next-generation sequencing; rifampin; rpoA; rpoB; rpoC,
32103243,Prevalence of Self-reported Neurologic and Ocular Symptoms in Early Syphilis Cases.,Quilter LAS; de Voux A; Amiya RM; Davies E; Hennessy RR; Kerani RP; Madera R; Matthias J; Pearson VM; Walters JK; Wilson C; Kidd S; Torrone E,2021,3/15/21,https://pubmed.ncbi.nlm.nih.gov/32103243/,Clinical infectious diseases : an official publication of the Infectious Diseases Society of America,10.1093/cid/ciaa180,complicated syphilis; early syphilis; neurosyphilis; ocular syphilis; prevalence,
36218453,People and Places for the Future of Public Health.,Chokshi DA,2021,3/1/21,https://pubmed.ncbi.nlm.nih.gov/36218453/,JAMA health forum,10.1001/jamahealthforum.2021.0423,N/A,
33401033,Failure to recognize Low non-treponemal titer syphilis infections in pregnancy May lead to widespread under-treatment.,Swayze EJ; Nielsen-Saines K; Segura ER; Saad E; Yue D; Comulada WS; Cambou MC,2021,3/1/21,https://pubmed.ncbi.nlm.nih.gov/33401033/,International journal of infectious diseases : IJID : official publication of the International Society for Infectious Diseases,10.1016/j.ijid.2020.12.076,Brazil; Health policy; Penicillin; Pregnancy; Syphilis; Treatment,
33028616,"Impact of law enforcement-related deaths of unarmed black New Yorkers on emergency department rates, New York 2013-2016.",Liu SY; Lim S; Gould LH,2021,3/1/21,https://pubmed.ncbi.nlm.nih.gov/33028616/,Journal of epidemiology and community health,10.1136/jech-2020-214089,Access to hlth care; Health services; Policy,
32988324,Rethinking Interpreter Functions in Mental Health Services.,Chang DF; Hsieh E; Somerville WB; Dimond J; Thomas M; Nicasio A; Boiler M; Lewis-Fernández R,2021,3/1/21,https://pubmed.ncbi.nlm.nih.gov/32988324/,"Psychiatric services (Washington, D.C.)",10.1176/appi.ps.202000085,Cross-cultural issues; Cultural brokering; Language interpreter; Mental health; Psychiatric assessment,
30518282,Neighborhood social cohesion and viral suppression after HIV diagnosis.,Wiewel EW; Borrell LN; Maroko AR; Jones HE; Torian LV; Udeagu CC,2021,3/1/21,https://pubmed.ncbi.nlm.nih.gov/30518282/,Journal of health psychology,10.1177/1359105318810088,HIV; epidemiology; neighborhood; social participation; viral load,
33549152,A practice facilitation-guided intervention in primary care settings to reduce cardiovascular disease risk: a cost analysis.,Gold HT; Siman N; Cuthel AM; Nguyen AM; Pham-Singer H; Berry CA; Shelley DR,2021,2/6/21,https://pubmed.ncbi.nlm.nih.gov/33549152/,Implementation science communications,10.1186/s43058-021-00116-x,Cardiovascular disease prevention; Clinical guideline adherence; Cost analysis; Practice facilitation,
33546187,Combining Three Cohorts of World Trade Center Rescue/Recovery Workers for Assessing Cancer Incidence and Mortality.,Brackbill RM; Kahn AR; Li J; Zeig-Owens R; Goldfarb DG; Skerker M; Farfel MR; Cone JE; Yung J; Walker DJ; Solomon A; Qiao B; Schymura MJ; Dasaro CR; Kristjansson D; Webber MP; Lucchini RG; Todd AC; Prezant DJ; Boffetta P; Hall CB,2021,2/3/21,https://pubmed.ncbi.nlm.nih.gov/33546187/,International journal of environmental research and public health,10.3390/ijerph18041386,World Trade Center; cancer; exposure; pooling cohorts; rescue and recovery workers,
33620263,Effectiveness of non-pharmaceutical interventions to contain COVID-19: a case study of the 2020 spring pandemic wave in New York City.,Yang W; Shaff J; Shaman J,2021,2/1/21,https://pubmed.ncbi.nlm.nih.gov/33620263/,"Journal of the Royal Society, Interface",10.1098/rsif.2020.0822,COVID-19; effectiveness of intervention; face covering; lockdown; social distancing; transmission dynamics,
33439707,Use and Visualization of Electronic Health Record Data to Advance Public Health.,Perlman SE,2021,2/1/21,https://pubmed.ncbi.nlm.nih.gov/33439707/,American journal of public health,10.2105/AJPH.2020.306073,N/A,
33394275,A Preparedness Model for Mother-Baby Linked Longitudinal Surveillance for Emerging Threats.,Woodworth KR; Reynolds MR; Burkel V; Gates C; Eckert V; McDermott C; Barton J; Wilburn A; Halai UA; Brown CM; Bocour A; Longcore N; Orkis L; Lopez CD; Sizemore L; Ellis EM; Schillie S; Gupta N; Bowen VB; Torrone E; Ellington SR; Delaney A; Olson SM; Roth NM; Whitehill F; Zambrano LD; Meaney-Delman D; Fehrenbach SN; Honein MA; Tong VT; Gilboa SM,2021,2/1/21,https://pubmed.ncbi.nlm.nih.gov/33394275/,Maternal and child health journal,10.1007/s10995-020-03106-y,COVID-19; Congenital infection; Congenital syphilis; Perinatal hepatitis C; Pregnancy; SARS-CoV-2; Surveillance,
33351661,Increasing Access to Buprenorphine in Safety-Net Primary Care Clinics: The New York City Buprenorphine Nurse Care Manager Initiative.,Kaplan-Dobbs M; Kattan JA; Tuazon E; Jimenez C; Saleh S; Kunins HV,2021,2/1/21,https://pubmed.ncbi.nlm.nih.gov/33351661/,American journal of public health,10.2105/AJPH.2020.306000,N/A,
33093333,"Brief Report: Drug Overdose Deaths Among People With HIV in New York City, 2007-2017.",Braunstein SL; Robbins RS; Ramaswamy C; Daskalakis DC,2021,2/1/21,https://pubmed.ncbi.nlm.nih.gov/33093333/,Journal of acquired immune deficiency syndromes (1999),10.1097/QAI.0000000000002545,N/A,
33091374,Estimating the infection-fatality risk of SARS-CoV-2 in New York City during the spring 2020 pandemic wave: a model-based analysis.,Yang W; Kandula S; Huynh M; Greene SK; Van Wye G; Li W; Chan HT; McGibbon E; Yeung A; Olson D; Fine A; Shaman J,2021,2/1/21,https://pubmed.ncbi.nlm.nih.gov/33091374/,The Lancet. Infectious diseases,10.1016/S1473-3099(20)30769-6,N/A,
33025595,Association between primary heath care and dental service use among supportive housing tenants with behavioral health conditions.,Hall G; Dai WF; Lim S,2021,2/1/21,https://pubmed.ncbi.nlm.nih.gov/33025595/,Community dentistry and oral epidemiology,10.1111/cdoe.12579,disparities; medicaid; programme evaluation; public health,
32408837,"Racial and ethnic differences in women's HIV risk and attitudes towards pre-exposure prophylaxis (PrEP) in the context of the substance use, violence, and depression syndemic.",Willie TC; Kershaw TS; Blackstock O; Galvao RW; Safon CB; Tekeste M; Ogburn DF; Wilbourn B; Modrakovic D; Taggart T; Kaplan C; Caldwell A; Calabrese SK,2021,2/1/21,https://pubmed.ncbi.nlm.nih.gov/32408837/,AIDS care,10.1080/09540121.2020.1762067,N/A,
32008584,Factors Influencing the Prioritization of Injured Patients for Transfer to a Burn or Trauma Center Following a Mass Casualty Event.,Lancet EA; Zhang WW; Roblin P; Arquilla B; Zeig-Owens R; Asaeda G; Kaufman B; Alexandrou NA; Gallagher JJ; Cooper ML; Styles T; Prezant DJ; Quinn C,2021,2/1/21,https://pubmed.ncbi.nlm.nih.gov/32008584/,Disaster medicine and public health preparedness,10.1017/dmp.2019.144,burn disaster response; emergency preparedness; inter-facility transfer; mass casualty event; transfer prioritization,
33139288,Atypical Mutation in Neisseria gonorrhoeae 23S rRNA Associated with High-Level Azithromycin Resistance.,Pham CD; Nash E; Liu H; Schmerer MW; Sharpe S; Woods G; Roland B; Schlanger K; St Cyr SB; Carlson J; Sellers K; Olsen A; Sanon R; Hardin H; Soge OO; Raphael BH; Kersh EN,2021,1/20/21,https://pubmed.ncbi.nlm.nih.gov/33139288/,Antimicrobial agents and chemotherapy,10.1128/AAC.00885-20,23s rRNA; A2058G; HL-AZMR; Neisseria gonorrhoeae; antibiotic resistance; azithromycin resistant; gonorrhea,
33406053,Nowcasting for Real-Time COVID-19 Tracking in New York City: An Evaluation Using Reportable Disease Data From Early in the Pandemic.,Greene SK; McGough SF; Culp GM; Graf LE; Lipsitch M; Menzies NA; Kahn R,2021,1/15/21,https://pubmed.ncbi.nlm.nih.gov/33406053/,JMIR public health and surveillance,10.2196/25538,COVID-19; data quality; epidemiology; forecasting; infectious disease; morbidity and mortality trends; public health practice; surveillance,
34972179,"The association between student body mass index and tests of flexibility assessed by the FITNESSGRAM®: New York City public school students, 2017-18.",Thompson HR; Pavlovic A; D'Agostino E; Napier MD; Konty K; Day SE,2021,1/1/21,https://pubmed.ncbi.nlm.nih.gov/34972179/,PloS one,10.1371/journal.pone.0262083,N/A,
34878162,Walking distance for vulnerable populations to public health emergency response points of dispensing in New York City.,Whittemore K; Ali M; Schroeder A; Vora NM; Starr D; Daskalakis D; Lucero DE,2021,1/1/21,https://pubmed.ncbi.nlm.nih.gov/34878162/,"Journal of emergency management (Weston, Mass.)",10.5055/jem.0574,N/A,
34618828,"Hospital-level factors associated with death during pneumonia-associated hospitalization among adults-New York City, 2010-2014.",Whittemore K; Garcia KM; Huang CC; Lim S; Daskalakis DC; Vora NM; Lucero DE,2021,1/1/21,https://pubmed.ncbi.nlm.nih.gov/34618828/,PloS one,10.1371/journal.pone.0256678,N/A,
34295132,Associations of Health Conditions and Health-Related Determinants with Disability among New York City Adult Residents.,Wetmore JB; Chernov C; Perlman SE; Borrell LN,2021,1/1/21,https://pubmed.ncbi.nlm.nih.gov/34295132/,Ethnicity & disease,10.18865/ed.31.3.445,Chronic Conditions; Community Health; Disability; Health Care Disparities; Mental Health,
34235130,Logically Inferred Tuberculosis Transmission (LITT): A Data Integration Algorithm to Rank Potential Source Cases.,Winglee K; McDaniel CJ; Linde L; Kammerer S; Cilnis M; Raz KM; Noboa W; Knorr J; Cowan L; Reynolds S; Posey J; Sullivan Meissner J; Poonja S; Shaw T; Talarico S; Silk BJ,2021,1/1/21,https://pubmed.ncbi.nlm.nih.gov/34235130/,Frontiers in public health,10.3389/fpubh.2021.667337,cluster investigation; genomic epidemiology; transmission; tuberculosis; whole-genome sequencing,
34197479,Service utilization and HIV outcomes among transgender women receiving Ryan White Part A services in New York City.,Thomas JA; Irvine MK; Xia Q; Harriman GA,2021,1/1/21,https://pubmed.ncbi.nlm.nih.gov/34197479/,PloS one,10.1371/journal.pone.0253444,N/A,
34045838,Rationale for the Design and Implementation of Interventions Addressing Institutional Racism at a Local Public Health Department.,Duerme R; Dorsinville A; McIntosh-Beckles N; Wright-Woolcock S,2021,1/1/21,https://pubmed.ncbi.nlm.nih.gov/34045838/,Ethnicity & disease,10.18865/ed.31.S1.365,Critical Race Theory; Local Government; Organizational Change; Racial Equity; Racial Microaggression,
33816605,Respiratory impedance measured using impulse oscillometry in a healthy urban population.,Berger KI; Wohlleber M; Goldring RM; Reibman J; Farfel MR; Friedman SM; Oppenheimer BW; Stellman SD; Cone JE; Shao Y,2021,1/1/21,https://pubmed.ncbi.nlm.nih.gov/33816605/,ERJ open research,10.1183/23120541.00560-2020,N/A,
33760864,Patient feedback surveys among pregnant women in Eswatini to improve antenatal care retention.,Teasdale CA; Geller A; Shongwe S; Mafukidze A; Choy M; Magaula B; Yuengling K; King K; De Gusmao EP; Ryan C; Ao T; Callahan T; Modi S; Abrams EJ,2021,1/1/21,https://pubmed.ncbi.nlm.nih.gov/33760864/,PloS one,10.1371/journal.pone.0248685,N/A,
33622072,Provider Attitudes and Practices on Treating Tobacco Dependence in New York City After 10 years of Comprehensive Tobacco Control Efforts.,Kilgore EA; Waddell EN; Tannert Niang KM; Murphy J; Thihalolipavan S; Chamany S,2021,1/1/21,https://pubmed.ncbi.nlm.nih.gov/33622072/,Journal of primary care & community health,10.1177/2150132720957448,cessation; comorbidity; education/training—professionals; policy; public health; qualitative research,
33511238,"<i>Candida auris</i> Colonization After Discharge to a Community Setting: New York City, 2017-2019.",Bergeron G; Bloch D; Murray K; Kratz M; Parton H; Ackelsberg J; Antwi M; Del Rosso P; Dorsinville M; Kubinson H; Lash M; Rand S; Adams E; Zhu Y; Erazo R; Chaturvedi S; Weiss D,2021,1/1/21,https://pubmed.ncbi.nlm.nih.gov/33511238/,Open forum infectious diseases,10.1093/ofid/ofaa620,Candida auris; New York City; colonization; community setting,
33211583,Calculating Age-Standardized Death Rates Among People With HIV Comparable Across Jurisdictions and Over Time.,Xia Q; Sun Y; Ramaswamy C; Torian LV; Li W,2021,1/1/21,https://pubmed.ncbi.nlm.nih.gov/33211583/,American journal of public health,10.2105/AJPH.2020.305954,N/A,
33108963,"Using Urine Drug Testing to Estimate the Prevalence of Drug Use : Lessons Learned From the New York City Health and Nutrition Examination Survey, 2013-2014.",Han BH; Mello E; Tuazon E; Paone D,2021,1/1/21,https://pubmed.ncbi.nlm.nih.gov/33108963/,"Public health reports (Washington, D.C. : 1974)",10.1177/0033354920965264,drug use; epidemiology; substance use; surveillance,
31897580,Identifying profiles of need among psychiatric inpatients approaching discharge in New York City: a latent class analysis.,McDonald KL; Hoenig JM; Norman CC,2021,1/1/21,https://pubmed.ncbi.nlm.nih.gov/31897580/,Social psychiatry and psychiatric epidemiology,10.1007/s00127-019-01817-4,Latent class analysis; Mental health; Needs assessment; Psychiatric hospitalization,
33375729,World Trade Center Exposure and Posttraumatic Growth: Assessing Positive Psychological Change 15 Years after 9/11.,Pollari CD; Brite J; Brackbill RM; Gargano LM; Adams SW; Russo-Netzer P; Davidov J; Banyard V; Cone JE,2020,12/25/20,https://pubmed.ncbi.nlm.nih.gov/33375729/,International journal of environmental research and public health,10.3390/ijerph18010104,9/11; World Trade Center; disaster; posttraumatic growth; well-being,
33302972,"Trends in inpatient discharges with drug or alcohol admission diagnoses to a skilled nursing facility among older adults, New York City 2008-2014.",Han BH; Tuazon E; Kunins HV; Paone D,2020,12/10/20,https://pubmed.ncbi.nlm.nih.gov/33302972/,Harm reduction journal,10.1186/s12954-020-00450-8,Geriatrics; Long-term care; Post-acute care; Substance use,
33136740,"Pre-exposure Prophylaxis Use and Detected Sexually Transmitted Infections Among Men Who Have Sex With Men in the United States-National HIV Behavioral Surveillance, 5 US Cities, 2017.",Chapin-Bardales J; Johnson Jones ML; Kirkcaldy RD; Bernstein KT; Paz-Bailey G; Phillips C; Papp JR; Raymond HF; Opoku J; Braunstein SL; Spencer EC; Khuwaja S; Wejnert C; NHBS STI Study Group,2020,12/1/20,https://pubmed.ncbi.nlm.nih.gov/33136740/,Journal of acquired immune deficiency syndromes (1999),10.1097/QAI.0000000000002482,N/A,
33113083,Climate Change and Health: Local Solutions to Local Challenges.,Schramm PJ; Ahmed M; Siegel H; Donatuto J; Campbell L; Raab K; Svendsen E,2020,12/1/20,https://pubmed.ncbi.nlm.nih.gov/33113083/,Current environmental health reports,10.1007/s40572-020-00294-1,Climate; Climate adaptation; Climate and health,
32890335,"Unnamed Partners From Syphilis Partner Services Interviews, 7 Jurisdictions.",Cope AB; Bernstein K; Matthias J; Rahman M; Diesel J; Pugsley RA; Schillinger JA; Ng RAC; Sachdev D; Shaw R; Nguyen TQ; Klingler EJ; Mobley VL; Samoff E; Peterman TA,2020,12/1/20,https://pubmed.ncbi.nlm.nih.gov/32890335/,Sexually transmitted diseases,10.1097/OLQ.0000000000001269,N/A,
32835503,Supporting a Comprehensive International Approach to Global Tuberculosis Eradication Is the Right Thing to Do.,Burzynski J; Keshavjee S,2020,12/1/20,https://pubmed.ncbi.nlm.nih.gov/32835503/,American journal of respiratory and critical care medicine,10.1164/rccm.202007-2976ED,N/A,
32791198,Assessing linear CD4 decline quantifying diagnosis delay after HIV seroconversion: assessing the linearity assumption of CD4 decline.,Robertson MM; Braunstein SL; Hoover DR; Li S; Nash D,2020,12/1/20,https://pubmed.ncbi.nlm.nih.gov/32791198/,Annals of epidemiology,10.1016/j.annepidem.2020.08.003,CD4 depletion model; Diagnosis delay; HIV; Incidence,
32624439,Sociodemographic and environmental factors associated with childhood sleep duration.,Yip T; Cheon YM; Wang Y; Deng WQ; Seligson AL,2020,12/1/20,https://pubmed.ncbi.nlm.nih.gov/32624439/,Sleep health,10.1016/j.sleh.2020.05.007,Children; Disparities; Ethnicity/race; Sleep duration,
32615009,"Age- and risk factor-based serologic screening for Hepatitis C virus among an Urban, high-risk population.",Dimova RB; Rude E; Talal AH,2020,12/1/20,https://pubmed.ncbi.nlm.nih.gov/32615009/,Journal of viral hepatitis,10.1111/jvh.13359,HCV seropositivity; baby boomer; case finding; injection drug user; substance use disorder,
32492573,"Multiple HPV infections among men who have sex with men engaged in anal cancer screening in Abuja, Nigeria.",Nowak RG; Schumaker LM; Ambulos NP; Ndembi N; Dauda W; Nnaji CH; Mitchell A; Mathias TJ; Jibrin P; Darragh TM; Olaomi O; Crowell TA; Baral SD; Charurat ME; Bentzen SM; Palefsky JM; Cullen KJ; TRUST/RV368 Study Group,2020,12/1/20,https://pubmed.ncbi.nlm.nih.gov/32492573/,"Papillomavirus research (Amsterdam, Netherlands)",10.1016/j.pvr.2020.100200,Anal cancer screening; HPV in MSM; Next-generation sequencing; Sub-Saharan Africa,
31884516,Birth characteristics of children who used early intervention and special education services in New York City.,Romo ML; McVeigh KH; Jordan P; Stingone JA; Chan PY; Askew GL,2020,11/23/20,https://pubmed.ncbi.nlm.nih.gov/31884516/,"Journal of public health (Oxford, England)",10.1093/pubmed/fdz179,disabled children; early intervention (education); health status disparities; infant; newborn; special education,
33211680,"COVID-19 Outbreak - New York City, February 29-June 1, 2020.",Thompson CN; Baumgartner J; Pichardo C; Toro B; Li L; Arciuolo R; Chan PY; Chen J; Culp G; Davidson A; Devinney K; Dorsinville A; Eddy M; English M; Fireteanu AM; Graf L; Geevarughese A; Greene SK; Guerra K; Huynh M; Hwang C; Iqbal M; Jessup J; Knorr J; Lall R; Latash J; Lee E; Lee K; Li W; Mathes R; McGibbon E; McIntosh N; Montesano M; Moore MS; Murray K; Ngai S; Paladini M; Paneth-Pollak R; Parton H; Peterson E; Pouchet R; Ramachandran J; Reilly K; Sanderson Slutsker J; Van Wye G; Wahnich A; Winters A; Layton M; Jones L; Reddy V; Fine A,2020,11/20/20,https://pubmed.ncbi.nlm.nih.gov/33211680/,MMWR. Morbidity and mortality weekly report,10.15585/mmwr.mm6946a2,N/A,
33167949,"The impact of change in neighborhood poverty on BMI trajectory of 37,544 New York City youth: a longitudinal study.",Schroeder K; Day S; Konty K; Dumenci L; Lipman T,2020,11/10/20,https://pubmed.ncbi.nlm.nih.gov/33167949/,BMC public health,10.1186/s12889-020-09772-5,Neighborhood; Pediatric obesity; Poverty,
31813966,"Estimates of the Time From Seroconversion to Antiretroviral Therapy Initiation Among People Newly Diagnosed With Human Immunodeficiency Virus From 2006 to 2015, New York City.",Robertson MM; Braunstein SL; Hoover DR; Li S; Nash D,2020,11/5/20,https://pubmed.ncbi.nlm.nih.gov/31813966/,Clinical infectious diseases : an official publication of the Infectious Diseases Society of America,10.1093/cid/ciz1178,antiretroviral treatment; care cascade; ending the HIV epidemic; universal test and treat,
33252688,Race/Ethnicity Among Children With COVID-19-Associated Multisystem Inflammatory Syndrome.,Lee EH; Kepler KL; Geevarughese A; Paneth-Pollak R; Dorsinville MS; Ngai S; Reilly KH,2020,11/2/20,https://pubmed.ncbi.nlm.nih.gov/33252688/,JAMA network open,10.1001/jamanetworkopen.2020.30280,N/A,
33022367,Design and methods of NYC care calls: An effectiveness trial of telephone-delivered type 2 diabetes self-management support.,Gonzalez JS; Hoogendoorn CJ; Linnell J; Fishman S; Jonas V; Pham-Singer H; Schechter CB; Walker EA; Wu WY,2020,11/1/20,https://pubmed.ncbi.nlm.nih.gov/33022367/,Contemporary clinical trials,10.1016/j.cct.2020.106166,Behavioral intervention; Diabetes distress; RE-AIM; Self-management; Treatment adherence; Type 2 diabetes,
33006431,"Disparities in mortality-to-incidence ratios by race/ethnicity for female breast cancer in New York City, 2002-2016.",Nobel TB; Asumeng CK; Jasek J; Van Beck KC; Mathur R; Qiao B; Brown JJ,2020,11/1/20,https://pubmed.ncbi.nlm.nih.gov/33006431/,Cancer medicine,10.1002/cam4.3309,New York City; breast cancer; breast cancer mortality rate; breast cancer stage; racial disparities,
32947186,Demographic and psychological moderators of the relationship between neighborhood cigarette advertising and current smoking in New York City.,Giovenco DP; Spillane TE; Baig SA; Dumas SE; Dongchung TY; Sanderson M; Sisti JS; Farley SM; Jasek JP; Seligson AL,2020,11/1/20,https://pubmed.ncbi.nlm.nih.gov/32947186/,Health & place,10.1016/j.healthplace.2020.102441,Advertising; Mental health; Neighborhoods; Smoking; Tobacco,
32941064,"Cost of Tuberculosis Therapy Directly Observed on Video for Health Departments and Patients in New York City; San Francisco, California; and Rhode Island (2017-2018).",Beeler Asay GR; Lam CK; Stewart B; Mangan JM; Romo L; Marks SM; Morris SB; Gummo CL; Keh CE; Hill AN; Thomas A; Macaraig M; St John K; J Ampie T; Chuck C; Burzynski J,2020,11/1/20,https://pubmed.ncbi.nlm.nih.gov/32941064/,American journal of public health,10.2105/AJPH.2020.305877,N/A,
32180090,Housing Subsidies and Housing Stability are Associated with Better HIV Medical Outcomes Among Persons Who Experienced Homelessness and Live with HIV and Mental Illness or Substance Use Disorder.,Wiewel EW; Singh TP; Zhong Y; Beattie CM; Lim S; Walters S; Braunstein SL; Rojas J,2020,11/1/20,https://pubmed.ncbi.nlm.nih.gov/32180090/,AIDS and behavior,10.1007/s10461-020-02810-8,Evaluation; HIV/AIDS; Housing; Medical care; Mental health,
32141348,The seasonality of suicide attempts: a single poison control center perspective.,Su MK; Chan PY; Hoffman RS,2020,11/1/20,https://pubmed.ncbi.nlm.nih.gov/32141348/,"Clinical toxicology (Philadelphia, Pa.)",10.1080/15563650.2020.1733591,Poison Control Center; Suicide; overdose; seasonality,
31550944,"Mental health, long-term medication adherence, and the control of asthma symptoms among persons exposed to the WTC 9/11 disaster.",Brite J; Friedman S; de la Hoz RE; Reibman J; Cone J,2020,11/1/20,https://pubmed.ncbi.nlm.nih.gov/31550944/,The Journal of asthma : official journal of the Association for the Care of Asthma,10.1080/02770903.2019.1672722,Control/management; epidemiology; phenotypes; treatment,
30845845,Health in Action: Evaluation of a Participatory Grant-Making Project in East Harlem.,Nieves CI; Chan J; Dannefer R; De La Rosa C; Diaz-Malvido C; Realmuto L; Libman K; Brown-Dudley L; Manyindo N,2020,11/1/20,https://pubmed.ncbi.nlm.nih.gov/30845845/,Health promotion practice,10.1177/1524839919834271,community intervention; partnerships/coalitions; process evaluation; program planning and evaluation; social determinants of health,
33106814,"Evaluation of Nowcasting for Real-Time COVID-19 Tracking - New York City, March-May 2020.",Greene SK; McGough SF; Culp GM; Graf LE; Lipsitch M; Menzies NA; Kahn R,2020,10/20/20,https://pubmed.ncbi.nlm.nih.gov/33106814/,medRxiv : the preprint server for health sciences,10.1101/2020.10.18.20209189,N/A,
33051368,From People to <i>Panthera</i>: Natural SARS-CoV-2 Infection in Tigers and Lions at the Bronx Zoo.,McAloose D; Laverack M; Wang L; Killian ML; Caserta LC; Yuan F; Mitchell PK; Queen K; Mauldin MR; Cronk BD; Bartlett SL; Sykes JM; Zec S; Stokol T; Ingerman K; Delaney MA; Fredrickson R; Ivančić M; Jenkins-Moore M; Mozingo K; Franzen K; Bergeson NH; Goodman L; Wang H; Fang Y; Olmstead C; McCann C; Thomas P; Goodrich E; Elvinger F; Smith DC; Tong S; Slavinski S; Calle PP; Terio K; Torchetti MK; Diel DG,2020,10/13/20,https://pubmed.ncbi.nlm.nih.gov/33051368/,mBio,10.1128/mBio.02220-20,One Health; Panthera leo; Panthera tigris; SARS-CoV-2; in situ hybridization; lion; rRT-PCR; tiger; virus isolation; whole-genome sequencing; zoo; zoonotic infection,
33049920,Post-9/11 Mental Health Comorbidity Predicts Self-Reported Confusion or Memory Loss in World Trade Center Health Registry Enrollees.,Alper HE; Tuly RA; Seil K; Brite J,2020,10/8/20,https://pubmed.ncbi.nlm.nih.gov/33049920/,International journal of environmental research and public health,10.3390/ijerph17197330,9/11; World Trade Center; confusion; disaster; memory loss; mental health,
33150329,"The hepatitis C virus care cascade in the New York City jail system during the direct acting antiviral treatment era, 2014-2017.",Chan J; Kaba F; Schwartz J; Bocour A; Akiyama MJ; Rosner Z; Winters A; Yang P; MacDonald R,2020,10/1/20,https://pubmed.ncbi.nlm.nih.gov/33150329/,EClinicalMedicine,10.1016/j.eclinm.2020.100567,Care cascade; Direct-acting antiviral; Hepatitis C virus; Incarcerated; Jail,
33118604,A Retrospective Cohort Study of Urgent Care Visits and Revisits for Headache/Migraine.,Minen M; Zhou K; Lall R; Friedman BW,2020,10/1/20,https://pubmed.ncbi.nlm.nih.gov/33118604/,"Pain medicine (Malden, Mass.)",10.1093/pm/pnaa182,Acute Care; Headache; Migraine; Revisits; Urgent Care Visits,
32444931,Association between racial discrimination and health-related quality of life and the impact of social relationships.,Bergeron G; Lundy De La Cruz N; Gould LH; Liu SY; Levanon Seligson A,2020,10/1/20,https://pubmed.ncbi.nlm.nih.gov/32444931/,"Quality of life research : an international journal of quality of life aspects of treatment, care and rehabilitation",10.1007/s11136-020-02525-2,Health-related quality of life; Race/ethnicity; Racial discrimination; Racism; Social determinants of health; Social relationships,
32421819,Retail Deli Characteristics Associated with Sanitizing Solution Concentrations.,Holst MM; Brown LG; Hoover ER; Julian E; Faw BV; Hedeen N; McKELVEY W; Nicholas D; Ripley D,2020,10/1/20,https://pubmed.ncbi.nlm.nih.gov/32421819/,Journal of food protection,10.4315/JFP-20-142,Listeria monocytogenes; Deli; Retail food; Sanitizing solution; U.S. Food and Drug Administration Food Code,
32323175,Ubiquity of Sugary Drinks and Processed Food Throughout Food and Non-Food Retail Settings in NYC.,Mezzacca TA; Anekwe AV; Farley SM; Kessler KA; Rosa MQ; Bragg MA; Rummo PE,2020,10/1/20,https://pubmed.ncbi.nlm.nih.gov/32323175/,Journal of community health,10.1007/s10900-020-00815-x,Food environment; Food retail; Processed food; Sugary drinks,
32246359,"HIV Treatment Knowledge in the Context of ""Treatment as Prevention"" (TasP).",Paschen-Wolff MM; Campbell ANC; Tross S; Castro M; Berg H; Braunstein S; Borges C; Jarlais DD,2020,10/1/20,https://pubmed.ncbi.nlm.nih.gov/32246359/,AIDS and behavior,10.1007/s10461-020-02849-7,Antiretroviral treatment; HIV/AIDS; Health knowledge; Treatment as prevention,
31930575,"Collective Trauma and Mental Health Hospitalization Rates Among Children in New York State, 1999-2013: Age, Period, and Cohort Effects.",Liu SY; Lim S,2020,10/1/20,https://pubmed.ncbi.nlm.nih.gov/31930575/,Journal of traumatic stress,10.1002/jts.22449,N/A,
32972402,A comparison of the four healthy days measures (HRQOL-4) with a single measure of self-rated general health in a population-based health survey in New York City.,Dumas SE; Dongchung TY; Sanderson ML; Bartley K; Levanon Seligson A,2020,9/24/20,https://pubmed.ncbi.nlm.nih.gov/32972402/,Health and quality of life outcomes,10.1186/s12955-020-01560-4,Health-related quality of life; Healthy days measures; Population-based health surveys; Predictive power; Self-rated general health,
32972036,An Introduction to Probabilistic Record Linkage with a Focus on Linkage Processing for WTC Registries.,Asher J; Resnick D; Brite J; Brackbill R; Cone J,2020,9/22/20,https://pubmed.ncbi.nlm.nih.gov/32972036/,International journal of environmental research and public health,10.3390/ijerph17186937,9/11 health; data matching; disaster epidemiology; epidemiology; interagency cooperation; probabilistic record linkage; record linkage,
32890215,Cardiovascular Health Risk Behaviors by Occupation in the NYC Labor Force.,Tannis C; Chernov C; Perlman S; McKelvey W; Toprani A,2020,9/1/20,https://pubmed.ncbi.nlm.nih.gov/32890215/,Journal of occupational and environmental medicine,10.1097/JOM.0000000000001960,N/A,
32794604,Factors associated with household contacts' tuberculosis testing and evaluation.,Barroso EG,2020,9/1/20,https://pubmed.ncbi.nlm.nih.gov/32794604/,"Public health nursing (Boston, Mass.)",10.1111/phn.12788,active tuberculosis; barriers; case management; contact investigation; contacts of TB case; evaluation; testing,
32740750,Mobilizing a Public Health Response: Supporting the Perinatal Needs of New Yorkers During the COVID-19 Pandemic.,Claudio E; Donahue J; Niles PM; Pirsch A; Ramos P; Neely I; Conceiçaõ R; Thomas MP; St Vil T; Kaplan D,2020,9/1/20,https://pubmed.ncbi.nlm.nih.gov/32740750/,Maternal and child health journal,10.1007/s10995-020-02984-6,N/A,
32728523,Change in binge drinking behavior after Hurricane Sandy among persons exposed to the 9/11 World Trade Center disaster.,Locke S; Nguyen AM; Friedman L; Gargano LM,2020,9/1/20,https://pubmed.ncbi.nlm.nih.gov/32728523/,Preventive medicine reports,10.1016/j.pmedr.2020.101144,9/11 terrorist attacks; Alcohol-related disorders; Binge drinking; Cyclonic storms; Disasters,
32645583,Reformulation of oxycodone 80 mg to prevent misuse: A cohort study assessing the impact of a supply-side intervention.,Nolan ML; Harocopos A; Allen B; Paone D,2020,9/1/20,https://pubmed.ncbi.nlm.nih.gov/32645583/,The International journal on drug policy,10.1016/j.drugpo.2020.102848,Heroin; Opioid analgesics; OxyContin; Oxycodone; Prescription drug monitoring program; Prescription drugs; Reformulation,
32638553,"First glimpse into the origin and spread of the Asian longhorned tick, Haemaphysalis longicornis, in the United States.",Egizi A; Bulaga-Seraphin L; Alt E; Bajwa WI; Bernick J; Bickerton M; Campbell SR; Connally N; Doi K; Falco RC; Gaines DN; Greay TL; Harper VL; Heath ACG; Jiang J; Klein TA; Maestas L; Mather TN; Occi JL; Oskam CL; Pendleton J; Teator M; Thompson AT; Tufts DM; Umemiya-Shirafuji R; VanAcker MC; Yabsley MJ; Fonseca DM,2020,9/1/20,https://pubmed.ncbi.nlm.nih.gov/32638553/,Zoonoses and public health,10.1111/zph.12743,animal diseases; environment and public health; introduced species; population genetics; tick infestations; tick-borne diseases,
32614647,George Floyd and Our Collective Moral Injury.,Barbot O,2020,9/1/20,https://pubmed.ncbi.nlm.nih.gov/32614647/,American journal of public health,10.2105/AJPH.2020.305850,N/A,
32036513,Impact of a Citywide Benchmarking Intervention on Colonoscopy Quality Performance.,Uche-Anya EN; Brown JJ; Asumeng C; Striplin J; Carlesimo M; Krauskopf M; Greenwald D; Bernstein B; Itzkowitz S; Schnoll-Sussman F; Lebwohl B,2020,9/1/20,https://pubmed.ncbi.nlm.nih.gov/32036513/,Digestive diseases and sciences,10.1007/s10620-020-06067-y,Colon cancer prevention; Colonoscopy quality; Colorectal cancer screening,
31801894,"Hepatitis C infection among men who have sex with men living with HIV in New York City, 2000-2015.",Gabai CM; Moore MS; Penrose K; Braunstein S; Bocour A; Neaigus A; Winters A,2020,9/1/20,https://pubmed.ncbi.nlm.nih.gov/31801894/,Sexually transmitted infections,10.1136/sextrans-2019-054208,HIV; epidemiology (general); hepatitis C; screening; surveillance,
31712712,Lower 24-h urinary sodium excretion is associated with hypertension control: the 2010 Heart Follow-Up Study.,Elfassy T; Chamany S; Bartley K; Yi SS; Angell SY,2020,9/1/20,https://pubmed.ncbi.nlm.nih.gov/31712712/,Journal of human hypertension,10.1038/s41371-019-0285-9,N/A,
32663397,Assessing Air Quality and Public Health Benefits of New York City's Climate Action Plans.,Johnson S; Haney J; Cairone L; Huskey C; Kheirbek I,2020,8/18/20,https://pubmed.ncbi.nlm.nih.gov/32663397/,Environmental science & technology,10.1021/acs.est.0c00694,N/A,
31556947,Bedaquiline for the Treatment of Multidrug-resistant Tuberculosis in the United States.,Mase S; Chorba T; Parks S; Belanger A; Dworkin F; Seaworth B; Warkentin J; Barry P; Shah N,2020,8/14/20,https://pubmed.ncbi.nlm.nih.gov/31556947/,Clinical infectious diseases : an official publication of the Infectious Diseases Society of America,10.1093/cid/ciz914,adverse event; bedaquiline; multidrug-resistant tuberculosis; outcome; treatment,
32897131,STEPS to Care: Translating an Evidence-Informed HIV Care Coordination Program Into a Field-Tested Online Practice Improvement Toolkit.,O'Donnell L; Irvine MK; Wilkes AL; Rwan J; Myint-U A; Leow DM; Whittier D; Harriman G; Bessler P; Higa D; Courtenay-Quirk C,2020,8/1/20,https://pubmed.ncbi.nlm.nih.gov/32897131/,AIDS education and prevention : official publication of the International Society for AIDS Education,10.1521/aeap.2020.32.4.296,HIV care; care coordination; implementation science; patient navigation; practice improvement,
32598117,HIV Prevalence Among Women Who Exchange Sex for Money or Drugs-4 U.S. Cities.,Nerlander LM; Handanagic S; Hess KL; Lutnick A; Agnew-Brune CB; Hoots BE; Braunstein SL; Glick SN; Higgins E; Padgett P; Schuette SM; Broz D; Ivy W; Smith A; Thorson A; Paz-Bailey G; NHBS High Risk Women Study Group,2020,8/1/20,https://pubmed.ncbi.nlm.nih.gov/32598117/,Journal of acquired immune deficiency syndromes (1999),10.1097/QAI.0000000000002362,N/A,
32551356,Housing stability and diabetes among people living in New York city public housing.,Lim S; Liu SYS; Jacobson MH; Poirot E; Crossa A; Locke S; Brite J; Hamby E; Bailey Z; Farquhar S,2020,8/1/20,https://pubmed.ncbi.nlm.nih.gov/32551356/,SSM - population health,10.1016/j.ssmph.2020.100605,Diabetes; Housing; Social and life-course epidemiology,
32520884,"Carriage of Neisseria meningitidis in Men Who Have Sex With Men Presenting to Public Sexual Health Clinics, New York City.",Ngai S; Weiss D; Bell JA; Majrud D; Zayas G; Crawley A; Kornblum J; Rodriguez-Rivera LD; Quinlan T; Halse TA; Retchless AC; MacNeil J; Pathela P,2020,8/1/20,https://pubmed.ncbi.nlm.nih.gov/32520884/,Sexually transmitted diseases,10.1097/OLQ.0000000000001205,N/A,
32297139,ZIP Code-Level Estimates from a Local Health Survey: Added Value and Limitations.,Bi Q; He F; Konty K; Gould LH; Immerwahr S; Levanon Seligson A,2020,8/1/20,https://pubmed.ncbi.nlm.nih.gov/32297139/,Journal of urban health : bulletin of the New York Academy of Medicine,10.1007/s11524-020-00423-z,Population health; Survey; ZIP Code,
32166523,Building a Culture of Health at the Neighborhood Level Through Governance Councils.,Pierre J; Letamendi C; Sleiter L; Bailey Z; Dannefer R; Shiman L; Gutierrez J; Martins E; Sierra R,2020,8/1/20,https://pubmed.ncbi.nlm.nih.gov/32166523/,Journal of community health,10.1007/s10900-020-00804-0,Cross-sector collaboration; Health equity; Local health department; Neighborhood health; Place-based interventions,
35912314,Tuberculosis Infection in Children.,Stewart RJ; Wortham J; Parvez F; Bamrah Morris S; Kirking HL; Hatzenbuehler Cameron L; Cruz AT,2020,7/31/20,https://pubmed.ncbi.nlm.nih.gov/35912314/,The journal for nurse practitioners : JNP,10.1016/j.nurpra.2020.06.027,children; infection; latent; pediatric; tuberculosis,
32751314,Large for Gestational Age and Risk for Academic Delays and Learning Disabilities: Assessing Modification by Maternal Obesity and Diabetes.,Duffany KO; McVeigh KH; Lipkind HS; Kershaw TS; Ickovics JR,2020,7/29/20,https://pubmed.ncbi.nlm.nih.gov/32751314/,International journal of environmental research and public health,10.3390/ijerph17155473,academic delays; gestational diabetes; large for gestational age (LGA); maternal obesity; special education,
32718922,"PROMISE (Program Refinements to Optimize Model Impact and Scalability based on Evidence): a cluster-randomised, stepped-wedge trial assessing effectiveness of the revised versus original Ryan White Part A HIV Care Coordination Programme for patients with barriers to treatment in the USA.",Irvine MK; Levin B; Robertson MM; Penrose K; Carmona J; Harriman G; Braunstein SL; Nash D,2020,7/27/20,https://pubmed.ncbi.nlm.nih.gov/32718922/,BMJ open,10.1136/bmjopen-2019-034624,HIV viral suppression; care coordination; implementation science; practice-driven research; statistics & research methods; stepped-wedge trial,
31504325,"Sex- and Poverty-Specific Patterns in Cardiovascular Disease Mortality Associated With Human Immunodeficiency Virus, New York City, 2007-2017.",Hanna DB; Ramaswamy C; Kaplan RC; Kizer JR; Daskalakis D; Anastos K; Braunstein SL,2020,7/27/20,https://pubmed.ncbi.nlm.nih.gov/31504325/,Clinical infectious diseases : an official publication of the Infectious Diseases Society of America,10.1093/cid/ciz852,HIV infection; cardiovascular disease; mortality; poverty areas; women,
32706595,Combat Stress Management and Resilience: Adapting Department of Defense Combat Lessons Learned to Civilian Healthcare during the COVID-19 Pandemic.,Wei EK; Segall J; Linn-Walton R; Eros-Sarnyai M; Fattal O; Toukolehto O; Barron C; Burke A; Benedek DM; West JC; Fisher M; Shmerler D; Cho HJ,2020,7/17/20,https://pubmed.ncbi.nlm.nih.gov/32706595/,Health security,10.1089/hs.2020.0091,COVID-19; Combat stress management; Epidemic management/response; Hospital preparedness/response; Psychological impacts,
31125410,"First 12 Months of Life for Infants in New York City, New York, With Possible Congenital Zika Virus Exposure.","Lee EH; Cooper H; Iwamoto M; Lash M; Conners EE; Bloch D; Clark S; Hrusa G; Kubinson H; Paladini M; McGibbon E; Rakeman JL; Fine AD; Limberger RJ; Liu D; Slavinski S; New York City Department of Health and Mental Hygiene Zika Working Group
",2020,7/13/20,https://pubmed.ncbi.nlm.nih.gov/31125410/,Journal of the Pediatric Infectious Diseases Society,10.1093/jpids/piz027,Zika virus; birth defects; congenital Zika syndrome; microcephaly; surveillance,
32628873,Tenofovir Alafenamide for HIV Preexposure Prophylaxis.,Krakower DS; Daskalakis DC; Feinberg J; Marcus JL,2020,7/7/20,https://pubmed.ncbi.nlm.nih.gov/32628873/,Annals of internal medicine,10.7326/L20-0301,N/A,
33123613,Outcomes of Hepatitis C Virus Treatment in the New York City Jail Population: Successes and Challenges Facing Scale up of Care.,Chan J; Schwartz J; Kaba F; Bocour A; Akiyama MJ; Hobstetter L; Rosner Z; Winters A; Yang P; MacDonald R,2020,7/1/20,https://pubmed.ncbi.nlm.nih.gov/33123613/,Open forum infectious diseases,10.1093/ofid/ofaa263,direct-acting antiviral; hepatitis C virus; incarcerated; jail; reinfection,
32718411,Transforming essential services for tuberculosis during the COVID-19 pandemic: lessons from New York City.,Burzynski J; Macaraig M; Nilsen D; Schluger NW,2020,7/1/20,https://pubmed.ncbi.nlm.nih.gov/32718411/,The international journal of tuberculosis and lung disease : the official journal of the International Union against Tuberculosis and Lung Disease,10.5588/ijtld.20.0283,N/A,
32621875,The usefulness of HIV partner services in the age of treatment as prevention: a registry-based study.,Udeagu CN; Shah S; Misra K; Xia Q,2020,7/1/20,https://pubmed.ncbi.nlm.nih.gov/32621875/,The lancet. HIV,10.1016/S2352-3018(20)30116-8,N/A,
32437285,"Enrollment Length, Service Category, and HIV Health Outcomes Among Low-Income HIV-Positive Persons Newly Enrolled in a Housing Program, New York City, 2014-2017.",Zhong Y; Beattie CM; Rojas J; Farquhar XP; Brown PA; Wiewel EW,2020,7/1/20,https://pubmed.ncbi.nlm.nih.gov/32437285/,American journal of public health,10.2105/AJPH.2020.305660,N/A,
32437270,"Structural Racism, Historical Redlining, and Risk of Preterm Birth in New York City, 2013-2017.",Krieger N; Van Wye G; Huynh M; Waterman PD; Maduro G; Li W; Gwynn RC; Barbot O; Bassett MT,2020,7/1/20,https://pubmed.ncbi.nlm.nih.gov/32437270/,American journal of public health,10.2105/AJPH.2020.305656,N/A,
32605312,Distinct New York City <i>Aedes albopictus</i> Mosquito Populations Display Differences in Salivary Gland Protein D7 Diversity and Chikungunya Virus Replication.,Kaczmarek ME; Herzog NL; Noval MG; Zuzworsky J; Shah Z; Bajwa WI; Stapleford KA,2020,6/28/20,https://pubmed.ncbi.nlm.nih.gov/32605312/,Viruses,10.3390/v12070698,Aedes albopictus; New York City; arbovirus; chikungunya virus; saliva; transmission,
32555137,"Detection of Ciprofloxacin-Resistant, β-Lactamase-Producing Neisseria meningitidis Serogroup Y Isolates - United States, 2019-2020.",McNamara LA; Potts C; Blain AE; Retchless AC; Reese N; Swint S; Lonsway D; Karlsson M; Lunquest K; Sweitzer JJ; Wang X; Hariri S; Fox LM; Antimicrobial-Resistant Neisseria meningitidis Team,2020,6/19/20,https://pubmed.ncbi.nlm.nih.gov/32555137/,MMWR. Morbidity and mortality weekly report,10.15585/mmwr.mm6924a2,N/A,
32560511,"Post-Traumatic Stress Disorder among Survivors of the September 11, 2001 World Trade Center Attacks: A Review of the Literature.",Hamwey MK; Gargano LM; Friedman LG; Leon LF; Petrsoric LJ; Brackbill RM,2020,6/17/20,https://pubmed.ncbi.nlm.nih.gov/32560511/,International journal of environmental research and public health,10.3390/ijerph17124344,9/11; World Trade Center; cormorbidities; posttraumatic stress disorder; review; survivors,
32545781,Injury Severity and Psychological Distress Sustained in the Aftermath of the Attacks of 11 September 2001 Predict Somatic Symptoms in World Trade Center Health Registry Enrollees Sixteen Years Later.,Alper HE; Gargano LM; Cone JE; Brackbill RM,2020,6/13/20,https://pubmed.ncbi.nlm.nih.gov/32545781/,International journal of environmental research and public health,10.3390/ijerph17124232,9/11; World Trade Center; disaster; injury; mental health; somatic symptoms,
32553010,Epidemiology of tuberculosis among healthcare personnel in New York City.,Proops DC; Knorr JA; Meissner JS; Kreiswirth BN; Ahuja SD,2020,6/1/20,https://pubmed.ncbi.nlm.nih.gov/32553010/,The international journal of tuberculosis and lung disease : the official journal of the International Union against Tuberculosis and Lung Disease,10.5588/ijtld.19.0584,N/A,
32451196,Identifying demographic and health profiles of young adults with frequent jail incarceration in New York City during 2011-2017.,Chan PY; Kaba F; Lim S; Katyal M; MacDonald R,2020,6/1/20,https://pubmed.ncbi.nlm.nih.gov/32451196/,Annals of epidemiology,10.1016/j.annepidem.2020.04.006,Longitudinal studies; Mental health; Prevalence; Substance-related disorders; Vulnerable populations,
32444001,Impact of the Centers for Disease Control and Prevention Recommendation and State Law on Birth Cohort Hepatitis C Screening of New York City Medicaid Recipients.,Bocour A; Moore MS; Winters A,2020,6/1/20,https://pubmed.ncbi.nlm.nih.gov/32444001/,American journal of preventive medicine,10.1016/j.amepre.2019.12.024,N/A,
32149956,"Do Prescriptions for Expedited Partner Therapy for Chlamydia Get Filled? Findings From a Multi-Jurisdictional Evaluation, United States, 2017-2019.",Slutsker JS; Tsang LB; Schillinger JA,2020,6/1/20,https://pubmed.ncbi.nlm.nih.gov/32149956/,Sexually transmitted diseases,10.1097/OLQ.0000000000001163,N/A,
31994417,"A Comparison of Common Health Indicators From Two Surveys of Latinos in the Bronx, New York.",Crossa A; Jessup J; Liu SY; Isasi CR; Hanna DB; Hua S; He F; Seligson AL; Lim S,2020,6/1/20,https://pubmed.ncbi.nlm.nih.gov/31994417/,Hispanic health care international : the official journal of the National Association of Hispanic Nurses,10.1177/1540415320902372,Latino health; diabetes; hypertension; obesity; population survey; smoking,
32432165,Social Vulnerabilities and Reported Discrimination in Health Care Among HIV-Positive Medical Case Management Clients in New York City.,Penrose K; Robertson M; Nash D; Harriman G; Irvine M,2020,5/1/20,https://pubmed.ncbi.nlm.nih.gov/32432165/,Stigma and health,10.1037/sah0000187,HIV; Ryan White; discrimination; medical case management; social vulnerabilities; syndemics,
32398202,Evaluation of recorded video-observed therapy for anti-tuberculosis treatment.,Garfein RS; Liu L; Cuevas-Mota J; Collins K; Catanzaro DG; Muñoz F; Moser K; Chuck C; Higashi J; Bulterys MA; Raab F; Rios P,2020,5/1/20,https://pubmed.ncbi.nlm.nih.gov/32398202/,The international journal of tuberculosis and lung disease : the official journal of the International Union against Tuberculosis and Lung Disease,10.5588/ijtld.19.0456,N/A,
32213430,"Post-traumatic stress disorder and risk of prescription opioid use, over-use, and misuse among World Trade Center Health Registry enrollees, 2015-2016.",Takemoto E; Brackbill R; Martins S; Farfel M; Jacobson M,2020,5/1/20,https://pubmed.ncbi.nlm.nih.gov/32213430/,Drug and alcohol dependence,10.1016/j.drugalcdep.2020.107959,Disaster epidemiology; Opioid misuse; Opioids; Post-traumatic stress disorder,
32191512,"Flavored Tobacco Sales Prohibition (2009) and Noncigarette Tobacco Products in Retail Stores (2017), New York City.",Farley SM; Sisti J; Jasek J; Schroth KRJ,2020,5/1/20,https://pubmed.ncbi.nlm.nih.gov/32191512/,American journal of public health,10.2105/AJPH.2019.305561,N/A,
32149962,#Testathome: Implementing 2 Phases of a HIV Self-Testing Program Through Community-Based Organization Partnerships in New York City.,Hubbard SJ; Ma M; Wahnich A; Clarke A; Myers JE; Saleh LD,2020,5/1/20,https://pubmed.ncbi.nlm.nih.gov/32149962/,Sexually transmitted diseases,10.1097/OLQ.0000000000001151,N/A,
32149955,"Five Waves of an Online HIV Self-Test Giveaway in New York City, 2015 to 2018.",Edelstein ZR; Wahnich A; Purpura LJ; Salcuni PM; Tsoi BW; Kobrak PH; Santos PA; Andaluz A; MacGregor JH; Matsuki JDM; Katz DA; Daskalakis DC; Myers JE,2020,5/1/20,https://pubmed.ncbi.nlm.nih.gov/32149955/,Sexually transmitted diseases,10.1097/OLQ.0000000000001144,N/A,
32107823,Longitudinal Patterns of School Disengagement before Conception among New York City Teen Mothers.,Yunzal-Butler C; Sackoff J; Korenman S,2020,5/1/20,https://pubmed.ncbi.nlm.nih.gov/32107823/,The Journal of school health,10.1111/josh.12886,attendance; group-based trajectory modeling; school disengagement; teen birth; teen pregnancy prevention,
32067871,Cardiovascular Disease Guideline Adherence: An RCT Using Practice Facilitation.,Shelley DR; Gepts T; Siman N; Nguyen AM; Cleland C; Cuthel AM; Rogers ES; Ogedegbe O; Pham-Singer H; Wu W; Berry CA,2020,5/1/20,https://pubmed.ncbi.nlm.nih.gov/32067871/,American journal of preventive medicine,10.1016/j.amepre.2019.12.013,N/A,
31994226,Commentary on Hoots et al. (2019): The gap between evidence and policy calls into question the extent of a public health approach to the opioid overdose epidemic.,Nolan ML; Allen B; Paone D,2020,5/1/20,https://pubmed.ncbi.nlm.nih.gov/31994226/,"Addiction (Abingdon, England)",10.1111/add.14958,Buprenorphine; drug policy; methadone; opioid overdose epidemic; public health; supervised injection facility,
31762219,"Systemic Autoimmune Disease Among Adults Exposed to the September 11, 2001 Terrorist Attack.",Miller-Archie SA; Izmirly PM; Berman JR; Brite J; Walker DJ; Dasilva RC; Petrsoric LJ; Cone JE,2020,5/1/20,https://pubmed.ncbi.nlm.nih.gov/31762219/,"Arthritis & rheumatology (Hoboken, N.J.)",10.1002/art.41175,N/A,
31147472,Changes to the littered cigarette pack environment in New York City between 2011 and 2015.,Farley SM; Jasek JP; Sacks R; Schroth K; Davis K,2020,5/1/20,https://pubmed.ncbi.nlm.nih.gov/31147472/,Tobacco control,10.1136/tobaccocontrol-2018-054909,cigarette trafficking; littered pack studies; minimum price laws; policy evaluation; tax avoidance; tax evasion,
32324532,Identifying New York City Neighborhoods at Risk of Being Overlooked for Interventions.,Kang JX; Levanon Seligson A; Dragan KL,2020,4/23/20,https://pubmed.ncbi.nlm.nih.gov/32324532/,Preventing chronic disease,10.5888/pcd17.190325,N/A,
32284452,Presence of neonatal intensive care services at birth hospital and early intervention enrollment in infants ≤1500 g.,Gogcu S; Aboudi D; Kase J; LaGamma E; Brumberg HL,2020,4/9/20,https://pubmed.ncbi.nlm.nih.gov/32284452/,Journal of perinatal medicine,10.1515/jpm-2019-0393,Early Intervention; Neonatal Intensive Care Unit; Outborn; Regionalization; Very-Low-Birth-Weight Infant,
32250400,Implementation of HIV Self-Testing Program in New York City.,Edelstein ZR; Hubbard SJ; Myers JE,2020,4/1/20,https://pubmed.ncbi.nlm.nih.gov/32250400/,JAMA internal medicine,10.1001/jamainternmed.2020.0128,N/A,
32132009,"Impact of a Telephonic Intervention to Improve Diabetes Control on Health Care Utilization and Cost for Adults in South Bronx, New York.",Tabaei BP; Howland RE; Gonzalez JS; Chamany S; Walker EA; Schechter CB; Wu WY,2020,4/1/20,https://pubmed.ncbi.nlm.nih.gov/32132009/,Diabetes care,10.2337/dc19-0954,N/A,
32086155,Exploring willingness to engage with law enforcement among syringe service program participants in New York City.,Tesfaye Rogoza A; Dolatshahi J; Harocopos A; Paone D,2020,4/1/20,https://pubmed.ncbi.nlm.nih.gov/32086155/,The International journal on drug policy,10.1016/j.drugpo.2020.102700,Emergency medical service utilization; Fentanyl-involved overdoses; Harm reduction; Law enforcement; People who use drugs,
31904700,The HIV Pre-exposure Prophylaxis (PrEP) Cascade at NYC Sexual Health Clinics: Navigation Is the Key to Uptake.,Pathela P; Jamison K; Blank S; Daskalakis D; Hedberg T; Borges C,2020,4/1/20,https://pubmed.ncbi.nlm.nih.gov/31904700/,Journal of acquired immune deficiency syndromes (1999),10.1097/QAI.0000000000002274,N/A,
31728695,Impact of an HIV Care Coordination Program on the Timeliness of Viral Suppression and Immune Recovery Among Clients Newly Diagnosed with HIV.,Robertson MM; Penrose K; Nash D; Harriman G; Braunstein SL; Levin B; Irvine MK,2020,4/1/20,https://pubmed.ncbi.nlm.nih.gov/31728695/,AIDS and behavior,10.1007/s10461-019-02732-0,Care coordination; Comparative effectiveness; HIV; Immunologic recovery; Medical case management; New HIV diagnoses; Viral suppression,
31532238,Anxiety and depressive symptoms and missing breast cancer and cervical screening: results from Brazos valley community health survey.,Zhang X; Mkuu R; Samman E; Cummings S; Sherman L; Wigfall LT; Wilkinson L; Burdine JN,2020,4/1/20,https://pubmed.ncbi.nlm.nih.gov/31532238/,"Psychology, health & medicine",10.1080/13548506.2019.1668031,Mammography; Pap test; anxiety; cancer screening; depressive symptoms,
32102901,"Mumps: an Update on Outbreaks, Vaccine Efficacy, and Genomic Diversity.",Lam E; Rosen JB; Zucker JR,2020,3/18/20,https://pubmed.ncbi.nlm.nih.gov/32102901/,Clinical microbiology reviews,10.1128/CMR.00151-19,genomic diversity; mumps; outbreaks; vaccine effectiveness; vaccine efficacy,
31711219,Accounting for Blood Pressure Seasonality Alters Evaluation of Practice-Level Blood Pressure Control Intervention.,Gepts T; Nguyen AM; Cleland C; Wu W; Pham-Singer H; Shelley D,2020,3/13/20,https://pubmed.ncbi.nlm.nih.gov/31711219/,American journal of hypertension,10.1093/ajh/hpz179,blood pressure; hypertension; seasonality,
32160662,"Consequences of Undervaccination - Measles Outbreak, New York City, 2018-2019.",Zucker JR; Rosen JB; Iwamoto M; Arciuolo RJ; Langdon-Embry M; Vora NM; Rakeman JL; Isaac BM; Jean A; Asfaw M; Hawkins SC; Merrill TG; Kennelly MO; Maldin Morgenthau B; Daskalakis DC; Barbot O,2020,3/12/20,https://pubmed.ncbi.nlm.nih.gov/32160662/,The New England journal of medicine,10.1056/NEJMoa1912514,N/A,
32202645,Association Between Socioeconomic Status and Asthma-Related Emergency Department Visits Among World Trade Center Rescue and Recovery Workers and Survivors.,Brite J; Alper HE; Friedman S; Takemoto E; Cone J,2020,3/2/20,https://pubmed.ncbi.nlm.nih.gov/32202645/,JAMA network open,10.1001/jamanetworkopen.2020.1600,N/A,
32202929,"Partner Services Among HIV-Positive Adults Receiving Medical Care in the United States: Medical Monitoring Project, 2013-2014.",Udeagu CN; Beer L; Lu JF; Luo Q; Shouse RL,2020,3/1/20,https://pubmed.ncbi.nlm.nih.gov/32202929/,AIDS patient care and STDs,10.1089/apc.2019.0286,N/A,
32092665,The role of syringe exchange programs and sexual identity in awareness of pre-exposure prophylaxis (PrEP) for male persons who inject drugs.,Walters SM; Coston B; Neaigus A; Rivera AV; Starbuck L; Ramirez V; Reilly KH; Braunstein SL,2020,3/1/20,https://pubmed.ncbi.nlm.nih.gov/32092665/,The International journal on drug policy,10.1016/j.drugpo.2020.102671,HIV; Men who have sex with men (MSM); People who inject drugs (PWID); Pre-exposure prophylaxis (PrEP); Social networks; Syringe exchange programs,
32090508,Continued Decline in Obesity and Severe Obesity Prevalence Among New York City Public School Youth in Grades K-8: 2011-2017.,Day SE; D'Agostino EM; Huang TT; Larkin M; Harr L; Konty KJ,2020,3/1/20,https://pubmed.ncbi.nlm.nih.gov/32090508/,"Obesity (Silver Spring, Md.)",10.1002/oby.22732,N/A,
32055437,"Sodium, calorie, and sugary drink purchasing patterns in chain restaurants: Findings from NYC.",Prasad D; Mezzacca TA; Anekwe AV; Lent M; Farley SM; Kessler K; Angell SY,2020,3/1/20,https://pubmed.ncbi.nlm.nih.gov/32055437/,Preventive medicine reports,10.1016/j.pmedr.2019.101040,"Consumer Behavior; DGA, Dietary Guidelines for Americans; Energy Intake; FSR, Full-service restaurants; Food and Beverages; NYC, New York City; Public Health; QSR, Quick-service restaurants; Restaurants; Sodium; US, United States",
32035374,Identification of risk factors for early psychiatric rehospitalization.,Zhao Y; Hoenig JM; Protacio A; Lim S; Norman CC,2020,3/1/20,https://pubmed.ncbi.nlm.nih.gov/32035374/,Psychiatry research,10.1016/j.psychres.2020.112803,Machine learning; Psychiatric hospitalization; Random forest; Readmission; Rehospitalization; Serious mental illness,
31944850,"Health Behaviors and Outcomes Associated With Personal and Family History of Criminal Justice System Involvement, New York City, 2017.",Baquero M; Zweig K; Angell SY; Meropol SB,2020,3/1/20,https://pubmed.ncbi.nlm.nih.gov/31944850/,American journal of public health,10.2105/AJPH.2019.305415,N/A,
31917059,Disparities in Sugary Drink Advertising on New York City Streets.,Dowling EA; Roberts C; Adjoian T; Farley SM; Dannefer R,2020,3/1/20,https://pubmed.ncbi.nlm.nih.gov/31917059/,American journal of preventive medicine,10.1016/j.amepre.2019.09.025,N/A,
31851043,Evaluating Race and Ethnicity Reported in Hospital Discharge Data and Its Impact on the Assessment of Health Disparities.,Howland RE; Tsao TY,2020,3/1/20,https://pubmed.ncbi.nlm.nih.gov/31851043/,Medical care,10.1097/MLR.0000000000001259,N/A,
31794522,Use of molecular HIV surveillance data and predictive modeling to prioritize persons for transmission-reduction interventions.,Xia Q; Wertheim JO; Braunstein SL; Misra K; Udeagu CC; Torian LV,2020,3/1/20,https://pubmed.ncbi.nlm.nih.gov/31794522/,"AIDS (London, England)",10.1097/QAD.0000000000002452,N/A,
31701647,Identification of novel influenza A virus exposures by an improved high-throughput multiplex MAGPIX platform and serum adsorption.,Li ZN; Cheng E; Poirot E; Weber KM; Carney P; Chang J; Liu F; Gross FL; Holiday C; Fry A; Stevens J; Tumpey T; Levine MZ,2020,3/1/20,https://pubmed.ncbi.nlm.nih.gov/31701647/,Influenza and other respiratory viruses,10.1111/irv.12695,MAGPIX; hemagglutinin; influenza; serum adsorption; subtype,
31637651,How Practice Facilitation Strategies Differ by Practice Context.,Nguyen AM; Cuthel A; Padgett DK; Niles P; Rogers E; Pham-Singer H; Ferran D; Kaplan SA; Berry C; Shelley D,2020,3/1/20,https://pubmed.ncbi.nlm.nih.gov/31637651/,Journal of general internal medicine,10.1007/s11606-019-05350-7,implementation; practice facilitation; qualitative,
30175629,A Youth-Friendly Pharmacy Initiative: Decreasing Unintended Pregnancies Among Disenfranchised Youth.,Roberts CB; Bedell J,2020,3/1/20,https://pubmed.ncbi.nlm.nih.gov/30175629/,Health promotion practice,10.1177/1524839918796214,health disparities; health education; health promotion; maternal and infant health; process evaluation; program planning and evaluation; reproductive health,
31931525,Tenofovir Alafenamide for HIV Preexposure Prophylaxis: What Can We DISCOVER About Its True Value?,Krakower DS; Daskalakis DC; Feinberg J; Marcus JL,2020,2/18/20,https://pubmed.ncbi.nlm.nih.gov/31931525/,Annals of internal medicine,10.7326/M19-3337,N/A,
32022879,"Association Between Posttraumatic Stress Disorder and Mortality Among Responders and Civilians Following the September 11, 2001, Disaster.",Giesinger I; Li J; Takemoto E; Cone JE; Farfel MR; Brackbill RM,2020,2/5/20,https://pubmed.ncbi.nlm.nih.gov/32022879/,JAMA network open,10.1001/jamanetworkopen.2019.20476,N/A,
32133392,Surveillance data confirm multiyear predictions of rotavirus dynamics in New York City.,Olson DR; Lopman BA; Konty KJ; Mathes RW; Papadouka V; Ternier A; Zucker JR; Simonsen L; Grenfell BT; Pitzer VE,2020,2/1/20,https://pubmed.ncbi.nlm.nih.gov/32133392/,Science advances,10.1126/sciadv.aax0586,N/A,
31846396,Population-based age adjustment tables for use in occupational hearing conservation programs.,Flamme GA; Deiters KK; Stephenson MR; Themann CL; Murphy WJ; Byrne DC; Goldfarb DG; Zeig-Owens R; Hall C; Prezant DJ; Cone JE,2020,2/1/20,https://pubmed.ncbi.nlm.nih.gov/31846396/,International journal of audiology,10.1080/14992027.2019.1698068,Hearing conservation/hearing loss prevention; aging; demographics/epidemiology; noise,
31833467,Environmental Determinants of <i>Aedes albopictus</i> Abundance at a Northern Limit of Its Range in the United States.,Kache PA; Eastwood G; Collins-Palmer K; Katz M; Falco RC; Bajwa WI; Armstrong PM; Andreadis TG; Diuk-Wasser MA,2020,2/1/20,https://pubmed.ncbi.nlm.nih.gov/31833467/,The American journal of tropical medicine and hygiene,10.4269/ajtmh.19-0244,N/A,
31642419,"Monitoring Emergency Department Visits From Puerto Rico in the Aftermath of Hurricane Maria Using Syndromic Surveillance - New York City, 2017.",Wong PW; Parton HB,2020,2/1/20,https://pubmed.ncbi.nlm.nih.gov/31642419/,Disaster medicine and public health preparedness,10.1017/dmp.2019.102,Puerto Rico; disaster; hurricane; situational awareness; syndromic surveillance,
31451987,The Neighborhood as a Unit of Change for Health: Early Findings from the East Harlem Neighborhood Health Action Center.,Dannefer R; Wong BC; John P; Gutierrez J; Brown-Dudley L; Freeman K; Roberts C; Martins E; Napier E; Noyes P; Seoh H; Bedell J; Toner C; Easterling T; Lopez J; Manyindo N; Maybank KA,2020,2/1/20,https://pubmed.ncbi.nlm.nih.gov/31451987/,Journal of community health,10.1007/s10900-019-00712-y,Collaboration; Health equity; Local public health departments; Place-based interventions; Service co-location,
31146539,An expanded HIV screening strategy in the Emergency Department fails to identify most patients with undiagnosed infection: insights from a blinded serosurvey.,Felsen UR; Torian LV; Futterman DC; Stafford S; Xia Q; Allan D; Esses D; Cunningham CO; Weiss JM; Zingman BS,2020,2/1/20,https://pubmed.ncbi.nlm.nih.gov/31146539/,AIDS care,10.1080/09540121.2019.1619663,Emergency Department; HIV screening; serosurvey; undiagnosed HIV,
30929151,Implementing Respondent-Driven Sampling to Recruit Women Who Exchange Sex in New York City: Factors Associated with Recruitment and Lessons Learned.,Carrillo SA; Rivera AV; Braunstein SL,2020,2/1/20,https://pubmed.ncbi.nlm.nih.gov/30929151/,AIDS and behavior,10.1007/s10461-019-02485-w,Exchange sex; HIV; Recruitment; Respondent-driven sampling; USA,
31694974,"<i>Brucella</i> Exposure Risk Events in 10 Clinical Laboratories, New York City, USA, 2015 to 2017.",Ackelsberg J; Liddicoat A; Burke T; Szymczak WA; Levi MH; Ostrowsky B; Hamula C; Patel G; Kopetz V; Saverimuttu J; Sordillo EM; D'Souza D; Mitchell EA; Lowe W; Khare R; Tang YW; Bianchi AL; Egan C; Perry MJ; Hughes S; Rakeman JL; Adams E; Kharod GA; Tiller R; Saile E; Lee S; Gonzalez E; Hoppe B; Leviton IM; Hacker S; Ni KF; Orsini RL; Jhaveri S; Mazariegos I; Dingle T; Koll B; Stoddard RA; Galloway R; Hoffmaster A; Fine A; Lee E; Dentinger C; Harrison E; Layton M,2020,1/28/20,https://pubmed.ncbi.nlm.nih.gov/31694974/,Journal of clinical microbiology,10.1128/JCM.01096-19,biosafety; brucellosis; laboratory-acquired infection; risk assessment,
32012700,Phylodynamic Analysis Complements Partner Services by Identifying Acute and Unreported HIV Transmission.,Campbell EM; Patala A; Shankar A; Li JF; Johnson JA; Westheimer E; Gay CL; Cohen SE; Switzer WM; Peters PJ,2020,1/27/20,https://pubmed.ncbi.nlm.nih.gov/32012700/,Viruses,10.3390/v12020145,"Phylodynamics, HIV transmission, sexual network, risk network, contact network, genetic network, acute HIV infection, MicrobeTrace, network visualization",
32935053,"The Mortality After Release from Incarceration Consortium (MARIC): Protocol for a multi-national, individual participant data meta-analysis.",Borschmann R; Tibble H; Spittal MJ; Preen D; Pirkis J; Larney S; Rosen DL; Young JT; Love AD; Altice FL; Binswanger IA; Bukten A; Butler T; Chang Z; Chen CY; Clausen T; Christensen PB; Culbert GJ; Degenhardt L; Dirkzwager A; Dolan K; Fazel S; Fischbacher C; Giles M; Graham L; Harding D; Huang YF; Huber F; Karaminia A; Keen C; Kouyoumdjian FG; Lim S; Møller L; Moniruzzaman A; Morenoff J; O'Moore E; Pizzicato LN; Pratt D; Proescholdbell SK; Ranapurwala SI; Shanahan ME; Shaw J; Slaunwhite A; Somers JM; Spaulding AC; Stern MF; Viner KM; Wang N; Willoughby M; Zhao B; Kinner SA,2020,1/25/20,https://pubmed.ncbi.nlm.nih.gov/32935053/,International journal of population data science,10.23889/ijpds.v5i1.1145,N/A,
33362262,"Community-setting pneumonia-associated hospitalizations by level of urbanization-New York City versus other areas of New York State, 2010-2014.",Wu M; Whittemore K; Huang CC; Corrado RE; Culp GM; Lim S; Schluger NW; Daskalakis DC; Lucero DE; Vora NM,2020,1/1/20,https://pubmed.ncbi.nlm.nih.gov/33362262/,PloS one,10.1371/journal.pone.0244367,N/A,
33356790,Attributes of High-Performing Small Practices in a Guideline Implementation: A Multiple-Case Study.,Nguyen AM; Cuthel AM; Rogers ES; Van Devanter N; Pham-Singer H; Shih S; Berry CA; Shelley DR,2020,1/1/20,https://pubmed.ncbi.nlm.nih.gov/33356790/,Journal of primary care & community health,10.1177/2150132720984411,case study; mixed methods; practice transformation; primary care; qualitative methods,
33031711,"Erroneous Reporting of Deaths Attributed to Pneumonia and Influenza at 2 New York City Teaching Hospitals, 2013-2014.",Brown TS; Dubowski K; Plitt M; Falci L; Lee E; Huynh M; Furuya Y; Vora NM,2020,1/1/20,https://pubmed.ncbi.nlm.nih.gov/33031711/,"Public health reports (Washington, D.C. : 1974)",10.1177/0033354920953209,cause of death reporting; death certificates; influenza; mortality statistics; pneumonia,
33014967,Earlier Outbreak Detection-A Generic Model and Novel Methodology to Guide Earlier Detection Supported by Data From Low- and Mid-Income Countries.,Steele L; Orefuwa E; Bino S; Singer SR; Lutwama J; Dickmann P,2020,1/1/20,https://pubmed.ncbi.nlm.nih.gov/33014967/,Frontiers in public health,10.3389/fpubh.2020.00452,community-based surveillance; detection; earlier detection; infectious disease outbreaks; methodology; risk communication; surveillance; time-to-detection,
32886566,"Health Department Efforts to Increase Hepatitis C RNA Testing Among People Appearing Out of Care: Comparison of Outreach Approaches, New York City, 2017.",Webster R; Moore MS; Bocour A; Johnson N; Winters A,2020,1/1/20,https://pubmed.ncbi.nlm.nih.gov/32886566/,"Public health reports (Washington, D.C. : 1974)",10.1177/0033354920952068,hepatitis C; linkage to care; surveillance; texting,
32804962,"Evaluation of a health information exchange system for microcephaly case-finding - New York City, 2013-2015.",Poirot E; Mills CW; Fair AD; Graham KA; Martinez E; Schreibstein L; Talati A; McVeigh KH,2020,1/1/20,https://pubmed.ncbi.nlm.nih.gov/32804962/,PloS one,10.1371/journal.pone.0237392,N/A,
32795209,"Trends in Hepatitis B Surveillance Among Pregnant Women in New York City, 1998-2015.",Arciuolo RJ; Lazaroff JE; Rosen JB; Lim S; Zucker JR,2020,1/1/20,https://pubmed.ncbi.nlm.nih.gov/32795209/,"Public health reports (Washington, D.C. : 1974)",10.1177/0033354920946793,epidemiology; hepatitis; hepatitis B in pregnancy; perinatal hepatitis B prevention; surveillance,
32735204,"Effect of Policy Change to Require Laboratory Reporting With Pregnancy Indicated for Syphilis and Hepatitis B Virus Infection, New York City, January 2013-June 2018.",Liao TS; Hashmi A; Lazaroff J; Hennessy RR; Sanders Kim A; Evans Lloyd P; Rosen JB,2020,1/1/20,https://pubmed.ncbi.nlm.nih.gov/32735204/,"Public health reports (Washington, D.C. : 1974)",10.1177/0033354920932542,congenital syphilis; electronic laboratory reporting; health policy; hepatitis B; pregnancy,
32735159,Applying an Innovative Model of Disaster Resilience at the Neighborhood Level : The COPEWELL New York City Experience.,Slemp CC; Sisco S; Jean MC; Ahmed MS; Kanarek NF; Erös-Sarnyai M; Gonzalez IA; Igusa T; Lane K; Tirado FP; Tria M; Lin S; Martins VN; Ravi S; Kendra JM; Carbone EG; Links JM,2020,1/1/20,https://pubmed.ncbi.nlm.nih.gov/32735159/,"Public health reports (Washington, D.C. : 1974)",10.1177/0033354920938012,community development; community resilience; cross-sector engagement; disaster resilience; linking preparedness; resilience; system dynamics modeling,
32732721,Integrating Financial Incentives for Viral Load Suppression into HIV Care Coordination Programs: Considerations for Development and Implementation.,Gambone GF; Feldman MB; Thomas-Ferraioli AY; Shubert V; Ghose T,2020,1/1/20,https://pubmed.ncbi.nlm.nih.gov/32732721/,Journal of public health management and practice : JPHMP,10.1097/PHH.0000000000001020,N/A,
32687737,"Infectious Disease Hospitalizations, New York City, 2001-2014.",Huang CC; Lucero DE; Lim S; Zhao Y; Arciuolo RJ; Burzynski J; Daskalakis D; Fine AD; Kennedy J; Haberling D; Vora NM,2020,1/1/20,https://pubmed.ncbi.nlm.nih.gov/32687737/,"Public health reports (Washington, D.C. : 1974)",10.1177/0033354920935080,epidemiology; hospitalization; infectious disease; public health,
32329735,"Residential mobility and chronic disease among World Trade Center Health Registry enrollees, 2004-2016.",Jacobson M; Crossa A; Liu SY; Locke S; Poirot E; Stein C; Lim S,2020,1/1/20,https://pubmed.ncbi.nlm.nih.gov/32329735/,Health & place,10.1016/j.healthplace.2019.102270,Built environment; Chronic disease; Displacement; Gentrification; Residential mobility,
32320441,"Development and validation of a portable, point-of-care canine distemper virus qPCR test.",Tomaszewicz Brown A; McAloose D; Calle PP; Auer A; Posautz A; Slavinski S; Brennan R; Walzer C; Seimon TA,2020,1/1/20,https://pubmed.ncbi.nlm.nih.gov/32320441/,PloS one,10.1371/journal.pone.0232044,N/A,
32271758,"Physical fitness disparities among New York City public school youth using standardized methods, 2006-2017.",Konty KJ; Day SE; Larkin M; Thompson HR; D'Agostino EM,2020,1/1/20,https://pubmed.ncbi.nlm.nih.gov/32271758/,PloS one,10.1371/journal.pone.0227185,N/A,
32267800,"Use of Capture-Recapture Analysis to Assess Reporting Completeness of Births to Hepatitis B-Positive Women in New York City, 2013-2014.",Devinney K; Lazaroff J; Rosen JB; Zimmerman CM; Zucker JR,2020,1/1/20,https://pubmed.ncbi.nlm.nih.gov/32267800/,"Public health reports (Washington, D.C. : 1974)",10.1177/0033354920913063,capture–recapture; hepatitis B; surveillance,
32238787,Delivering Opioid Overdose Prevention in Bars and Nightclubs: A Public Awareness Pilot in New York City.,Allen B; Sisson L; Dolatshahi J; Blachman-Forshay J; Hurley A; Paone D,2020,1/1/20,https://pubmed.ncbi.nlm.nih.gov/32238787/,Journal of public health management and practice : JPHMP,10.1097/PHH.0000000000001014,N/A,
32235203,Structural Racism and the Opioid Overdose Epidemic: The Need for Antiracist Public Health Practice.,Kunins HV,2020,1/1/20,https://pubmed.ncbi.nlm.nih.gov/32235203/,Journal of public health management and practice : JPHMP,10.1097/PHH.0000000000001168,N/A,
32015252,"Deaths, Hospitalizations, and Emergency Department Visits From Food-Related Anaphylaxis, New York City, 2000-2014: Implications for Fatality Prevention.",Poirot E; He F; Gould LH; Hadler JL,2020,1/1/20,https://pubmed.ncbi.nlm.nih.gov/32015252/,Journal of public health management and practice : JPHMP,10.1097/PHH.0000000000001137,N/A,
31969789,"Heterogeneity in Current Cigarette Smoking among Hispanic/Latino Heritage Groups in New York City, 2003-2016.",Sisti JS; Jasek JP; Farley SM,2020,1/1/20,https://pubmed.ncbi.nlm.nih.gov/31969789/,Ethnicity & disease,10.18865/ed.30.1.97,Cigarette Smoking; Health Disparities; Latino Health; New York City; Tobacco Use,
31967884,"The Bard Prison Initiative: Education, Incarceration, and Public Health.",Fullilove RE; Cortes A; Gamarra R; Maxis H,2020,1/1/20,https://pubmed.ncbi.nlm.nih.gov/31967884/,American journal of public health,10.2105/AJPH.2019.305457,N/A,
31865749,Barriers and Facilitators in the Recruitment and Retention of More Than 250 Small Independent Primary Care Practices for EvidenceNOW.,Cuthel A; Rogers E; Daniel F; Carroll E; Pham-Singer H; Shelley D,2020,1/1/20,https://pubmed.ncbi.nlm.nih.gov/31865749/,American journal of medical quality : the official journal of the American College of Medical Quality,10.1177/1062860619893422,primary care; quality improvement; recruitment; retention,
31697197,"Early Sexual Experiences, Mental Health, and Risk Behavior among Black Non-Hispanic and Hispanic / Latino Men Who Have Sex with Men (MSM).",Downing MJ; Benoit E; Brown D; Coe L; Hirshfield S; Pansulla L; Carballo-Diéguez A,2020,1/1/20,https://pubmed.ncbi.nlm.nih.gov/31697197/,Journal of child sexual abuse,10.1080/10538712.2019.1685618,Childhood sexual abuse; PTSD; bisexual; gay; racial/ethnic minority men; substance use,
31651742,Hospitalizations Involving an Intensive Care Unit Admission Among Patients Aged 65 Years and Older Within New York City Hospitals During 2000-2014.,Illescas AH; Kache PA; Whittemore K; Lucero DE; Quinn C; Daskalakis D; Vora NM,2020,1/1/20,https://pubmed.ncbi.nlm.nih.gov/31651742/,Medical care,10.1097/MLR.0000000000001224,N/A,
31634319,Probable Posttraumatic Stress Disorder and Lower Respiratory Symptoms Among Rescue/Recovery Workers and Community Members After the 9/11 World Trade Center Attacks-A Longitudinal Mediation Analysis.,Wyka K; Friedman SM; Jordan HT,2020,1/1/20,https://pubmed.ncbi.nlm.nih.gov/31634319/,Psychosomatic medicine,10.1097/PSY.0000000000000731,N/A,
31592987,Surveillance to Monitor the Impact of the Trump Administration on the Health of New York City Residents.,Gould LH; Sun E; Germain P; Gallego A; Adams L; Huynh M; Van Wye G; Gwynn RC; Barbot O,2020,1/1/20,https://pubmed.ncbi.nlm.nih.gov/31592987/,Journal of public health management and practice : JPHMP,10.1097/PHH.0000000000001045,N/A,
31365831,Multidrug-Resistant Tuberculosis in Patients with Human Immunodeficiency Virus. Management Considerations within High-resourced Settings.,Wilson JW; Nilsen DM; Marks SM,2020,1/1/20,https://pubmed.ncbi.nlm.nih.gov/31365831/,Annals of the American Thoracic Society,10.1513/AnnalsATS.201902-185CME,human immunodeficiency virus; multidrug-resistant tuberculosis; tuberculosis,
30789601,Detecting Drop-offs in Electronic Laboratory Reporting for Communicable Diseases in New York City.,Greene SK; Andrews EM; Evans Lloyd P; Baumgartner J; Peterson ER,2020,1/1/20,https://pubmed.ncbi.nlm.nih.gov/30789601/,Journal of public health management and practice : JPHMP,10.1097/PHH.0000000000000969,N/A,
30726167,"Substance Use Stigma, Primary Care, and the New York State Prescription Drug Monitoring Program.",Allen B; Harocopos A; Chernick R,2020,1/1/20,https://pubmed.ncbi.nlm.nih.gov/30726167/,"Behavioral medicine (Washington, D.C.)",10.1080/08964289.2018.1555129,Opioid; prescription drug monitoring program; primary care; stigma; substance use,
29528786,Housing versus treatment first for supportive housing participants with substance use disorders: A comparison of housing and public service use outcomes.,Hall G; Walters S; Gould H; Lim S,2020,1/1/20,https://pubmed.ncbi.nlm.nih.gov/29528786/,Substance abuse,10.1080/08897077.2018.1449049,Housing first; substance abuse treatment; supportive housing,
36112356,"Data for Equity: Creating an Antiracist, Intersectional Approach to Data in a Local Health Department.",Gould LH; Farquhar SE; Greer S; Travers M; Ramadhar L; Tantay L; Gurr D; Baquero M; Vasquez A,,-2,https://pubmed.ncbi.nlm.nih.gov/36112356/,Journal of public health management and practice : JPHMP,10.1097/PHH.0000000000001579,N/A,
34797242,Using Public Deliberation to Set Priorities: The Case of COVID-19 Vaccine Access in New York City.,Scherer M; Kamler A; Weiss L; Blacksher E; Jeavons J; Gold MR,,-2,https://pubmed.ncbi.nlm.nih.gov/34797242/,Journal of public health management and practice : JPHMP,10.1097/PHH.0000000000001471,N/A,
34446640,Evaluation of Data Sources for Carbon Monoxide Poisoning Surveillance in New York City.,Goldberg R; McKelvey W; Lane K; Parton H; Su MK,,-2,https://pubmed.ncbi.nlm.nih.gov/34446640/,Journal of public health management and practice : JPHMP,10.1097/PHH.0000000000001422,N/A,
34347654,The Hepatitis C Clinical Exchange Network: A Local Health Department Partnership With Acute Care Hospitals to Promote Screening and Treatment of Hepatitis C Virus Infection.,Kela-Murphy N; Moore MS; Verma CM; Bresnahan MP; Harrison E; Schwartz J; Winters A,,-2,https://pubmed.ncbi.nlm.nih.gov/34347654/,Journal of public health management and practice : JPHMP,10.1097/PHH.0000000000001402,N/A,
32964719,Measuring Implementation Strategy Fidelity in HealthyHearts NYC: A Complex Intervention Using Practice Facilitation in Primary Care.,Berry CA; Nguyen AM; Cuthel AM; Cleland CM; Siman N; Pham-Singer H; Shelley DR,,-2,https://pubmed.ncbi.nlm.nih.gov/32964719/,American journal of medical quality : the official journal of the American College of Medical Quality,10.1177/1062860620959450,N/A,
32956297,Making Injustice Visible: How a Health Department Can Demonstrate the Connection Between Structural Racism and the Health of Whole Neighborhoods.,Shiman LJ; Freeman K; Bedell J; Bassett MT,,-2,https://pubmed.ncbi.nlm.nih.gov/32956297/,Journal of public health management and practice : JPHMP,10.1097/PHH.0000000000001259,N/A,
32956285,"Detection of Recurrent Hepatitis C Viremia Using Surveillance Data, New York City.",Guerra K; Bocour A; Moore MS; Winters A,,-2,https://pubmed.ncbi.nlm.nih.gov/32956285/,Journal of public health management and practice : JPHMP,10.1097/PHH.0000000000001150,N/A,
32924529,Using a Customer Relationship Management System to Manage a Quality Improvement Intervention.,Pham-Singer H; Onakomaiya M; Cuthel A; De Leon S; Shih S; Chow S; Shelley D,,-2,https://pubmed.ncbi.nlm.nih.gov/32924529/,American journal of medical quality : the official journal of the American College of Medical Quality,10.1177/1062860620953214,N/A,
32487918,Neighborhood-Level Chronic Disease Surveillance: Utility of Primary Care Electronic Health Records and Emergency Department Claims Data.,Chan PY; Perlman SE; Lee DC; Smolen JR; Lim S,,-2,https://pubmed.ncbi.nlm.nih.gov/32487918/,Journal of public health management and practice : JPHMP,10.1097/PHH.0000000000001142,N/A,
32015253,Combating Stigma Through HIV Self-Testing: New York State's HIV Home Test Giveaway Program for Sexual Minorities.,Johnson MC; Chung R; Leung SJ; Edelstein Z; Yuan Y; Flavin SM,,-2,https://pubmed.ncbi.nlm.nih.gov/32015253/,Journal of public health management and practice : JPHMP,10.1097/PHH.0000000000001138,N/A,
41439759,"Repeat Gonorrhea Diagnosis Rates and Associated Characteristics, STI Surveillance Network, 2016-2022.",Schumacher CM; Fernando R; Rampe T; Klingler EJ; Nguyen TQ; Amiya RM,2026,5/1/26,https://pubmed.ncbi.nlm.nih.gov/41439759/,Sexually transmitted diseases,10.1097/OLQ.0000000000002289,N/A,
41449496,Integrating Hepatitis C Virus Services for People Who Use Drugs into Inpatient Substance Use Disorder Treatment Programs Via Telehealth.,Riazi F; Green C; Smalls S; Hunter A; Diaz Munoz D; Fuseau I; Giardina M; Herrera J; Idlett R; Khatun U; Kutscher E; Weiss JJ,2026,4/1/26,https://pubmed.ncbi.nlm.nih.gov/41449496/,Telemedicine journal and e-health : the official journal of the American Telemedicine Association,10.1177/15305627251406807,People Who Inject Drugs (PWID); community health worker; hepatitis C virus (HCV); homelessness; inpatient substance use treatment; telehealth; telemedicine,
41261884,Piloting a Point-of-Care Drug-Checking Service at Syringe Service Programs in New York City.,Estrada Y; Helmy HL; Jordan AE; Trinidad AJ; Dominguez Gomez L; Zaidi I; Sauer J; Harocopos A,2026,4/1/26,https://pubmed.ncbi.nlm.nih.gov/41261884/,Substance use & addiction journal,10.1177/29767342251376805,Fourier-transform infrared; drug checking; drug overdose; harm reduction; spectroscopy,
41382990,Relationship between patient-rated cleanliness and <i>Clostridioides difficile</i> standardized infection ratios in U.S. medicare-certified hospitals.,Rocca AG; Greendyke WG; Furuya EY; Freedberg DE,2026,3/1/26,https://pubmed.ncbi.nlm.nih.gov/41382990/,Infection control and hospital epidemiology,10.1017/ice.2025.10336,N/A,
40934520,"Mpox Among Pregnant Women and Their Infants in the U.S. Outbreak, 2022-2023.",Roth NM; Hutcherson HM; Davis KM; Nguyen K; Oh H; Newton SM; Neelam V; Olsen EO; Merriweather A; Willabus T; Halai UA; Lee G; Chou J; Ricketts E; Aveni K; Shinall A; Sokale A; Tori M; Devasia R; McCollum AM; Shelus V; Yu PA; Yu Y; Tong VT; Fountain A; Meaney-Delman D,2026,3/1/26,https://pubmed.ncbi.nlm.nih.gov/40934520/,Obstetrics and gynecology,10.1097/AOG.0000000000006072,N/A,
41232690,"Adverse childhood experiences, exposure to the World Trade Center attacks, and chronic symptoms of depression, PTSD, and unhealthy drinking.",Parcesepe AM; Sanborn J; Sisti JS; Metzler J,2026,2/15/26,https://pubmed.ncbi.nlm.nih.gov/41232690/,Journal of affective disorders,10.1016/j.jad.2025.120671,Adverse childhood events; Alcohol; Depression; Mental health; PTSD; Trauma,
41420992,Public reporting guidelines for outbreak data: Enabling accountability for effective outbreak response by developing standards for transparency and uniformity.,Grégoire V; Zhu AW; Brown CM; Brownstein JS; Cardo D; Cumming F; Danila R; Donnelly CA; Duchin JS; Fill MA; Fullerton K; Funk S; George D; Hopkins S; Kraemer MUG; Layton M; Lessler J; Lynfield R; McCaw JM; McPherson TD; Moore Z; Morgan O; Riley S; Rosenfeld R; Samoff E; Schaffner W; Shaffner J; Sturm R; Terashita D; Walke H; Washington RE; Rivers CM,2026,2/1/26,https://pubmed.ncbi.nlm.nih.gov/41420992/,Public health,10.1016/j.puhe.2025.106102,Data reporting; Epidemic; Outbreak; Public reporting; Reporting guidelines; Reporting standards,
41157825,"Probable posttraumatic stress disorder related to the September 11, 2001, terrorist attacks and self-inflicted injury-related hospitalizations and emergency department visits.",Locke S; Sisti J; Takemoto E; Seil K; Pollari C; Cone JE; Li J,2026,2/1/26,https://pubmed.ncbi.nlm.nih.gov/41157825/,Journal of traumatic stress,10.1002/jts.70023,N/A,
41442976,"Longitudinal study of smoking cessation among World Trade Center Health Registry enrollees, 2003-2021.",Sirbu L; Sisti JS; Cone JE,2026,1/1/26,https://pubmed.ncbi.nlm.nih.gov/41442976/,Drug and alcohol dependence,10.1016/j.drugalcdep.2025.113010,"9/11; PTSD; Post-traumatic stress disorder; Smoking; Smoking cessation; World Trade, Center",
41351927,"A descriptive study of drug overdose epidemics, overdose prevention efforts, and opioid settlement fund distribution across six states.",Li Z; Chiddawar TV; Shaw LC; Dennis A; Lieberman A; Kingsepp A; Trinidad AJ; Tuazon E; Welch AE; Chatterjee A; Schackman BR; Enns EA; Walley AY; Green TC; Wagner KD; Winograd RP; Behrends CN; Crable EL; Marshall BDL; Zang X,2026,1/1/26,https://pubmed.ncbi.nlm.nih.gov/41351927/,The International journal on drug policy,10.1016/j.drugpo.2025.105100,Drug overdose; Drug paraphernalia laws; Harm reduction; Naloxone access laws; Opioid settlements,
41277010,"Characteristics of Inpatient Admission for Mpox Infection Control Isolation at 2 Large New York City Health Systems, 2022-2023.",DiLorenzo MA; Lo Piccolo A; Butler DS; Jano K; Oberoi A; Mansuri A; Nauth M; Bratu S; Meissner JS; Foote MMK; Mukherjee V; Postelnicu R; Chan J,2026,1/1/26,https://pubmed.ncbi.nlm.nih.gov/41277010/,"Public health reports (Washington, D.C. : 1974)",10.1177/00333549251385983,disease outbreaks; emerging infectious diseases; hospitalization; infection control; mpox,
41100804,"Opioid Overdose Mortality Among Patients Receiving a Peer-Delivered, Emergency Department-Based Nonfatal Opioid Overdose Intervention in New York City, 2017-2022.",Kepler KL; Welch AE; Tuazon E; Chambless D; Kennedy J; Jeffers A,2026,1/1/26,https://pubmed.ncbi.nlm.nih.gov/41100804/,American journal of public health,10.2105/AJPH.2025.308270,N/A,
41455934,Long COVID symptoms and loneliness: findings from the World Trade Center Health Registry.,Sisti JS; Packard SE; Metzler J,2025,12/28/25,https://pubmed.ncbi.nlm.nih.gov/41455934/,BMC public health,10.1186/s12889-025-26006-8,COVID-19 pandemic; Loneliness; Long COVID; Social support,
41595804,Association of COVID-19 Severity with Comorbidities: Results from the World Trade Center Health Registry.,Yung J; Kehm RD; Li J; Cone JE,2025,12/20/25,https://pubmed.ncbi.nlm.nih.gov/41595804/,International journal of environmental research and public health,10.3390/ijerph23010010,COVID-19 severity; World Trade Center disaster; hospitalization; pre-existing physical health condition,
41439185,"Case Report and Epidemiological Investigation of Healthcare-associated <i>Plasmodium falciparum</i> Malaria Transmission in Westchester County, New York-2023.",White JL; Southwick K; Madison-Antenucci S; Piedmonte NP; Gayen S; Clemons B; Quinn M; Barrett K; Backenson PB; Antwi M; Slavinski S; Lee E; Huang A; Smith K; Guzzardi E; Hunter JC; McKinney KL; Mace KE; Ridpath AD; Williams S; Barratt JLN; Jacobson D; Pierre-Louis E; Bajic M; Kelley J; McElroy PD; Raphael BH; Bulbin A,2025,12/1/25,https://pubmed.ncbi.nlm.nih.gov/41439185/,Open forum infectious diseases,10.1093/ofid/ofaf740,Plasmodium falciparum; autochthonous; healthcare-associated; malaria; nosocomial,
41364414,New Yorkers Speak Up: Community Perspectives on Improving Healthcare Experiences in New York City.,Srinivasulu S; Romero D; Goldman D; Weckesser S; Gallego A; Jackson J; Ayedun A; Clippinger E; Myers G; Friedman R; Oghenejobo E; Maru D; Morse M,2025,12/1/25,https://pubmed.ncbi.nlm.nih.gov/41364414/,Journal of urban health : bulletin of the New York Academy of Medicine,10.1007/s11524-025-01036-0,Access to healthcare; Focus groups; Health equity; Qualitative research; Social determinants of health,
41036784,Management of individuals exposed to multidrug-resistant or rifampicin-resistant tuberculosis.,Seddon JA; Achar J; Malik AA; Hughes J; Burzynski J; Chen C; Denholm JT; Dravniece G; Fox GJ; Furin J; Geliukh E; Goncharova O; Guglielmetti L; Harries AD; Hesseling AC; Nguyen BH; Kavenga F; Khan U; Kherabi Y; Kiria N; Kock Y; Liu Q; Mesic A; Moore DAJ; Mubanga A; Naidoo L; Nilsen D; Piubello A; Reuter A; Rich ML; Satyanarayana S; Schaaf HS; Schoeman I; Skrahina A; Udwadia Z; Khan PY; Esmail H; Martinez L,2025,12/1/25,https://pubmed.ncbi.nlm.nih.gov/41036784/,The Lancet. Infectious diseases,10.1016/S1473-3099(25)00157-4,N/A,
40623643,Trajectories of post-traumatic stress disorder symptoms and subsequent risk of long COVID in the World Trade Center Health Registry.,Sisti JS; Packard SE; Yung J; Metzler J,2025,12/1/25,https://pubmed.ncbi.nlm.nih.gov/40623643/,Journal of affective disorders,10.1016/j.jad.2025.119814,COVID-19; Cohort studies; Long COVID; Mental health; Post-traumatic stress disorder,
40390284,"Measures of Structural Racism and Black-White Disparity in Stillbirth Rates in New York City, 2009-2018: A Population-Based Cross-Sectional Study.",Leisher SH; Factor-Litvak P; Huynh M; Kline J; Silver RM; Wang S; Bates LM,2025,12/1/25,https://pubmed.ncbi.nlm.nih.gov/40390284/,BJOG : an international journal of obstetrics and gynaecology,10.1111/1471-0528.18217,inequity; racial disparity; stillbirth; structural racism,
41221019,Community-associated Carbapenem-Resistant Organism Case Investigations in New York City.,Santiago CN; Zimba R; Lin Y; Siemetzki-Kapoor U; Burton N; Devinney K; Balan D; Portier T; Greendyke WG; Kratz MM; Cummings K; Prussing C; Taki F; Akther S; Alroy KA,2025,11/1/25,https://pubmed.ncbi.nlm.nih.gov/41221019/,Open forum infectious diseases,10.1093/ofid/ofaf622,Carbapenem-resistance; Community-associated; Surveillance; Whole genome sequencing,
40915316,Phase 2C clinical trial of novel short-course regimens for the treatment of pulmonary tuberculosis: TBTC study 38/CRUSH-TB design.,Kurbatova EV; Dooley KE; Carr W; Stout JE; Nuermberger EL; Phillips PPJ; Scott NA; Upton CM; Ignatius E; Haas M; Walter ND; Traxler RM; Brown NE; Boyd R; Bryant KE; Dixon MG; Savic R; Eichberg C; Hesseling A; Bark C; Benator DA; Muzanyi G; Twycross NS; Fox GJ; Pierre S; Burzynski J; Fitzgerald DW; TBTC Study 38 CRUSH-TB Team,2025,11/1/25,https://pubmed.ncbi.nlm.nih.gov/40915316/,Contemporary clinical trials,10.1016/j.cct.2025.108075,Bedaquiline; Delamanid; Randomized clinical trial; Rifabutin; TB; Tuberculosis,
40763457,Does prioritization of COVID vaccine distribution to communities with the highest COVID burden reduce health inequity?,Kim HY; Bershteyn A; Russo R; Mcgillen J; Sisti J; Ko C; Shaff J; Newton-Dame R; Braithwaite RS,2025,11/1/25,https://pubmed.ncbi.nlm.nih.gov/40763457/,Journal of infection and public health,10.1016/j.jiph.2025.102904,Atkinson index; COVID-19 vaccine allocation; Compartmental mathematical modeling; Health equity; Inequality aversion; New York City,
40752832,Bacterial infections risk scale for injection drug use: A brief screener to identify skin and soft tissue infection risk for people who inject drugs.,Dominguez Gomez L; Jordan AE; Zaidi I; Helmy H; Harocopos A,2025,11/1/25,https://pubmed.ncbi.nlm.nih.gov/40752832/,Journal of substance use and addiction treatment,10.1016/j.josat.2025.209767,People who inject drugs; Skin; Soft tissue infections; Substance use,
40729786,Trends in mental health-related pediatric emergency visits among New York City students.,Echenique J; Schwartz AE; Konty K; Day S; Baroni A; Stein CR; Argenio K; Elbel B,2025,11/1/25,https://pubmed.ncbi.nlm.nih.gov/40729786/,The American journal of emergency medicine,10.1016/j.ajem.2025.07.045,Adolescents; COVID-19; Mental health; Remote learning,
40673702,HIV Testing Among Transgender and Other Gender-Diverse Persons in the United States: A Scoping Review.,Anders J; Freeman A; Hou B; Sone P; Lopez-Phelan J; Padgen P; Giguere R; Gowdicott C; Ge S; Clarke A; Herrera C; Edelstein Z; Sandfort TGM,2025,11/1/25,https://pubmed.ncbi.nlm.nih.gov/40673702/,Journal of acquired immune deficiency syndromes (1999),10.1097/QAI.0000000000003728,HIV testing; United States; gender-diverse persons; scoping review; transgender persons,
40587331,"Infection Positivity Among Sexual Contacts to Chlamydia and Gonorrhea, STI Surveillance Network, 2021-2023.",Llata E; Danforth B; Tang J; Asbel L; Ried C; Blust M; Berzkalns A; Schumacher C,2025,11/1/25,https://pubmed.ncbi.nlm.nih.gov/40587331/,Sexually transmitted diseases,10.1097/OLQ.0000000000002210,N/A,
40193513,Community-academic implementation science partnership to examine adoption and impact of a patient-centered approach to sexual history.,Golub SA; Hubbard S; de Roche AM; Barton SC; Merges A; Klein A,2025,11/1/25,https://pubmed.ncbi.nlm.nih.gov/40193513/,Psychological services,10.1037/ser0000935,N/A,
41134551,"RETRACTED: Alper et al. Post-Traumatic Growth and Quality of Life among World Trade Center Health Registry Enrollees 16 Years after 9/11. <i>Int. J. Environ. Res. Public Health</i> 2022, <i>19</i>, 9737.",Alper HE; Feliciano L; Millien L; Pollari C; Locke S,2025,10/23/25,https://pubmed.ncbi.nlm.nih.gov/41134551/,International journal of environmental research and public health,10.3390/ijerph22111612,N/A,
41076968,"Longitudinal trajectories of binge and heavy drinking pattern among World Trade Center Health Registry enrollees, 2006-2021: A dual trajectory modeling approach.",Dhanya AS; Welch AE; Alper HE; Locke S; Brackbill RM,2025,10/8/25,https://pubmed.ncbi.nlm.nih.gov/41076968/,Drug and alcohol dependence,10.1016/j.drugalcdep.2025.112912,9/11; Binge drinking; Dual trajectory; Excessive alcohol use; Group based trajectory modeling; Heavy drinking; World Trade Center,
41113325,"Carbapenem-Resistant Organisms in Companion Animals in New York City, 2019-2022.",Habrun CA; Greendyke WG; Szlosek D; Plum A; Kratz MM; Mantell E; Alroy KA,2025,10/1/25,https://pubmed.ncbi.nlm.nih.gov/41113325/,Open forum infectious diseases,10.1093/ofid/ofaf613,CROs; New York city; antimicrobial resistance; carbapenem resistance; companion animals,
41050855,The association of Gastro-esophageal reflux disease and self-reported myocardial-infarction among World Trade Center disaster exposed persons.,Brackbill R; Ahmadi A; Alper H; Li J; Yu S,2025,10/1/25,https://pubmed.ncbi.nlm.nih.gov/41050855/,Preventive medicine reports,10.1016/j.pmedr.2025.103232,Gastroesophageal reflux disease; Self-reported heart attack; Self-reported myocardial infarction; Survival analysis; WTC disaster; WTC longitudinal exposure cohort,
40857851,"Mpox among people reporting being unhoused or engaging in transactional sex within a multijurisdictional case-control study of sexually and gender minoritized individuals- United States, August 2022-March 2024.",Sherman JP; Morris AL; Niccolai LM; Ruff A; Schneider D; Sutton M; Hawkins S; Pathela P; Betancourt GS; Rothrock G; Nadle J; Rowlands JV; Felsen CB; Britton A; Farley MM; Duval LM; Kamis KF; Still WL; Morrow AS; Waddell CJ,2025,10/1/25,https://pubmed.ncbi.nlm.nih.gov/40857851/,Social science & medicine (1982),10.1016/j.socscimed.2025.118497,N/A,
40996921,"Pediatric Influenza-Associated Encephalopathy and Acute Necrotizing Encephalopathy - United States, 2024-25 Influenza Season.",Fazal A; Harker EJ; Neelam V; Olson SM; Rolfes MA; Reinhart K; Kniss K; Frutos A; Leonard J; Reed C; Dugan VG; Safi H; Dulski TM; Stanley-Downs A; Bhatti A; Armistead I; Rao S; Torres-Diaz C; Thomas A; Weigel A; Patten M; Sinner M; Nims D; Mattingly C; Gosack V; Voris A; Redkey J; Scaggs Huang FA; DeCesaris D; Tuggle C; Betters KA; Hand J; Krueger A; Potter DZ; Kim C; Park R; Hong S; Edelman HE; Kim S; Henderson J; McMahon M; Sanders J; Hunstad DA; Doran EL; Harbi K; Julian D; Ball H; Dreisig J; Thomas D; Faybusovich J; Shaw YP; Eisenberg N; Chaturvedi R; Faulstich A; Wester RE; Gowie DL; Fisher N; Sutton M; Boktor SW; Long JM; Marshall P; Berns AL; McAda L; Winders S; Gomez Pinedo P; Murray J; Westbrook T; Unutzer A; Lindquist S; Haupt TE; Baum K; Wilson-Murphy M; Glaser C; Harriman K; Antoon JW; Van Haren KP; Randolph AG; Silverman A; de St Maurice A; Ellington S; Uyeki TM; Garg S; CDC Influenza-Associated Encephalopathy Collaborators,2025,9/25/25,https://pubmed.ncbi.nlm.nih.gov/40996921/,MMWR. Morbidity and mortality weekly report,10.15585/mmwr.mm7436a1,N/A,
40162783,The two-dose MVA-BN mpox vaccine induces a nondurable and low avidity MPXV-specific antibody response.,Oom AL; Wilson KK; Yonatan M; Rettig S; Youn HA; Tuen M; Shah Y; DuMont AL; Belli HM; Zucker JR; Rosen JB; Herati RS; Samanovic MI; Duerr R; Kottkamp AC; Mulligan MJ; NYC OSMI Study Group,2025,9/23/25,https://pubmed.ncbi.nlm.nih.gov/40162783/,Journal of virology,10.1128/jvi.00253-25,JYNNEOS; MPXV; MVA-BN; antibody response; mpox; orthopoxviruses; vaccination,
40974008,Clinical Outcomes of Mpox Disease in Patients Treated with Tecovirimat.,Leocadio C; Garcia E; Lash M; Berardi J; Chan J; Chasan R; Esquivel B; Foote M; Glesby MJ; Guerra A; Harris AB; Knutsen D; Mannheimer S; Mazo D; McLean J; McPherson T; Meyerowitz E; Mgbako O; Patel G; Pagán Pirallo PM; Radix AE; Riska P; Sayegh M; Seifu L; Shaw R; Zingman B; Zomorodi R; Zucker J; Wong M,2025,9/19/25,https://pubmed.ncbi.nlm.nih.gov/40974008/,Clinical infectious diseases : an official publication of the Infectious Diseases Society of America,10.1093/cid/ciaf520,clinical outcomes; health inequities; high-risk populations; mpox; tecovirimat,
40930911,"Corrigendum to ""The prevalence of fentanyl in New York City's unregulated drug supply as measured through drug checking offered at syringe service programs"" [Drug Alcohol Depend. 268 (2025) 112578].",Estrada Y; Sauer J; Dominguez L; Zaidi I; Trinidad AJ; Helmy H; Harocopos A,2025,9/9/25,https://pubmed.ncbi.nlm.nih.gov/40930911/,Drug and alcohol dependence,10.1016/j.drugalcdep.2025.112847,N/A,
40617368,Recommendation on the use of viral load tests and exclusion of CD4 tests as proxies for HIV medical visits.,Xia Q; Irvine MK; Manandhar-Sasaki P; Bertolino D; Abdelqader F; Peterson M; Nash D; Torian LV,2025,9/1/25,https://pubmed.ncbi.nlm.nih.gov/40617368/,Annals of epidemiology,10.1016/j.annepidem.2025.06.017,Access to care; CD4; HIV; Surveillance; Viral load,
40501225,"""We're Going to Be Here"": Providers' Perspectives on Implementing a Revised HIV Care Coordination Program.",Emmert C; Avoundjian T; Irvine M; Tapia-Munoz T; Schenkel R; Hernandez M; Kozlowski S; Nash D; Guarino H,2025,9/1/25,https://pubmed.ncbi.nlm.nih.gov/40501225/,AIDS patient care and STDs,10.1089/apc.2025.0047,HIV; barriers; care coordination; facilitators; implementation science; qualitative research,
40440655,"Persistent Sadness, Violence, and Bullying and Associations With Screen Time Among New York City Public High School Students, 2021.",Jackson J; Hamwey M; Stratton N; Vasan A,2025,9/1/25,https://pubmed.ncbi.nlm.nih.gov/40440655/,American journal of public health,10.2105/AJPH.2025.308051,N/A,
38272851,Improved classroom and child outcomes through mental health consultation in New York City subsidized early care and education programs.,Kadik FZ; Eng E; Pappas K; Berger S,2025,9/1/25,https://pubmed.ncbi.nlm.nih.gov/38272851/,Infant mental health journal,10.1002/imhj.22026,early care and education; infant/early childhood mental health consultation; mental health programs; preventive mental health services,
40764932,Expanding buprenorphine prescribing in primary care: a qualitative study of the experiences of primary care providers and nurse care managers participating in the New York City buprenorphine nurse care manager initiative.,Warren EC; Beharie N; Kaplan-Dobbs M; Tesfaye Rogoza A; Harocopos A,2025,8/5/25,https://pubmed.ncbi.nlm.nih.gov/40764932/,Harm reduction journal,10.1186/s12954-025-01271-3,Buprenorphine; Medications for opioid use disorder (MOUD); Nurse care manager; Office-based opioid treatment (OBOT); Opioid use disorder (OUD); Primary care,
40875228,Acceptability and Barriers to Chronic Pain Treatment in Refugee Torture Survivors.,Virk SK; Tham S; Hatef C; Oren T; Berger L; Tucker A; Milewski AR; de Melo-Martin I; Kaur G,2025,8/1/25,https://pubmed.ncbi.nlm.nih.gov/40875228/,JAMA network open,10.1001/jamanetworkopen.2025.29775,N/A,
40845049,"Epidemiological, temporal, and geographic trends of leptospirosis in the United States, 2014-2020.",Atherstone C; Galloway R; Schafer I; Artus A; Rodriguez MM; Ryff K; Rivera AM; Slavinski S; Paladini M; Kemble SK; Berreman JM; Kallas G; Traxler R; Kharod G; Guerra M; Stoddard RA; Moore H; Bower WA; Negron ME; DeBord K,2025,8/1/25,https://pubmed.ncbi.nlm.nih.gov/40845049/,PLoS neglected tropical diseases,10.1371/journal.pntd.0013427,N/A,
40768148,"Addiction Consult Services, Mortality, and Acute Care Utilization in Inpatients With Opioid Use Disorder: A Secondary Analysis of a Cluster Randomized Clinical Trial.",Rostam-Abadi Y; Wang S; King C; Kalyanaraman Marcello R; Van Wye G; Tuazon E; Kennedy J; Cooke C; Mazumdar M; Tarpey T; Billings J; Appleton N; Fernando J; Fawole A; Siddiqui S; Barron C; Schatz D; McNeely J,2025,8/1/25,https://pubmed.ncbi.nlm.nih.gov/40768148/,JAMA network open,10.1001/jamanetworkopen.2025.25222,N/A,
40673782,Provider Perspectives on the Data-to-Suppression Initiative in Ryan White Part A Housing and Behavioral Health Programs.,Peterson M; Emmert C; You W; Irvine M; Avoundjian T; Nash D; Guarino H,2025,8/1/25,https://pubmed.ncbi.nlm.nih.gov/40673782/,AIDS patient care and STDs,10.1177/10872914251361088,HIV; antiretroviral; medication adherence; patient care,
40612707,Genetic characterization of <i>Plasmodium vivax</i> linked to autochthonous malaria transmission in the US (2023) using Illumina AmpliSeq technology: a genetic epidemiology study.,Barratt JLN; Jacobson D; Pierre-Louis E; Bajic M; Kelley J; Patel DS; Goldman I; Zhou Z; Shi YP; Ridpath A; Mace K; Carlson C; Sutcliffe A; Butler Q; Morrison A; Stanek D; Tomson K; Blackmore C; Cannons A; Rollo S; Wang C; Tuladhar R; Clemons B; Madison-Antenucci S; Mergen K; White J; Antwi M; Rothfeldt L; Lazenby K; Hedges S; Shray JN; Courtney A; Boyanton B; Qvarnstrom Y; Freeman M; Raphael BH,2025,8/1/25,https://pubmed.ncbi.nlm.nih.gov/40612707/,Lancet regional health. Americas,10.1016/j.lana.2025.101159,AmpliSeq; Autochthonous; Barcoding; Genotyping; Malaria; Plasmodium vivax; Sequencing; Transmission; USA,
40064765,"Fostering Community Support for Breastfeeding: Implementation of a Neighborhood Level Breastfeeding Initiative in Brooklyn, New York.",Pierre J; Valdez J; Marshall-Taylor S; Dorvil S; Howell FM,2025,8/1/25,https://pubmed.ncbi.nlm.nih.gov/40064765/,Journal of community health,10.1007/s10900-025-01446-w,Breastfeeding support; Community mobilization; Health equity; Local health department; Maternal and child health; Place-based intervention,
39686781,"Community-Based Tuberculosis Isolation Decisions Require Individualization Based on Effectiveness and Duration of Treatment, Community Risks, and Patient Harms.",Shah M; Nathavitharana R; Burzynski J,2025,8/1/25,https://pubmed.ncbi.nlm.nih.gov/39686781/,Clinical infectious diseases : an official publication of the Infectious Diseases Society of America,10.1093/cid/ciae608,N/A,
40724149,The Effectiveness of Two Interventions for Improving Knowledge of Emergency Preparedness Amongst Enrollees of the World Trade Center Health Registry: A Randomized Controlled Trial.,Alper HE; Gargano LM; Hamwey MK; Leon LF; Friedman L,2025,7/7/25,https://pubmed.ncbi.nlm.nih.gov/40724149/,International journal of environmental research and public health,10.3390/ijerph22071082,9/11 Disaster; emergency preparedness; randomized controlled trials,
40720127,"Alkyl Nitrite (""Poppers"") Exposures in the US.",Kerester S; Bloom J; Schwartz L; Mercurio-Zappala M; Palamar JJ; Su MK,2025,7/1/25,https://pubmed.ncbi.nlm.nih.gov/40720127/,JAMA network open,10.1001/jamanetworkopen.2025.23408,N/A,
40386883,"Data Missingness and Equity Implications in the Nation's Largest Student Fitness Surveillance System: The New York City School Based Physical Fitness Testing Programs, 2006-2020.",Thompson HR; Ricks-Oddie JL; Schneider M; Day S; Argenio K; Konty K; Radom-Aizik S; Guo Y; Cooper DM,2025,7/1/25,https://pubmed.ncbi.nlm.nih.gov/40386883/,The Journal of school health,10.1111/josh.70021,child and adolescent health; data‐driven decision‐making in school health; organization and administration of school health programs; physical activity; physical fitness and sport,
40146689,Communicating public health data clearly: lessons from COVID-19.,Montesano M,2025,7/1/25,https://pubmed.ncbi.nlm.nih.gov/40146689/,Journal of communication in healthcare,10.1080/17538068.2025.2483599,Public health; data communication; data visualization; health communication‌; health literacy; user research‌; user-centered design; web usability,
39976987,Examining Women's Self-Management Strategies for Recurrent Bacterial Vaginosis in New York City.,Davis A; Sun YY; Chitnis J; Brenner R; Landers SE; Pathela P; Crawley A; Ashmore M,2025,7/1/25,https://pubmed.ncbi.nlm.nih.gov/39976987/,Sexually transmitted diseases,10.1097/OLQ.0000000000002142,N/A,
38647232,"Delays in Sexual Health Care Among Patients Attending New York City Sexual Health Clinics During the COVID-19 Pandemic, March 2020 to February 2021.",Tang J; Crawley A; Jamison K; Wong A; Eng S; Zhang C; Navia I; Cubas C; Pathela P,2025,7/1/25,https://pubmed.ncbi.nlm.nih.gov/38647232/,Sexually transmitted diseases,10.1097/OLQ.0000000000001982,N/A,
40579760,Challenges to initiate and complete a 4-month rifapentine-moxifloxacin TB treatment regimen.,Galvis ME; Gao GE; Salerno MM; Whitehead M; Juste D; Buchanan C; Chuck C; Iskhakova F; Macaraig M; Dworkin F; Burzynski J; Nilsen D,2025,6/27/25,https://pubmed.ncbi.nlm.nih.gov/40579760/,The international journal of tuberculosis and lung disease : the official journal of the International Union against Tuberculosis and Lung Disease,10.5588/ijtld.24.0616,N/A,
40568976,"Notes from the Field: Increase in New Delhi Metallo-β-Lactamase-Producing Carbapenem-Resistant Enterobacterales - New York City, 2019-2024.",Devinney K; Burton N; Alroy KA; Crawley A; Da Costa-Carter CA; Kratz MM; Lin Y; Montfort-Gardeazabal J; Portier T; Santiago C; Siemetzki-Kapoor U; Sullivan M; Wiegartner RJ; McPherson TD; Greendyke WG,2025,6/26/25,https://pubmed.ncbi.nlm.nih.gov/40568976/,MMWR. Morbidity and mortality weekly report,10.15585/mmwr.mm7423a2,N/A,
40555448,Are client and provider preferences for HIV care coordination programme features concordant? Discrete choice experiments in Ryan White part A-funded New York City care coordination programmes.,Zimba R; Fong C; Conte M; Guarino H; Avoundjian T; Carmona J; Herndon G; Gambone G; Irvine MK; Nash D,2025,6/24/25,https://pubmed.ncbi.nlm.nih.gov/40555448/,BMJ open,10.1136/bmjopen-2024-097918,HIV & AIDS; Implementation Science; Medication Adherence; Vulnerable Populations,
40514701,"Changes in the short-term relationship between air pollution and mortality in New York City, 1990-2019.",Goldberg R; Spira-Cohen A; Pitiranggon M; Johnson S; Ito K,2025,6/13/25,https://pubmed.ncbi.nlm.nih.gov/40514701/,Environmental health : a global access science source,10.1186/s12940-025-01171-w,Air pollution; Concentration-response function; Mortality; Short-term,
40554502,An evaluation of telehealth services at New York City tuberculosis clinics throughout the COVID-19 pandemic.,Gao GE; Easton AV; Salerno MM; Angulo M; Buchanan C; Ingram DJ; Humphrey E; Whitehead M; Robinson E; Chuck C; Burzynski J; Dworkin F; Nilsen D; Macaraig M,2025,6/1/25,https://pubmed.ncbi.nlm.nih.gov/40554502/,PLOS digital health,10.1371/journal.pdig.0000898,N/A,
40312955,"Depressive Symptoms, Emergency Care, and School Climate: An Ecological Analysis of Linked Administrative and Survey Data in New York City.",Arabadjis SD; Argenio KL; Day SE; Konty K; Sweeney SH,2025,6/1/25,https://pubmed.ncbi.nlm.nih.gov/40312955/,The Journal of school health,10.1111/josh.70014,YRBS; adolescent mental health; depression; education; emergency care; school health,
40146972,"Community Health Worker Influence on COVID-19 Vaccine Uptake in New York City, 2021‒2022.",Miller M; Weiss BG; Sakas ZM; Parrella KE; Islam F; Watkins JL; COVID-19 Equity Program Team,2025,6/1/25,https://pubmed.ncbi.nlm.nih.gov/40146972/,American journal of public health,10.2105/AJPH.2025.308039,N/A,
39960661,"Awareness, Attitudes, and Interest in Doxycycline Postexposure Prophylaxis as Bacterial Prophylaxis Against Sexually Transmitted Infections-New York City Sexual Health Clinics, June to August 2023.",Leocadio C; Betancourt G; Tang J; Heth Z; Pathela P,2025,6/1/25,https://pubmed.ncbi.nlm.nih.gov/39960661/,Sexually transmitted diseases,10.1097/OLQ.0000000000002138,N/A,
39904923,Premature Mortality and Health Inequality among Adult New Yorkers with Serious Mental Illness.,Magas I; Norman C; Vasan A,2025,6/1/25,https://pubmed.ncbi.nlm.nih.gov/39904923/,Journal of urban health : bulletin of the New York Academy of Medicine,10.1007/s11524-024-00953-w,Mental health; SMI mortality; Standardized mortality ratios,
39819626,"Preferences for HIV preexposure prophylaxis care among gay, bisexual, and other MSM: a large discrete choice experiment.",Patel VV; Andrade EA; Zimba R; Mirzayi C; Zhang C; Kharfen M; Freeman A; Edelstein Z; Doshi R; Nash D; Grov C,2025,6/1/25,https://pubmed.ncbi.nlm.nih.gov/39819626/,"AIDS (London, England)",10.1097/QAD.0000000000004124,HIV; MSM; healthcare delivery; implementation science; patient preference; preexposure prophylaxis,
39380450,Risk communication and public response to potential radiation emergencies in New York City.,Gupta K; Ripberger J; Fox A; Maiello M; Peach K; Jenkins-Smith H,2025,6/1/25,https://pubmed.ncbi.nlm.nih.gov/39380450/,Risk analysis : an official publication of the Society for Risk Analysis,10.1111/risa.17657,protective action; public awareness; radiation; risk communication,
39928030,Centering equity through in-person data collection: short report.,Zaidi I; Dominguez Gomez L; Jordan AE; Jessell L; Harocopos A,2025,5/29/25,https://pubmed.ncbi.nlm.nih.gov/39928030/,"Journal of public health (Oxford, England)",10.1093/pubmed/fdaf016,disasters; methods; public health,
40413788,East Harlem's Asthma Counselor Program During COVID: Maintaining Service Continuity and Understanding Family Needs in a Community-Based Child Asthma Management Program.,Dreisbach N; Campbell S; Castillo O; Correa H; Marquez Chien F; Escoffery D; Plasencia S,2025,5/25/25,https://pubmed.ncbi.nlm.nih.gov/40413788/,Social work in public health,10.1080/19371918.2025.2509508,Asthma management; COVID pandemic; family social service needs; program modifications; social workers,
40402859,"Elevated Blood Lead Levels in a Pregnant Woman and her Family from Traditional Kansa (Bronze) and Pital (Brass) Metalware - New York City, 2024.",Hore P; Alex-Oni K; Sedlar S; Bardhi N; Ehrlich J,2025,5/22/25,https://pubmed.ncbi.nlm.nih.gov/40402859/,MMWR. Morbidity and mortality weekly report,10.15585/mmwr.mm7418a1,N/A,
40338823,"Vaccine effectiveness against anal HPV infection among men with HIV who have sex with men attending sexual health clinics in three United States cities, 2018-2023.",DeSisto CL; Dada D; Pathela P; Winer RL; Asbel L; Querec TD; Lin J; Tang J; Iqbal A; Meites E; Unger ER; Markowitz LE,2025,5/8/25,https://pubmed.ncbi.nlm.nih.gov/40338823/,Journal of acquired immune deficiency syndromes (1999),10.1097/QAI.0000000000003691,HIV infections; papillomavirus infections; papillomavirus vaccines; vaccination,
40203258,Mitigating Medical Debt as a Public Health Equity Issue: Challenges and Opportunities in New York City.,Maru D; Schwartz RE; Fordjuoh J; Wiewel EW; Sood RK; Clippinger E; Jackson J; Ayedun A; Flynn D; Vasan A; Morse M,2025,5/1/25,https://pubmed.ncbi.nlm.nih.gov/40203258/,American journal of public health,10.2105/AJPH.2025.308026,N/A,
40171937,"Exposure to the World Trade Center Disaster, Health, and Health-Related Quality of Life Nearly 20 Years After 9/11.",Sisti JS; Dhanya A; Alper HE; Millet N; Ahmadi A; Brackbill RM,2025,5/1/25,https://pubmed.ncbi.nlm.nih.gov/40171937/,American journal of industrial medicine,10.1002/ajim.23706,September 11 terrorist attacks; health surveys; mental health; quality of life; registries; respiratory tract diseases,
40133528,Transmission dynamics of the 2022 mpox epidemic in New York City.,Pekar JE; Wang Y; Wang JC; Shao Y; Taki F; Forgione LA; Amin H; Clabby T; Johnson K; Torian LV; Braunstein SL; Pathela P; Omoregie E; Hughes S; Suchard MA; Vasylyeva TI; Lemey P; Wertheim JO,2025,5/1/25,https://pubmed.ncbi.nlm.nih.gov/40133528/,Nature medicine,10.1038/s41591-025-03526-9,N/A,
40123437,"Community-associated New Delhi metallo-beta-lactamase-producing carbapenem-resistant Enterobacterales: multiple states, from September 2021 through September 2022.",Jones S; Stanton R; D'Angeli M; Brezak A; Sinkevitch J; Sredl M; Greene S; Garner K; Gulley T; Santiago C; Wang W; Cincotta S; Spalding Walters M,2025,5/1/25,https://pubmed.ncbi.nlm.nih.gov/40123437/,Infection control and hospital epidemiology,10.1017/ice.2025.28,N/A,
40014829,"Immigrant Inequities in Uninsurance and Postpartum Medicaid Extension: A Quasi-Experimental Study in New York City, 2016-2021.",Janevic T; Birnie L; Belfon K; Glenn L; Maru S; Reynolds S; Eniola F; Kim H; Howell FM; Fox A; Weber E,2025,5/1/25,https://pubmed.ncbi.nlm.nih.gov/40014829/,American journal of public health,10.2105/AJPH.2024.307968,N/A,
37632124,Implementation and early outcomes of a telehealth visit model to deliver tecovirimat for mpox infection in New York City.,Chan J; DiTullio DJ; Pagan Pirallo P; Foote M; Knutsen D; Kottkamp AC; McPherson TD; Mukherjee V; Pitts R; Wallach A; Wong M; Mazo D; Mgbako O,2025,5/1/25,https://pubmed.ncbi.nlm.nih.gov/37632124/,Journal of telemedicine and telecare,10.1177/1357633X231194796,Mpox; digital health equity; tecovirimat; telehealth,
40283864,Disparities in Utilization of the World Trade Center Health Program Among World Trade Center Rescue and Recovery Workers and Volunteers.,Ayers CD; Kehm RD; Cone JE; Li J,2025,4/19/25,https://pubmed.ncbi.nlm.nih.gov/40283864/,International journal of environmental research and public health,10.3390/ijerph22040643,WTC health program (WTCHP); WTC rescue and recovery workers and volunteers; World Trade Center (WTC); disaster; disparities; utilization of health program,
40234968,Relationship between experiencing a challenge or delay accessing contraception and contraceptive self-efficacy: Data from a 2022 nationally representative online survey.,Schulte A; Bennett AH; Arcara J; Bardwell J; Chaudhri A; Davis L; Frederiksen B; Jones E; Labiran C; McDonald-Mosley R; Rice W; Stein T; Valladares ES; White K; Marshall C; Gomez AM,2025,4/15/25,https://pubmed.ncbi.nlm.nih.gov/40234968/,Reproductive health,10.1186/s12978-025-02003-3,Access barriers; Contraception; Person-centered care; Self-efficacy,
40195487,SARS-CoV-2 dynamics in New York City during March 2020-August 2023.,Yang W; Parton H; Li W; Watts EA; Lee E; Yuan H,2025,4/7/25,https://pubmed.ncbi.nlm.nih.gov/40195487/,Communications medicine,10.1038/s43856-025-00826-6,N/A,
40166647,Mobile Mpox Vaccination in New York City Provided Flexible Community-Responsive Vaccine Access During the 2022 Global Mpox Emergency.,Osmundson J; Watkins JL; Vasan A; Hawke C; Baran A; Zucker JR; Murphy K; Wallach A; Long T,2025,4/1/25,https://pubmed.ncbi.nlm.nih.gov/40166647/,Open forum infectious diseases,10.1093/ofid/ofaf053,LGBTQ+ health; disease prevention; mpox; sexual health; vaccination,
40072897,"A survey study of urban retailers selling alkyl nitrites (""poppers"") in the New York City area which led to public health interventions.",Olinde A; Hayman C; Ivanov I; Schwartz L; Bloom J; Su MK; Biary R,2025,4/1/25,https://pubmed.ncbi.nlm.nih.gov/40072897/,"Clinical toxicology (Philadelphia, Pa.)",10.1080/15563650.2025.2455531,Alkyl nitrite; energy drink; ingestion; inhalation; poppers,
40062661,Effectiveness and tolerability of methylthioninium chloride (methylene blue) for the treatment of methemoglobinemia: twenty-four years of experience at a single poison center.,Rothenberg R; Biary R; Hoffman RS,2025,4/1/25,https://pubmed.ncbi.nlm.nih.gov/40062661/,"Clinical toxicology (Philadelphia, Pa.)",10.1080/15563650.2025.2470428,Methemoglobinemia; methylene blue; methylthioninium chloride; poisoning; treatment,
39927746,Barriers to the performance of timely hemodialysis when recommended by one United States poison center: a retrospective review.,Gnirke M; Davies E; Hoffman RS; Su MK,2025,4/1/25,https://pubmed.ncbi.nlm.nih.gov/39927746/,"Clinical toxicology (Philadelphia, Pa.)",10.1080/15563650.2025.2454292,Elimination; hemodialysis; overdose; poison center; poisoning,
39820975,Expanded Naloxone Distribution by Opioid Overdose Prevention Programs to High-Need Populations and Neighborhoods in New York City.,Behrends CN; Trinidad AJ; Nolan ML; Dolatshahi J; Kingsepp A; Jordan AE; Welch AE; Harocopos A; Shaw LC; Green TC; Marshall BDL; Schackman BR,2025,4/1/25,https://pubmed.ncbi.nlm.nih.gov/39820975/,Journal of urban health : bulletin of the New York Academy of Medicine,10.1007/s11524-024-00951-y,N/A,
40128707,The use of wastewater surveillance to estimate SARS-CoV-2 fecal viral shedding pattern and identify time periods with intensified transmission.,Yang W; Omoregie E; Olsen A; Watts EA; Parton H; Lee E,2025,3/24/25,https://pubmed.ncbi.nlm.nih.gov/40128707/,BMC public health,10.1186/s12889-025-22306-1,COVID-19; Transmission; Variant; Viral shedding pattern; Wastewater surveillance,
39122662,"Vaccine Effectiveness Against Anal HPV Among Men Who Have Sex With Men Aged 18-45 Years Attending Sexual Health Clinics in 3 United States Cities, 2018-2023.",DeSisto CL; Winer RL; Querec TD; Dada D; Pathela P; Asbel L; Lin J; Tang J; Iqbal A; Meites E; Unger ER; Markowitz LE,2025,3/17/25,https://pubmed.ncbi.nlm.nih.gov/39122662/,The Journal of infectious diseases,10.1093/infdis/jiae394,human papillomavirus; papillomavirus infections; papillomavirus vaccines; sexual and gender minorities; vaccination,
40151484,Tuberculosis Incidence and Outcomes Among Older New Yorkers.,Kyaw NTT; Silin M; Trieu L; Ahuja SD; Foerster S; Jordan HT,2025,3/1/25,https://pubmed.ncbi.nlm.nih.gov/40151484/,Open forum infectious diseases,10.1093/ofid/ofaf059,hazard ratios; incidence; long-term care; older adults; tuberculosis,
40103687,Population cessation of aspirin use for the prevention of cardiovascular disease.,Roeser S; Duval S; Luepker RV; Eder M; Finnegan JR; Van't Hof JR,2025,3/1/25,https://pubmed.ncbi.nlm.nih.gov/40103687/,American journal of preventive cardiology,10.1016/j.ajpc.2025.100941,Aspirin; Guidelines; Media influences; Physician advice; Primary prevention,
40073858,Initial Real-World Pilot of the MedMorph Reference Architecture: Hepatitis C Surveillance and Research.,Michaels M; Botts NE; Hassell S; Mardon R; Pan ECR; Flanigan M; Chehab C; Liu S; Bocour A; Alexander M; Aponte A; Thompson ND,2025,3/1/25,https://pubmed.ncbi.nlm.nih.gov/40073858/,Applied clinical informatics,10.1055/a-2441-6100,N/A,
40061146,Building HOPE: Integrating community-based doula care in public hospitals in New York City.,Maru S; Porchia-Albert C; Lockworth K; Hall C; Boychuk N; Calliste N; Cooke C; Gebara S; Haq K; Harishankar K; James R; Janevic T; Mathurin K; Nowlin S; Rivera A; Rodriguez A; Schwartz R; St Clair V; Whaley S; Whitney A,2025,3/1/25,https://pubmed.ncbi.nlm.nih.gov/40061146/,Health affairs scholar,10.1093/haschl/qxaf033,Medicaid; community health; doula care; health equity; maternal health; reproductive justice,
39923281,"The association between place of birth and physical fitness among Latino youth: Findings from New York City public school students, 2006-2019.",D'Agostino EM; Flórez KR; Nguyen C; Day S; Konty K; Argenio K; Huang TT; Neshteruk CD; Wagner BE; Rosenberg LM; Thompson HR,2025,3/1/25,https://pubmed.ncbi.nlm.nih.gov/39923281/,Public health,10.1016/j.puhe.2025.01.022,Fitnessgram; Hispanic; Immigrant; Latino; Physical fitness; Place of birth; School; Youth,
39914191,The prevalence of fentanyl in New York City's unregulated drug supply as measured through drug checking offered at syringe service programs.,Estrada Y; Sauer J; Dominguez L; Zaidi I; Trinidad AJ; Helmy H; Harocopos A,2025,3/1/25,https://pubmed.ncbi.nlm.nih.gov/39914191/,Drug and alcohol dependence,10.1016/j.drugalcdep.2025.112578,Cocaine; Drug checking; Fentanyl; Harm reduction; Methamphetamine; Opioids; Stimulants,
39893318,Mortality in a cohort of WTC-exposed law-enforcement officers compared to non-WTC law-enforcement officers.,Singh A; Khalifeh M; Violanti J; Zeig-Owens R; Todd AC; Shapiro MZ; Carwile ME; Dasaro CR; Li J; Yung J; Farfel MR; Brackbill RM; Cone JE; Qiao B; Schymura MJ; Prezant DJ; Hall CB; Boffetta P,2025,3/1/25,https://pubmed.ncbi.nlm.nih.gov/39893318/,International archives of occupational and environmental health,10.1007/s00420-025-02121-2,Epidemiology; Law-enforcement officers; Mortality; Occupational health,
39508465,Increasing Engagement in Human Immunodeficiency Virus Prevention Among Cisgender Women in New York City With Sexual Health Self-Testing Kits: A MaxDiff Analysis.,Goldberg AJ; Price DM; Phi A; Ma M; Edelstein ZR; Golub SA,2025,3/1/25,https://pubmed.ncbi.nlm.nih.gov/39508465/,Sexually transmitted diseases,10.1097/OLQ.0000000000002096,N/A,
38415651,"A Culturally Specific Community Supported Agriculture (CSA) Program to Improve Diet in Immigrant Communities in Brooklyn, New York.",Chan SWC; Chin M; Suss R; Kui K; Lam SZ; Dowd E; Bosen C; Mei S; Barth K; Hughes M; Yi SS,2025,3/1/25,https://pubmed.ncbi.nlm.nih.gov/38415651/,Health promotion practice,10.1177/15248399241234058,community supported agriculture; diet; health equity; immigrant communities; nutrition; vegetables,
40209072,Applying prospective tree-temporal scan statistics to genomic surveillance data to detect emerging SARS-CoV-2 variants and salmonellosis clusters in New York City.,Greene SK; Latash J; Peterson ER; Levin-Rector A; Luoma E; Wang JC; Bernard K; Olsen A; Li L; Waechter H; Mattias A; Rohrer R; Kulldorff M,2025,2/16/25,https://pubmed.ncbi.nlm.nih.gov/40209072/,International journal of epidemiology,10.1093/ije/dyaf032,Salmonella; SARS-CoV-2; food-borne diseases; infectious diseases; surveillance; whole-genome sequencing,
39929534,Observational research in epidemic settings: a roadmap to reform.,Ricotta EE; Bustos Carrillo FA; Angelli-Nichols S; Barugahare J; Benton A; Carlson CJ; Chang-Rabley E; Dean NE; Duda SN; Federer L; Fill MA; LeRoy EC; Linton NM; Lipsitch M; Mathur MB; Phelan AL; Rid A; Rosen JB; Sauer L; Sullivan SG; Zendt M; Evans N,2025,2/10/25,https://pubmed.ncbi.nlm.nih.gov/39929534/,BMJ global health,10.1136/bmjgh-2024-017981,Epidemiology; Health policy; Public Health,
39733977,Disparities in anti-nucleocapsid and anti-spike SARS-CoV-2 antibody prevalence in NYC - April-October 2021.,Schuster A; Kopping EJ; Caton JA; Spear E; Fernandez S; Fowler RC; Wu J; Hughes S; Seligson AL; Hannah Gould L,2025,2/1/25,https://pubmed.ncbi.nlm.nih.gov/39733977/,Annals of epidemiology,10.1016/j.annepidem.2024.12.008,Health equity; SARS-CoV-2; Seroprevalence; Surveillance,
39836051,Nowcasting to Monitor Real-Time Mpox Trends During the 2022 Outbreak in New York City: Evaluation Using Reportable Disease Data Stratified by Race or Ethnicity.,Rohrer R; Wilson A; Baumgartner J; Burton N; Ortiz RR; Dorsinville A; Jones LE; Greene SK,2025,1/14/25,https://pubmed.ncbi.nlm.nih.gov/39836051/,Online journal of public health informatics,10.2196/56495,data quality; epidemiology; forecasting; infectious disease; morbidity and mortality trends; mpox; nowcasting; public health practice; surveillance,
39747157,Importance of reference group selection in the evaluation of cancer incidence.,Mueller AK; Vaeth B; Todd AC; Dasaro CR; Li J; Qiao B; Boffetta P; Prezant DJ; Hall CB; Goldfarb DG; Zeig-Owens R,2025,1/2/25,https://pubmed.ncbi.nlm.nih.gov/39747157/,Scientific reports,10.1038/s41598-024-82555-9,Cancer incidence; Reference population; World Trade Center disaster,
41385582,"Breaking with traditions: Who are the women with attitudes, norms and behaviors that support ending female genital mutilation in Burkina Faso?",Speizer IS; Gummerson E; Bazie F; Byrne ME; Onadja Y; Anglewicz P; Guiella G,2025,1/1/25,https://pubmed.ncbi.nlm.nih.gov/41385582/,PLOS global public health,10.1371/journal.pgph.0005621,N/A,
41310930,The emotional and social impact of COVID-19 on postpartum women: A qualitative analysis on the experiences of women who gave birth during the pandemic in New York City.,Dorvil S; Jimenez R; Pierre J; Valdez J; Arbelaez S; Shiman LJ; Wohlman A; Brooks B; Diallo F; Nieves CI,2025,1/1/25,https://pubmed.ncbi.nlm.nih.gov/41310930/,"Women's health (London, England)",10.1177/17455057251398252,community health; coronavirus disease 2019 pandemic; emotional and mental health; postpartum period; qualitative research; social support system,
41264576,The intersection of food insecurity and child health: Implications for policy and practice in the Bronx.,Lee L; Diallo F; Shiman LJ,2025,1/1/25,https://pubmed.ncbi.nlm.nih.gov/41264576/,PloS one,10.1371/journal.pone.0335355,N/A,
40963661,"Sliding down the socioeconomic health gradient of COVID-19 in New York City: multinomial regression analyses of disproportionate financial hardship for Black, Latino, and Asian residents and households with children.",Jimenez R; Dorvil S; Pierre J; Nieves C; Shiman LJ; Shaheen T; Dannefer R; Maulana S; Norvila N,2025,1/1/25,https://pubmed.ncbi.nlm.nih.gov/40963661/,Frontiers in public health,10.3389/fpubh.2025.1603629,COVID-19; New York City; economic deprivation; health equity; health geography; households with children; precarious employment; socioeconomic health gradients,
40337828,High-Consequence Infectious Disease Patient Transport Concept of Operations for US Department of Health and Human Services Region 2.,Lo Piccolo AJ; Wallach AB; Guttsman J; Hillard L; Cairo M; Kyaw NTT; Foote M; Mukherjee V,2025,1/1/25,https://pubmed.ncbi.nlm.nih.gov/40337828/,Health security,10.1089/hs.2024.0077,CONOPS; Emergency management services; High-consequence infectious disease; Patient transport; Special pathogens,
40305486,"Prospective follow-up of New York City residents with e-cigarette, or vaping product use-associated lung injury-2020-2021.",Tannert Niang KM; Grasso AB; Debchoudhury I; Bushman D; Jasek JP; Fairclough MA; Van Oss KR; Chamany S; LaSane KD; Franklin SM; Talati AK,2025,1/1/25,https://pubmed.ncbi.nlm.nih.gov/40305486/,PloS one,10.1371/journal.pone.0304918,N/A,
39642019,Pregnancy Outcomes and All-Cause Mortality After Pregnancy Among US-Born Women With Perinatally Acquired HIV.,Abraham BK; Vogler M; Talati A; Suresh P; Gill B; Ravikumar S; Shepard C; Gulick R; Nash D; Peters V,2025,1/1/25,https://pubmed.ncbi.nlm.nih.gov/39642019/,Journal of acquired immune deficiency syndromes (1999),10.1097/QAI.0000000000003535,N/A,
39442627,Implementation of a peer-delivered opioid overdose response initiative in New York City emergency departments: Insight from multi-stakeholder qualitative interviews.,Goldberg LA; Chang TE; Freeman R; Welch AE; Jeffers A; Kepler KL; Chambless D; Wittman I; Cowan E; Shelley D; McNeely J; Doran KM,2025,1/1/25,https://pubmed.ncbi.nlm.nih.gov/39442627/,Journal of substance use and addiction treatment,10.1016/j.josat.2024.209542,Emergency departments; Implementation research; Overdose; Peer interventions; Qualitative research,
39142298,Food Shopping Strategies Among a Diverse Sample of East Harlem Residents: A Qualitative Study.,Nieves C; Dannefer R; Sacks R; Zamula A,2025,1/1/25,https://pubmed.ncbi.nlm.nih.gov/39142298/,American journal of health promotion : AJHP,10.1177/08901171241273401,culturally and linguistically diverse; food access; food retail environment; health equity; urban neighborhoods,
39056578,"Effect of Childcare Influenza Vaccine Requirement on Vaccination Rates, New York City, 2012-2020.",Metroka AE; Papadouka V; Ternier A; Cheng I; Zucker JR,2025,1/1/25,https://pubmed.ncbi.nlm.nih.gov/39056578/,"Public health reports (Washington, D.C. : 1974)",10.1177/00333549241260166,influenza; vaccine,
38251822,Heterogeneity of provider preferences for HIV Care Coordination Program features: latent class analysis of a discrete choice experiment.,Fong C; Conte M; Zimba R; Carmona J; Gambone G; Baim-Lance A; Robertson M; Irvine M; Nash D,2024,12/31/24,https://pubmed.ncbi.nlm.nih.gov/38251822/,HIV research & clinical practice,N/A,Discrete choice experiment; HIV care coordination; New York City; adherence; latent class analysis,
39645371,Moving from indifference to reparative action: a public health approach to racial health inequities in life expectancy in cities in the USA.,Morse M; Ige O; Ojikutu BO,2024,12/7/24,https://pubmed.ncbi.nlm.nih.gov/39645371/,"Lancet (London, England)",10.1016/S0140-6736(24)02665-5,N/A,
39679351,"Symptomatic <i>Entamoeba dispar</i> Infections Among Men Who Have Sex With Men, New York City, 2018.",Mergen K; Alleyne L; Fitzhenry R; Sunkara R; Gutelius B; Alderman A; Dickinson MC; McGibbon E; Thompson CN; Madison-Antenucci S,2024,12/1/24,https://pubmed.ncbi.nlm.nih.gov/39679351/,Open forum infectious diseases,10.1093/ofid/ofae658,Entamoeba dispar; Entamoeba histolytica; amebiasis; men who have sex with men,
38959156,The Association Between a Neighborhood Adverse Childhood Experiences Index and Body Mass Index Among New York City Youth.,Schroeder K; Dumenci L; Day SE; Konty K; Noll JG; Henry KA; Suglia SF; Wheeler DC; Argenio K; Sarwer DB,2024,12/1/24,https://pubmed.ncbi.nlm.nih.gov/38959156/,Childhood obesity (Print),10.1089/chi.2024.0215,adverse childhood experiences; body mass index; neighborhood,
38736232,"Serological Evidence of Mpox Virus Infection During Peak Mpox Transmission in New York City, July to August 2022.",Pathela P; Townsend MB; Kopping EJ; Tang J; Navarra T; Priyamvada L; Carson WC; Panayampalli SS; Fowler RC; Kyaw N; Hughes S; Jamison K,2024,11/15/24,https://pubmed.ncbi.nlm.nih.gov/38736232/,The Journal of infectious diseases,10.1093/infdis/jiae181,asymptomatic infections; mpox; outbreak; serosurvey; subclinical infections,
39595757,Chronic and Acute Pain and Adverse Economic Outcomes in a 9/11-Exposed Cohort.,Brite J; Maqsood J; Yu S; Alper HE; Cone JE,2024,11/9/24,https://pubmed.ncbi.nlm.nih.gov/39595757/,International journal of environmental research and public health,10.3390/ijerph21111490,acute pain; chronic pain; quality of life,
39425238,A qualitative exploration of the implementation facilitators and challenges of a community health worker program to address health disparities for people recently released from incarceration using the consolidated framework for implementation research.,Hood QO; Irvine N; Shah K; Ali SH; Mezzacca TA; Serrano M; Thorpe LE; Huang TTK; Khan MR; Islam N,2024,10/18/24,https://pubmed.ncbi.nlm.nih.gov/39425238/,Implementation science communications,10.1186/s43058-024-00653-1,Community health workers; Community-clinical linkage; Health equity; Incarceration; People with justice involvement (PWJI); Primary health care; Reentry; Social services; Structural racism,
39398433,Considering best practice standards for routine whole-genome sequencing for TB care and control.,Denholm JT; de Vries G; Anthony R; Robinson E; Backx M; Laurenson IF; Seagar AL; Modestil H; Trieu L; Meissner JS; Ng DHL; Tay JY; Lin HH; Lee R; Sintchenko V; Marais BJ; Donnan EJ,2024,10/1/24,https://pubmed.ncbi.nlm.nih.gov/39398433/,IJTLD open,10.5588/ijtldopen.24.0320,Mycobacterium tuberculosis; cluster analysis; computational biology; genomics; policy making; public health; tuberculosis,
39352034,"Sickle Cell Disease and Lead Poisoning in New York City, 2005-2019.",Seifu L; Sedlar S; Grant T; Faciano A; Ehrlich J,2024,10/1/24,https://pubmed.ncbi.nlm.nih.gov/39352034/,Pediatrics,10.1542/peds.2024-067808G,N/A,
39352031,Traditional Eye Cosmetics and Cultural Powders as a Source of Lead Exposure.,Hore P; Sedlar S,2024,10/1/24,https://pubmed.ncbi.nlm.nih.gov/39352031/,Pediatrics,10.1542/peds.2024-067808O,N/A,
39197132,The COVID-19 Disparities Grant: A Lesson in Radical Place-Based Investment to Overcome COVID-19-Related Health Disparities.,Parrella K; Van Troy-Duran H; Vasilakos E; Laurent K; Watkins J,2024,10/1/24,https://pubmed.ncbi.nlm.nih.gov/39197132/,American journal of public health,10.2105/AJPH.2024.307766,N/A,
38907087,Colorectal cancer screening: results from the World Trade Center Health Registry cohort.,Thompson HM; Yung J; Li J; Cone J,2024,10/1/24,https://pubmed.ncbi.nlm.nih.gov/38907087/,Cancer causes & control : CCC,10.1007/s10552-024-01895-z,Cancer screening; Colorectal cancer; Rescue and recovery worker; WTC disaster; World Trade Center (WTC),
38797629,Impact of the COVID-19 pandemic on routine childhood vaccination in 9 U.S. jurisdictions.,Treharne A; Patel Murthy B; Zell ER; Jones-Jack N; Loper O; Bakshi A; Nalla A; Kuramoto S; Cheng I; Dykstra A; Robison SG; Youngers EH; Schauer S; Gibbs Scharf L; Harris L,2024,9/17/24,https://pubmed.ncbi.nlm.nih.gov/38797629/,Vaccine,10.1016/j.vaccine.2024.05.045,Routine childhood vaccination; Vaccination,
39272198,Prevalence of cardiovascular events in a population-based registry of patients with systemic lupus erythematosus.,Joyce DP; Berger JS; Guttmann A; Hasan G; Buyon JP; Belmont HM; Salmon J; Askanase A; Bathon J; Geraldino-Pardilla L; Ali Y; Ginzler EM; Putterman C; Gordon C; Helmick CG; Barbour KE; Gold HT; Parton H; Izmirly PM,2024,9/14/24,https://pubmed.ncbi.nlm.nih.gov/39272198/,Arthritis research & therapy,10.1186/s13075-024-03395-6,Cardiovascular disease; Cerebrovascular accident; Epidemiology; Myocardial infarction; Systemic lupus erythematosus,
39312240,Comparing Confirmed Sodium Nitrite Suicide Deaths With Poison Center Surveillance Estimates.,Bloom J; Sharpe A; Nulman S; Monday K; Marraffa JM; Stayton C; Clark C; Slone M; Cooper G; Su MK,2024,9/3/24,https://pubmed.ncbi.nlm.nih.gov/39312240/,JAMA network open,10.1001/jamanetworkopen.2024.34192,N/A,
39236073,Surveillance strategies for the detection of new pathogen variants across epidemiological contexts.,Oliveira Roster KI; Kissler SM; Omoregie E; Wang JC; Amin H; Di Lonardo S; Hughes S; Grad YH,2024,9/1/24,https://pubmed.ncbi.nlm.nih.gov/39236073/,PLoS computational biology,10.1371/journal.pcbi.1012416,N/A,
39229686,Knowledge and Attitudes About HIV Pre-Exposure Prophylaxis Among Sexually Active Black and Latina Cisgender Women: Findings from the 2017 and 2018 New York City Sexual Health Survey.,Price DM; Garretson M; Cai X; Miah F; Scanlin K; Blackstock O; Edelstein Z,2024,9/1/24,https://pubmed.ncbi.nlm.nih.gov/39229686/,AIDS patient care and STDs,10.1089/apc.2024.0142,Black and Latina women; HIV prevention; PrEP; sexual health; women’s health,
39159316,"NPCC4: Tail risk, climate drivers of extreme heat, and new methods for extreme event projections.",Ortiz L; Braneon C; Horton R; Bader D; Orton P; Gornitz V; Rosenzweig B; McPhearson T; Smalls-Mantey L; Sheerazi H; Montalto FA; Golkhandan MR; Evans C; DeGaetano A; Mallen E; Carter L; McConnell K; Mayo T; Buchanan M,2024,9/1/24,https://pubmed.ncbi.nlm.nih.gov/39159316/,Annals of the New York Academy of Sciences,10.1111/nyas.15180,climate justice and equity; climate risk; climate science; extreme events; tail risk,
39150140,A Health Department Perspective for Sexually Transmitted Infection Prevention and Control.,Pathela P,2024,9/1/24,https://pubmed.ncbi.nlm.nih.gov/39150140/,Sexually transmitted diseases,10.1097/OLQ.0000000000002003,N/A,
39043198,IAPAC-Lancet HIV Commission on the future of urban HIV responses.,Zuniga JM; Prachniak C; Policek N; Magula N; Gandhi A; Anderson J; Diallo DD; Lima VD; Ravishankar S; Acharya S; Achrekar A; Adeleke M; Aïna É; Baptiste S; Barrow G; Begovac J; Bukusi E; Castel A; Castellanos E; Cestou J; Chirambo G; Crowley J; Dedes N; Ditiu L; Doherty M; Duncombe C; Durán A; Futterman D; Hader S; Kounkeu C; Lawless F; Lazarus JV; Lex S; Lobos C; Mayer K; Mejia M; Moheno HR; d'Arminio Monforte A; Morán-Arribas M; Nagel D; Ndugwa R; Ngunu C; Poonkasetwattana M; Prins M; Quesada A; Rudnieva O; Ruth S; Saavedra J; Toma L; Wanjiku Njenga L; Williams B,2024,9/1/24,https://pubmed.ncbi.nlm.nih.gov/39043198/,The lancet. HIV,10.1016/S2352-3018(24)00124-3,N/A,
38922917,"NPCC4: Climate change, energy, and energy insecurity in New York City.",Yoon L; Ventrella J; Marcotullio P; Matte T; Lane K; Tipaldo J; Jessel S; Schmid K; Casagrande J; Elszasz H,2024,9/1/24,https://pubmed.ncbi.nlm.nih.gov/38922917/,Annals of the New York Academy of Sciences,10.1111/nyas.15117,NPCC4; climate change; energy insecurity; energy transition; health and wellbeing,
38922909,NPCC4: Climate change and New York City's health risk.,Matte T; Lane K; Tipaldo JF; Barnes J; Knowlton K; Torem E; Anand G; Yoon L; Marcotullio P; Balk D; Constible J; Elszasz H; Ito K; Jessel S; Limaye V; Parks R; Rutigliano M; Sorenson C; Yuan A,2024,9/1/24,https://pubmed.ncbi.nlm.nih.gov/38922909/,Annals of the New York Academy of Sciences,10.1111/nyas.15115,NPCC4; climate change; climate‐sensitive exposures; exposure pathways; flood‐related health outcomes; health outcomes; heat‐related health outcomes; public health,
38826131,NPCC4: New York City climate risk information 2022-observations and projections.,Braneon C; Ortiz L; Bader D; Devineni N; Orton P; Rosenzweig B; McPhearson T; Smalls-Mantey L; Gornitz V; Mayo T; Kadam S; Sheerazi H; Glenn E; Yoon L; Derras-Chouk A; Towers J; Leichenko R; Balk D; Marcotullio P; Horton R,2024,9/1/24,https://pubmed.ncbi.nlm.nih.gov/38826131/,Annals of the New York Academy of Sciences,10.1111/nyas.15116,NPCC4; New York City; adaptation; climate change; climate risk; climate science,
38514461,Knowledge and practices related to louse- and flea-borne diseases among staff providing services to people experiencing homelessness in the United States.,Rich SN; Carpenter A; Dell B; Henderson R; Adams S; Bestul N; Grano C; Sprague B; Leopold J; Schiffman EK; Lomeli A; Zadeh H; Alarcón J; Halai UA; Nam YS; Seifu L; Slavinski S; Crum D; Mosites E; Salzer JS; Hinckley AF; McCormick DW; Marx GE,2024,9/1/24,https://pubmed.ncbi.nlm.nih.gov/38514461/,Zoonoses and public health,10.1111/zph.13125,Bartonella quintana; Rickettsia typhi; body lice; flea‐borne diseases; louse‐borne diseases; murine typhus; people experiencing homelessness,
37926236,Participant and Stakeholder Perceptions of the Food FARMacy Emergency Food Assistance Program for the Coronavirus Disease 2019 Pandemic: A Qualitative Study.,Finkel MA; Barrios D; Partida I; Kelman E; Hulse E; Rosenthal A; Reiss J; Schwartz R; Meyer D; Woo Baidal JA; HERALD Collaborative,2024,9/1/24,https://pubmed.ncbi.nlm.nih.gov/37926236/,Journal of the Academy of Nutrition and Dietetics,10.1016/j.jand.2023.10.021,COVID-19; Cross-sector collaboration; Food insecurity; Food pantry; Qualitative research,
39117364,Minimal effects after a massive intravenous terbutaline overdose in a child.,Pires KD; Su MK; Chiang W,2024,8/7/24,https://pubmed.ncbi.nlm.nih.gov/39117364/,BMJ case reports,10.1136/bcr-2023-259352,Contraindications and precautions; Paediatrics (drugs and medicines); Poisoning; Toxicology,
39385953,Recruiting Black and Latina/Hispanic Transgender Women for HIV Research: Implementation of Respondent-Driven Sampling and Factors Associated with Peer Recruitment.,Rivera AV; Lopez JM; Braunstein SL,2024,8/1/24,https://pubmed.ncbi.nlm.nih.gov/39385953/,Transgender health,10.1089/trgh.2021.0201,peer recruitment; respondent-driven sampling; transgender women,
39190574,Racial and ethnic disparities in mortality among World Trade Center Health Registry enrollees with post-9/11 cancer.,Kehm RD; Li J; Cone JE,2024,8/1/24,https://pubmed.ncbi.nlm.nih.gov/39190574/,Cancer medicine,10.1002/cam4.70071,9/11‐disaster; disparity; mortality; post‐9/11 cancer; race and ethnicity; socioeconomic status,
39186268,Hepatitis C Virus Reinfection Among People Who Inject Drugs: Long-Term Follow-Up of the HERO Study.,Litwin AH; Tsui JI; Heo M; Mehta SH; Taylor LE; Lum PJ; Feinberg J; Kim AY; Norton BL; Pericot-Valverde I; Arnsten J; Meissner P; Karasz A; McKee MD; Ward JW; Johnson N; Agyemang L; Stein ES; Thomas A; Borsuk C; Blalock KL; Wilkinson S; Wagner K; Carty J; Murray-Krezan C; Anderson J; Jacobsohn V; Luetkemeyer AF; Falade-Nwulia O; Groome M; Davies S; Costello K; Page K; HERO Study Group,2024,8/1/24,https://pubmed.ncbi.nlm.nih.gov/39186268/,JAMA network open,10.1001/jamanetworkopen.2024.30024,N/A,
39132479,Genomic epidemiology reveals 2022 mpox epidemic in New York City governed by heavy-tailed sexual contact networks.,Pekar JE; Wang Y; Wang JC; Shao Y; Taki F; Forgione LA; Amin H; Clabby T; Johnson K; Torian LV; Braunstein SL; Pathela P; Omoregie E; Hughes S; Suchard MA; Vasylyeva TI; Lemey P; Wertheim JO,2024,8/1/24,https://pubmed.ncbi.nlm.nih.gov/39132479/,medRxiv : the preprint server for health sciences,10.1101/2024.07.30.24311083,N/A,
39092792,Performance analysis of mathematical methods used to forecast the 2022 New York City Mpox outbreak.,Kaftan D; Kim HY; Ko C; Howard JS; Dalal P; Yamamoto N; Braithwaite RS; Bershteyn A,2024,8/1/24,https://pubmed.ncbi.nlm.nih.gov/39092792/,Journal of medical virology,10.1002/jmv.29791,SEIR; epidemiology; forecasting; modeling; mpox; public health,
39090390,Differential rates of Mycobacterium tuberculosis transmission associate with host-pathogen sympatry.,Gröschel MI; Pérez-Llanos FJ; Diel R; Vargas R; Escuyer V; Musser K; Trieu L; Meissner JS; Knorr J; Klinkenberg D; Kouw P; Homolka S; Samek W; Mathema B; van Soolingen D; Niemann S; Ahuja SD; Farhat MR,2024,8/1/24,https://pubmed.ncbi.nlm.nih.gov/39090390/,Nature microbiology,10.1038/s41564-024-01758-y,N/A,
39088375,"Lead Poisoning in a Mother and Her Four Children Using a Traditional Eye Cosmetic - New York City, 2012-2023.",Hore P; Sedlar S; Ehrlich J,2024,8/1/24,https://pubmed.ncbi.nlm.nih.gov/39088375/,MMWR. Morbidity and mortality weekly report,10.15585/mmwr.mm7330a2,N/A,
38924958,Transitions of care between jail-based medications for opioid use disorder and ongoing treatment in the community: A retrospective cohort study.,Krawczyk N; Lim S; Cherian T; Goldfeld KS; Katyal M; Rivera BD; McDonald R; Khan M; Wiewel E; Braunstein S; Murphy SM; Jalali A; Jeng PJ; Kutscher E; Khatri UG; Rosner Z; Vail WL; MacDonald R; Lee JD,2024,8/1/24,https://pubmed.ncbi.nlm.nih.gov/38924958/,Drug and alcohol dependence,10.1016/j.drugalcdep.2024.111377,Buprenorphine; Care transitions; Criminal justice; Jail; Medicaid; Medications; Methadone; Opioid use disorder; Treatment,
38864991,"""We don't really address the trauma"": Patients' Perspectives on Postpartum Care Needs after Severe Maternal Morbidities.",Niles PM; Nack A; Eniola F; Searing H; Morton C,2024,8/1/24,https://pubmed.ncbi.nlm.nih.gov/38864991/,Maternal and child health journal,10.1007/s10995-024-03927-1,Perinatal mental health; Postpartum recovery; Qualitative research; Severe maternal morbidity; Social support,
38708035,Patient navigator's role in latent tuberculosis infection at a New York City Health Department Chest Clinic.,Barroso E; Mark T; Acevedo R; Rao S; Jordan HT; Burzynski J; Remegio W; Ea E; Compas L,2024,8/1/24,https://pubmed.ncbi.nlm.nih.gov/38708035/,Journal of clinical tuberculosis and other mycobacterial diseases,10.1016/j.jctube.2024.100446,Latent Tuberculosis Infection; Patient Navigator; Treatment,
38407756,"Associations Between Food Insufficiency and Health Conditions Among New York City Adults, 2017-2018.",Crossa A; Leon S; Prasad D; Baquero MC,2024,8/1/24,https://pubmed.ncbi.nlm.nih.gov/38407756/,Journal of community health,10.1007/s10900-023-01296-4,Chronic Diseases; Food Insecurity; Health Equity; Mental Health; Urban Health,
38742881,Impact of HIV preexposure prophylaxis prescriptions on HIV diagnoses in New York City.,Xia Q; Edelstein ZR; Katz B; Bertolino D; Berry A; Tsoi BW; Torian LV,2024,7/15/24,https://pubmed.ncbi.nlm.nih.gov/38742881/,"AIDS (London, England)",10.1097/QAD.0000000000003927,N/A,
38687502,One Half of the Pair: Prioritizing Tuberculosis Transmitters for Early Detection.,Mathema B; Burzynski J,2024,7/15/24,https://pubmed.ncbi.nlm.nih.gov/38687502/,American journal of respiratory and critical care medicine,10.1164/rccm.202404-0699ED,N/A,
39012763,A Snapshot of Lead in Consumer Products Across Four US Jurisdictions.,Porterfield K; Hore P; Whittaker SG; Fellows KM; Mohllajee A; Azimi-Gaylon S; Watson B; Grant I; Fuller R,2024,7/1/24,https://pubmed.ncbi.nlm.nih.gov/39012763/,Environmental health perspectives,10.1289/EHP14336,N/A,
38767896,Time for a Kids Progress Administration: US Department of the Treasury Stepping Up.,Halfon N; Russ SA; Counts NZ,2024,7/1/24,https://pubmed.ncbi.nlm.nih.gov/38767896/,JAMA pediatrics,10.1001/jamapediatrics.2024.1113,N/A,
38748419,"Clinical Course, Antifungal Susceptibility, and Genomic Sequencing of Trichophyton indotineae.",Caplan AS; Todd GC; Zhu Y; Sikora M; Akoh CC; Jakus J; Lipner SR; Graber KB; Acker KP; Morales AE; Rolón RMM; Westblade LF; Fonseca M; Cline A; Gold JAW; Lockhart SR; Smith DJ; Chiller T; Greendyke WG; Manjari SR; Banavali NK; Chaturvedi S,2024,7/1/24,https://pubmed.ncbi.nlm.nih.gov/38748419/,JAMA dermatology,10.1001/jamadermatol.2024.1126,N/A,
38636531,Unregulated social media as a toxin: New York City's public health action.,Counts NZ; Avula D; Vasan A,2024,7/1/24,https://pubmed.ncbi.nlm.nih.gov/38636531/,The lancet. Psychiatry,10.1016/S2215-0366(24)00072-5,N/A,
38602771,"Should We Be Testing for Mycoplasma genitalium on Initial Presentation? Trends in Persistent/Recurrent Urethritis Among Men Presenting for Care in STD Clinics, 2015-2019, STD Surveillance Network.",Llata E; Tromble E; Schumacher C; Huspeni D; Asbel L; Pathela P; Kohn R; Kerani RP; Barbee L; Bachmann L,2024,7/1/24,https://pubmed.ncbi.nlm.nih.gov/38602771/,Sexually transmitted diseases,10.1097/OLQ.0000000000001975,N/A,
37831961,Associations Between Neighborhood Opportunity and Indicators of Physical Fitness for New York City Public School Youth.,D'Agostino EM; Zhao AY; Zewdie HY; Ogletree SS; Messiah SE; Armstrong SC; Skinner AC; Hipp JA; Day SE; Konty KJ; Neshteruk CD,2024,7/1/24,https://pubmed.ncbi.nlm.nih.gov/37831961/,Childhood obesity (Print),10.1089/chi.2023.0079,Child Opportunity Index; neighborhood; physical fitness; social determinants of health; youth,
38929049,The Association between Socioeconomic Status and Race/Ethnicity with Home Evacuation of Lower Manhattan Residents following the 9/11/2001 World Trade Center Disaster.,Cone JE; Millien L; Pollari C; Brite J; Badger H; Kubale J; Noppert G; Hegde S; Brackbill R; Farfel M,2024,6/19/24,https://pubmed.ncbi.nlm.nih.gov/38929049/,International journal of environmental research and public health,10.3390/ijerph21060803,World Trade Center disaster; evacuation; socioeconomic status,
38871961,Advancing mental health parity to ensure children's access to care.,Counts NZ; Vasan A,2024,6/13/24,https://pubmed.ncbi.nlm.nih.gov/38871961/,Npj mental health research,10.1038/s44184-024-00070-1,N/A,
38861711,Prospective Spatiotemporal Cluster Detection Using SaTScan: Tutorial for Designing and Fine-Tuning a System to Detect Reportable Communicable Disease Outbreaks.,Levin-Rector A; Kulldorff M; Peterson ER; Hostovich S; Greene SK,2024,6/11/24,https://pubmed.ncbi.nlm.nih.gov/38861711/,JMIR public health and surveillance,10.2196/50653,SaTScan; communicable diseases; disease outbreaks; disease surveillance; epidemiology; infectious disease; outbreak detection; public health practice; spatiotemporal; urban health,
38704263,Effectiveness of 13-valent pneumococcal conjugate vaccine for prevention of invasive pneumococcal disease among children in the United States between 2010 and 2019: An indirect cohort study.,Andrejko KL; Gierke R; Rowlands JV; Rosen JB; Thomas A; Landis ZQ; Rosales M; Petit S; Schaffner W; Holtzman C; Barnes M; Farley MM; Harrison LH; McGee L; Chochua S; Verani JR; Cohen AL; Pilishvili T; Kobayashi M,2024,6/11/24,https://pubmed.ncbi.nlm.nih.gov/38704263/,Vaccine,10.1016/j.vaccine.2024.04.061,13-valent pneumococcal conjugate vaccine; Indirect cohort; Invasive pneumococcal disease; Pneumococcal infections; Streptococcus pneumoniae; Vaccine effectiveness,
38831453,"Overdose prevention activities led by local public health departments, 2019-2023.",Wisdom A; Haddad S; Govindu M; Higgins F; Filion N; Sullivan K; Rooks-Peck C,2024,6/4/24,https://pubmed.ncbi.nlm.nih.gov/38831453/,"Substance abuse treatment, prevention, and policy",10.1186/s13011-024-00612-y,Harm reduction; Local health department; Opioid; Overdose; Prevention; Recovery; Treatment,
38900824,The role of socio-economic disparities in the relative success and persistence of SARS-CoV-2 variants in New York City in early 2021.,Vasylyeva TI; Havens JL; Wang JC; Luoma E; Hassler GW; Amin H; Di Lonardo S; Taki F; Omoregie E; Hughes S; Wertheim JO,2024,6/1/24,https://pubmed.ncbi.nlm.nih.gov/38900824/,PLoS pathogens,10.1371/journal.ppat.1012288,N/A,
38868307,Severe Mpox Among People With Advanced Human Immunodeficiency Virus Receiving Prolonged Tecovirimat in New York City.,Garcia EA; Foote MMK; McPherson TD; Lash MK; Bosompem AN; Bouscaren A; Chan J; DiLorenzo MA; Feihel D; Fowler RC; Gandhi V; Jenny-Avital ER; Kopping EJ; Mazo D; McLean J; Mgbako O; Sayegh MN; Shaw RN; Su M; Meissner JS; Wang JC; Wen W; Winters JC; Zeana CB; Zucker J; Wong M,2024,6/1/24,https://pubmed.ncbi.nlm.nih.gov/38868307/,Open forum infectious diseases,10.1093/ofid/ofae294,HIV/AIDS; immunocompromise; mortality; mpox treatment; tecovirimat,
38754936,Strengthening Pediatric and Public Health Collaboration to Protect Children's Health During a Pandemic.,Francis ZK; Dufort EM; Albanese BA; Chung WM; Lee EH; Moore Z; Mascola L; Pan E; Pedati C; Turabelidze G; Park SY,2024,6/1/24,https://pubmed.ncbi.nlm.nih.gov/38754936/,Pediatric clinics of North America,10.1016/j.pcl.2024.01.016,Pandemic preparedness; Public health; School closure; Science communication; Vaccination,
38730064,Trends in Suicidality and Bullying among New York City Adolescents across Race and Sexual Identity: 2009-2019.,English D; Kelman E; Lundy De La Cruz N; Thompson AB; Le K; Garretson M; Viswanath AL; Brahmbhatt D; Lockwood C; Busby DR; Davila M,2024,6/1/24,https://pubmed.ncbi.nlm.nih.gov/38730064/,Journal of urban health : bulletin of the New York Academy of Medicine,10.1007/s11524-024-00860-0,Adolescent; Black or African American; Bullying; Cyberbullying; Sexual and Gender minorities; Students; Suicidal ideation; Suicide attempt,
38726912,Outcomes of New York City Care Calls: A Prospective Randomized Controlled Effectiveness Trial of Telephone-Delivered Type 2 Diabetes Self-Management Support.,Gonzalez JS; Hoogendoorn CJ; Schechter CB; Pappalardo L; Fernandez Galvis MA; Linnell J; Pham-Singer H; Walker EA; Wu WY,2024,6/1/24,https://pubmed.ncbi.nlm.nih.gov/38726912/,The science of diabetes self-management and care,10.1177/26350106241245641,N/A,
38643529,Impact of jail-based methadone or buprenorphine treatment on non-fatal opioid overdose after incarceration.,Cherian T; Lim S; Katyal M; Goldfeld KS; McDonald R; Wiewel E; Khan M; Krawczyk N; Braunstein S; Murphy SM; Jalali A; Jeng PJ; Rosner Z; MacDonald R; Lee JD,2024,6/1/24,https://pubmed.ncbi.nlm.nih.gov/38643529/,Drug and alcohol dependence,10.1016/j.drugalcdep.2024.111274,Emergency department; Jail; Medication for opioid use disorder; Non-fatal overdose; Opioid use disorder; Urban population,
38567932,"Impact of COVID-19 on People Living With HIV: Data From Five Medical Monitoring Project Sites, 2020-2022.",Erly S; Menza TW; Granillo L; Navejas M; Udeagu CN; Brady KA; Hixson LK; Raj-Sing S; Nassau T; Kaasa C; Buskin S,2024,6/1/24,https://pubmed.ncbi.nlm.nih.gov/38567932/,Journal of acquired immune deficiency syndromes (1999),10.1097/QAI.0000000000003403,N/A,
38265417,Racial inequities in HIV incidence among men who have sex with men prior to and amidst an Ending the HIV Epidemic initiative.,Jamison KE; Braunstein SL; Pathela P,2024,6/1/24,https://pubmed.ncbi.nlm.nih.gov/38265417/,"AIDS (London, England)",10.1097/QAD.0000000000003845,N/A,
38783317,Evaluation of naturally acquired immune responses against novel pre-erythrocytic Plasmodium vivax proteins in a low endemic malaria population located in the Peruvian Amazon Basin.,Ventocilla JA; Tapia LL; Ponce R; Franco A; Leelawong M; Aguiar JC; Baldeviano GC; Wilder BK,2024,5/23/24,https://pubmed.ncbi.nlm.nih.gov/38783317/,Malaria journal,10.1186/s12936-024-04978-z,Plasmodium vivax; Natural acquired immunity; Peruvian amazon Basin; Pre-erythrocytic stage,
37976185,"Pre-exposure Prophylaxis Use History in People With Antiretroviral Resistance at HIV Diagnosis: Findings From New York City HIV Surveillance and Partner Services, 2015-2022.",Misra K; Huang JS; Udeagu CN; Forgione L; Xia Q; Torian LV,2024,5/15/24,https://pubmed.ncbi.nlm.nih.gov/37976185/,Clinical infectious diseases : an official publication of the Infectious Diseases Society of America,10.1093/cid/ciad699,HIV; United States; drug resistance; preexposure prophylaxis; resistance associated mutations,
38412423,"Five human pathogens detected by tick surveillance in New York City parks, 2014-2015.",Bajwa W; Kennedy A; Vincent Z; Heck G; Riaj S; Shah Z; Kanapathipillai K; Casal C; Haynes S; Cornman H; Egizi A; Stromdahl E; Nadolny R,2024,5/13/24,https://pubmed.ncbi.nlm.nih.gov/38412423/,Journal of medical entomology,10.1093/jme/tjae014,Anaplasma phagocytophilum; Babesia microti; Borrelia burgdorferi; Rickettsia rickettsia; Panola Mountain ehrlichiosis,
38412407,"Earliest records of the Asian longhorned tick (Acari: Ixodidae) in Staten Island, New York, and subsequent population establishment, with a review of its potential medical and veterinary importance in the United States.",Bajwa W; Kennedy A; Vincent Z; Heck G; Riaj S; Shah Z; Tsynman L; Casal C; Haynes S; Cornman H; Egizi A; Stromdahl E; Nadolny R,2024,5/13/24,https://pubmed.ncbi.nlm.nih.gov/38412407/,Journal of medical entomology,10.1093/jme/tjae019,Haemaphysalis longicornis; emerging threat; invasion and establishment; public health challenge,
38827932,Developing best practice public health standards for whole genome sequencing of <i>Mycobacterium tuberculosis</i>.,Denholm JT; Behr MA; de Vries G; Anthony R; Robinson E; Backx M; Laurenson IF; Seagar AL; Modestil H; Trieu L; Meissner JS; Ling Ng DH; Tay JY; Lin HH; Lee R; Donnan EJ; Sintchenko V; Marais BJ,2024,5/1/24,https://pubmed.ncbi.nlm.nih.gov/38827932/,The Lancet regional health. Western Pacific,10.1016/j.lanwpc.2024.101014,N/A,
38659142,Facilitators and barriers to adolescent participation in a TB clinical trial.,Mangan JM; Hedges KNC; Salerno MM; Tatum K; Bouwkamp B; Frick MW; McKenna L; Muzanyi G; Engle M; Coetzee J; Yvetot J; Elskamp M; Lamunu D; Tizora MET; Namutamba D; Chaisson RE; Swindells S; Nahid P; Dorman SE; Kurbatova E,2024,5/1/24,https://pubmed.ncbi.nlm.nih.gov/38659142/,The international journal of tuberculosis and lung disease : the official journal of the International Union against Tuberculosis and Lung Disease,10.5588/ijtld.23.0519,N/A,
38581920,Methadone dosing at New York State opioid treatment programs following initial revisions to federal regulations.,Jordan AE; Bachhuber MA; Tuazon E; Jimenez C; Lincourt P; Hussain S; Rubinfeld J; Cunningham CO,2024,5/1/24,https://pubmed.ncbi.nlm.nih.gov/38581920/,Drug and alcohol dependence,10.1016/j.drugalcdep.2024.111283,Health policy; Methadone; Opioid Use Disorder; Overdose,
38560028,"Acquired rifamycin resistance among patients with tuberculosis and HIV in New York City, 2001-2023.",Dworkin F; Easton AV; Alex B; Nilsen D,2024,5/1/24,https://pubmed.ncbi.nlm.nih.gov/38560028/,Journal of clinical tuberculosis and other mycobacterial diseases,10.1016/j.jctube.2024.100429,Acquired resistance; Antimycobacterial resistance; HIV; Tuberculosis; Tuberculosis treatment,
38632829,NTCA Guidelines for Respiratory Isolation and Restrictions to Reduce Transmission of Pulmonary Tuberculosis in Community Settings.,Shah M; Dansky Z; Nathavitharana R; Behm H; Brown S; Dov L; Fortune D; Gadon NL; Gardner Toren K; Graves S; Haley CA; Kates O; Sabuwala N; Wegener D; Yoo K; Burzynski J,2024,4/18/24,https://pubmed.ncbi.nlm.nih.gov/38632829/,Clinical infectious diseases : an official publication of the Infectious Diseases Society of America,10.1093/cid/ciae199,N/A,
37596838,Modeling Poliovirus Transmission and Responses in New York State.,Thompson KM; Kalkowska DA; Routh JA; Brenner IR; Rosenberg ES; Zucker JR; Langdon-Embry M; Sugerman DE; Burns CC; Badizadegan K,2024,4/12/24,https://pubmed.ncbi.nlm.nih.gov/37596838/,The Journal of infectious diseases,10.1093/infdis/jiad355,New York; immunization; modeling; outbreak; polio,
38511938,A novel hybridization capture method for direct whole genome sequencing of clinical specimens to inform Legionnaires' disease investigations.,Weeber P; Singh N; Lapierre P; Mingle L; Wroblewski D; Nazarian EJ; Haas W; Weiss D; Musser KA,2024,4/10/24,https://pubmed.ncbi.nlm.nih.gov/38511938/,Journal of clinical microbiology,10.1128/jcm.01305-23,Legionella; NGS; WGS; autopsy; direct; investigation; relatedness; specimens,
38577778,"Immediate Injury Deaths Related to the Remnants From Hurricane Ida in New York City, September 1-2, 2021.",Yuan A; Spira-Cohen A; Olson C; Lane K,2024,4/5/24,https://pubmed.ncbi.nlm.nih.gov/38577778/,Disaster medicine and public health preparedness,10.1017/dmp.2024.49,Hurricane Ida; New York City; flash flood; injury; mortality,
38569678,Descriptive study of causes of death and COVID-19-associated morbidities from the New York City electronic death record: first wave of the pandemic March-July 2020.,Maduro G; Li W; Huynh M; Bernard-Davila B; Gould LH; Van Wye G,2024,4/3/24,https://pubmed.ncbi.nlm.nih.gov/38569678/,BMJ open,10.1136/bmjopen-2023-072441,COVID-19; EPIDEMIOLOGY; Mortality; PUBLIC HEALTH,
38638556,Sodium Intake and Sodium to Potassium Ratio among New York City Adults in the 2018 Heart Follow-Up Study.,Dominianni C; Prasad D; Sharkey A; Solomon E; Seligson AL; Jasek JP,2024,4/1/24,https://pubmed.ncbi.nlm.nih.gov/38638556/,Current developments in nutrition,10.1016/j.cdnut.2024.102143,access to healthy food; diet quality; potassium; sodium; sodium reduction initiatives,
38388788,Evaluation of Two Videos that Apply Evidence-Based Strategies to Increase Self-Efficacy and Reduce Opioid-Related Stigma Among Medical Students.,Eschliman EL; Choe K; Fei YC; Kang C; Koetje J; Harocopos A; Harris MN; DeWalt J; Christopher SA; Jackson VW; Yang LH,2024,4/1/24,https://pubmed.ncbi.nlm.nih.gov/38388788/,Academic psychiatry : the journal of the American Association of Directors of Psychiatric Residency Training and the Association for Academic Psychiatry,10.1007/s40596-024-01945-3,Evaluation; Medical education; Opioid use disorder; Stigma; Substance use,
38030934,Exploring the Impact of External Facilitation Using Evidence-Based Implementation Strategies for Increasing Motivational Interviewing Capacity Among Outpatient Substance Use Disorder (SUD) Treatment Providers.,Chaple MJ; Kunins HV; Nass MD; Benjamin AC; Viel CR; Bertone P; Marker L; Warren P; Hartzler B,2024,4/1/24,https://pubmed.ncbi.nlm.nih.gov/38030934/,The journal of behavioral health services & research,10.1007/s11414-023-09871-2,Evidence-based practices; Motivational interviewing; Substance use; Training and technical assistance,
37182661,Medical Toxicology Education in Pediatrics Residency Training: Can It Be Improved?,Levene R; Renny MH; Seyoum T; Lim S; Fox C; Su MK,2024,4/1/24,https://pubmed.ncbi.nlm.nih.gov/37182661/,The Journal of pediatrics,10.1016/j.jpeds.2023.113473,N/A,
38536227,Patient Education and Decision Support for Long-Acting Injectable HIV Antiretroviral Therapy: Protocol for Tool Development and Pilot Testing with Ryan White HIV/AIDS Program Medical Case Management Programs in New York.,Irvine MK; Zimba R; Avoundjian T; Peterson M; Emmert C; Kulkarni SG; Philbin MM; Kelvin EA; Nash D,2024,3/27/24,https://pubmed.ncbi.nlm.nih.gov/38536227/,JMIR research protocols,10.2196/56892,ART; HIV; LAI; MCM; antiretroviral therapy; implementation science; long-acting injectables; medical case management; patient decision aid,
38476096,"Population-based surveillance for birth defects potentially related to Zika virus infection including 3-year mortality and developmental outcomes, and Early Intervention Program service use-New York City, 2016 birth cohort.",McVeigh KH; Tseyang T; Vachon ME; Moraes A,2024,3/1/24,https://pubmed.ncbi.nlm.nih.gov/38476096/,Birth defects research,10.1002/bdr2.2320,Zika virus; birth defects; developmental outcomes; early intervention program; mortality; surveillance,
38072387,Jail-based medication for opioid use disorder and patterns of reincarceration and acute care use after release: A sequence analysis.,Lim S; Cherian T; Katyal M; Goldfeld KS; McDonald R; Wiewel E; Khan M; Krawczyk N; Braunstein S; Murphy SM; Jalali A; Jeng PJ; Rosner Z; MacDonald R; Lee JD,2024,3/1/24,https://pubmed.ncbi.nlm.nih.gov/38072387/,Journal of substance use and addiction treatment,10.1016/j.josat.2023.209254,N/A,
38331772,Evaluating completion rates of COVID-19 contact tracing surveys in New York City.,He K; Foerster S; Vora NM; Blaney K; Keeley C; Hendricks L; Varma JK; Long T; Shaman J; Pei S,2024,2/9/24,https://pubmed.ncbi.nlm.nih.gov/38331772/,BMC public health,10.1186/s12889-024-17920-4,COVID-19; Contact tracing surveys; Log-binomial regression; Model prediction; Random forest algorithm; Survey completion rates,
38465186,Successful Treatment of Confirmed Severe Bupropion Cardiotoxicity With Veno-Arterial Extracorporeal Membrane Oxygenation Initiation Prior to Cardiac Arrest.,Pires KD; Bloom J; Golob S; Sahagún BE; Greco AA; Chebolu E; Yang J; Ting P; Postelnicu R; Soetanto V; Joseph L; Bangalore S; Hall SF; Biary R; Hoffman RS; Park DS; Alviar CL; Harari R; Smith SW; Su MK,2024,2/1/24,https://pubmed.ncbi.nlm.nih.gov/38465186/,Cureus,10.7759/cureus.53768,bupropion; cardiotoxicity; overdose; va-ecmo; ventricular dysrhythmia,
38315917,"Energy Insecurity Indicators Associated With Increased Odds Of Respiratory, Mental Health, And Cardiovascular Conditions.",Siegel EL; Lane K; Yuan A; Smalls-Mantey LA; Laird J; Olson C; Hernández D,2024,2/1/24,https://pubmed.ncbi.nlm.nih.gov/38315917/,Health affairs (Project Hope),10.1377/hlthaff.2023.01052,N/A,
38304390,Estimates of use of preferred contraceptive method in the United States: a population-based study.,Gomez AM; Bennett AH; Arcara J; Stern L; Bardwell J; Cadena D; Chaudhri A; Davis L; Dehlendorf C; Frederiksen B; Labiran C; McDonald-Mosley R; Rice WS; Stein TB; Valladares ES; Kavanaugh ML; Marshall C,2024,2/1/24,https://pubmed.ncbi.nlm.nih.gov/38304390/,Lancet regional health. Americas,10.1016/j.lana.2023.100662,Contraception; Family planning; Health care access; Health care quality; Person-centeredness; United States; Unmet need,
38207339,The case for retiring 'period prevalence'.,Xia Q; Bertolino D; Salim MS; Torian LV; Zheng Y,2024,2/1/24,https://pubmed.ncbi.nlm.nih.gov/38207339/,International journal of epidemiology,10.1093/ije/dyad186,N/A,
37963384,"Inequities Along the Human Immunodeficiency Virus (HIV) Pre-exposure Prophylaxis Services Continuum for Black Women in the United States, 2015-2020.",Townes A; Tanner MR; Yu L; Johnson WD; Zhu W; Iqbal K; Dominguez KL; Henny KD; Drezner K; Schumacher C; Bickham J; Elopre L; Edelstein ZR; Hoover KW; Targeted Highly Effective Interventions to Reverse the HIV Epidemic (THRIVE) Project Team*,2024,2/1/24,https://pubmed.ncbi.nlm.nih.gov/37963384/,Obstetrics and gynecology,10.1097/AOG.0000000000005451,N/A,
38284875,"Overview and Methodology of the National HIV Behavioral Surveillance Among Transgender Women - Seven Urban Areas, United States, 2019-2020.",Kanny D; Lee K; Olansky E; Robbins T; Trujillo L; Finlayson T; Morris E; Agnew-Brune C; Cha S; Chapin-Bardales J; Wejnert C; National HIV Behavioral Surveillance Among Transgender Women Study Group,2024,1/25/24,https://pubmed.ncbi.nlm.nih.gov/38284875/,MMWR supplements,10.15585/mmwr.su7301a1,N/A,
38261633,"Social Support and the Association Between Certain Forms of Violence and Harassment and Suicidal Ideation Among Transgender Women - National HIV Behavioral Surveillance Among Transgender Women, Seven Urban Areas, United States, 2019-2020.",Eustaquio PC; Olansky E; Lee K; Marcus R; Cha S; National HIV Behavioral Surveillance Among Transgender Women Study Group,2024,1/25/24,https://pubmed.ncbi.nlm.nih.gov/38261633/,MMWR supplements,10.15585/mmwr.su7301a7,N/A,
38261599,"Transgender Women Experiencing Homelessness - National HIV Behavioral Surveillance Among Transgender Women, Seven Urban Areas, United States, 2019-2020.",Marcus R; Trujillo L; Olansky E; Cha S; Hershow RB; Baugher AR; Sionean C; Lee K; National HIV Behavioral Surveillance Among Transgender Women Study Group,2024,1/25/24,https://pubmed.ncbi.nlm.nih.gov/38261599/,MMWR supplements,10.15585/mmwr.su7301a5,N/A,
38261588,"Nonprescription Hormone Use Among Transgender Women - National HIV Behavioral Surveillance Among Transgender Women, Seven Urban Areas, United States, 2019-2020.",Olansky E; Lee K; Handanagic S; Trujillo L; National HIV Behavioral Surveillance among Transgender Women Study Group,2024,1/25/24,https://pubmed.ncbi.nlm.nih.gov/38261588/,MMWR supplements,10.15585/mmwr.su7301a4,N/A,
38261572,"Structural and Psychosocial Syndemic Conditions and Condomless Anal Intercourse Among Transgender Women - National HIV Behavioral Surveillance Among Transgender Women, Seven Urban Areas, United States, 2019-2020.",Hershow RB; Trujillo L; Olansky E; Lee K; Agnew-Brune C; Wejnert C; Adams M; National HIV Behavioral Surveillance Among Transgender Women Study Group,2024,1/25/24,https://pubmed.ncbi.nlm.nih.gov/38261572/,MMWR supplements,10.15585/mmwr.su7301a3,N/A,
38261571,"Prevalence of Discrimination and the Association Between Employment Discrimination and Health Care Access and Use - National HIV Behavioral Surveillance Among Transgender Women, Seven Urban Areas, United States, 2019-2020.",Baugher AR; Olansky E; Sutter L; Cha S; Lewis R; Morris E; Agnew-Brune C; Trujillo L; Respress E; Lee K; National HIV Behavioral Surveillance Among Transgender Women Study Group,2024,1/25/24,https://pubmed.ncbi.nlm.nih.gov/38261571/,MMWR supplements,10.15585/mmwr.su7301a6,N/A,
38261546,"Characteristics Associated with Pre-Exposure Prophylaxis Discussion and Use Among Transgender Women Without HIV Infection - National HIV Behavioral Surveillance Among Transgender Women, Seven Urban Areas, United States, 2019-2020.",Morris E; Teplinskaya A; Olansky E; Rinderle JK; Chapin-Bardales J; National HIV Behavioral Surveillance Among Transgender Women Study Group,2024,1/25/24,https://pubmed.ncbi.nlm.nih.gov/38261546/,MMWR supplements,10.15585/mmwr.su7301a2,N/A,
38218669,JYNNEOS™ effectiveness as post-exposure prophylaxis against mpox: Challenges using real-world outbreak data.,Rosen JB; Arciuolo RJ; Pathela P; Boyer CB; Baumgartner J; Latash J; Malec L; Lee EH; Reddy V; King R; Edward Real J; Lipsitch M; Zucker JR,2024,1/25/24,https://pubmed.ncbi.nlm.nih.gov/38218669/,Vaccine,10.1016/j.vaccine.2023.12.066,Effectiveness; Jynneos; Prophylaxis; Vaccine; mpox,
38205796,Hepatitis B Care Continuum Models-Data to Inform Public Health Action.,Spradling PR; Bocour A; Kuncio DE; Ly KN; Harris AM; Thompson ND,2024,1/11/24,https://pubmed.ncbi.nlm.nih.gov/38205796/,"Public health reports (Washington, D.C. : 1974)",10.1177/00333549231218277,care continuum; cascade of care; hepatitis B; public health; surveillance,
38191335,Facilitators and barriers to accessing hepatitis B care in the postpartum period among foreign-born New Yorkers: a qualitative analysis of case notes.,Tang LY; Pene F; Cherfas L; Schwartz J; Baquero MC,2024,1/8/24,https://pubmed.ncbi.nlm.nih.gov/38191335/,BMC public health,10.1186/s12889-023-16971-3,Case management; Cultural competency; Health department in United States; Health education and awareness; Health engagement to immigrant; Health services accessibility; Low-cost care to underserved population; Medical home; Perinatal hepatitis B; Telephone patient navigation,
39715329,Findings and Recommendations From a Series of Workshops on Hospital Emergency Responses to an Improvised Nuclear Device Detonation.,Maiello ML; Mandel-Ricci J,2024,1/1/24,https://pubmed.ncbi.nlm.nih.gov/39715329/,Health security,10.1089/hs.2023.0106,Consequence management; Fallout radiation; Hospital preparedness/response; Improvised nuclear devices; Public health preparedness/response,
39712471,What is in a food store name? Leveraging large language models to enhance food environment data.,Etheredge AJ; Hosmer S; Crossa A; Suss R; Torrey M,2024,1/1/24,https://pubmed.ncbi.nlm.nih.gov/39712471/,Frontiers in artificial intelligence,10.3389/frai.2024.1476950,administrative food data; deep learning; food environment classification; food store name; health department; large language models; machine learning; natural language processing,
39076420,Infectious disease surveillance needs for the United States: lessons from Covid-19.,Lipsitch M; Bassett MT; Brownstein JS; Elliott P; Eyre D; Grabowski MK; Hay JA; Johansson MA; Kissler SM; Larremore DB; Layden JE; Lessler J; Lynfield R; MacCannell D; Madoff LC; Metcalf CJE; Meyers LA; Ofori SK; Quinn C; Bento AI; Reich NG; Riley S; Rosenfeld R; Samore MH; Sampath R; Slayton RB; Swerdlow DL; Truelove S; Varma JK; Grad YH,2024,1/1/24,https://pubmed.ncbi.nlm.nih.gov/39076420/,Frontiers in public health,10.3389/fpubh.2024.1408193,COVID-19; infectious diseases; mathematical model; pandemic; public health; surveillance and forecast system,
38946755,Evaluating Student Clerkship Performance Using Multiple Assessment Components.,Oki O; Naqvi Z; Jordan W; Guilliames C; Archer-Dyer H; Santos MT,2024,1/1/24,https://pubmed.ncbi.nlm.nih.gov/38946755/,"PRiMER (Leawood, Kan.)",10.22454/PRiMER.2024.160111,N/A,
38817962,Lessons for Public Health Excellence from the COVID-19 Pandemic: A Perspective from New York City.,Byrnes-Enoch H; Afshar N; Singer J; Helmy H; Otsubo E; Jocelyn K; Chokshi DA,2024,1/1/24,https://pubmed.ncbi.nlm.nih.gov/38817962/,NAM perspectives,10.31478/20242a,N/A,
38748634,"Increasing disparities in obesity and severe obesity prevalence among public elementary and middle school students in New York City, school years 2011-12 through 2019-20.",Argenio KL; Day SE; D'Agostino EM; Neshteruk C; Wagner BE; Konty KJ,2024,1/1/24,https://pubmed.ncbi.nlm.nih.gov/38748634/,PloS one,10.1371/journal.pone.0302099,N/A,
38603670,"Hospital segregation, critical care strain, and inpatient mortality during the COVID-19 pandemic in New York City.",Zhilkova A; Alsabahi L; Olson D; Maru D; Tsao TY; Morse ME,2024,1/1/24,https://pubmed.ncbi.nlm.nih.gov/38603670/,PloS one,10.1371/journal.pone.0301481,N/A,
38516120,Prevalence of concomitant rheumatologic diseases and autoantibody specificities among racial and ethnic groups in SLE patients.,Denvir B; Carlucci PM; Corbitt K; Buyon JP; Belmont HM; Gold HT; Salmon JE; Askanase A; Bathon JM; Geraldino-Pardilla L; Ali Y; Ginzler EM; Putterman C; Gordon C; Barbour KE; Helmick CG; Parton H; Izmirly PM,2024,1/1/24,https://pubmed.ncbi.nlm.nih.gov/38516120/,Frontiers in epidemiology,10.3389/fepid.2024.1334859,Sjögren's disease; antiphospholipid syndrome; autoantibodies; fibromyalgia; systemic lupus erythematosus,
38164695,Modeling undetected poliovirus circulation following the 2022 outbreak in the United States.,Kalkowska DA; Badizadegan K; Routh JA; Burns CC; Rosenberg ES; Brenner IR; Zucker JR; Langdon-Embry M; Thompson KM,2024,1/1/24,https://pubmed.ncbi.nlm.nih.gov/38164695/,Expert review of vaccines,10.1080/14760584.2023.2299401,IPV; Polio; dynamic modeling; eradication; outbreak response,
40109758,Ascertainment of Hepatitis B and C Infection from Linked Data Sources for Residents of New York City Diagnosed with Liver or Intrahepatic Bile Duct Cancer.,Kuliszewski MG; Qiao B; Zhang X; Anger H; Schymura MJ; Insaf T,2024,1/1/24,https://pubmed.ncbi.nlm.nih.gov/40109758/,Journal of registry management,N/A,claims analysis; hepatitis; hepatocellular carcinoma; liver neoplasms; registries,
38091566,Public Health Should Lead the Charge on Improving Life Expectancy.,Vasan A,2024,1/1/24,https://pubmed.ncbi.nlm.nih.gov/38091566/,American journal of public health,10.2105/AJPH.2023.307460,N/A,
37658124,Outcomes up to age 36 months after congenital Zika virus infection-U.S. states.,Neelam V; Woodworth KR; Chang DJ; Roth NM; Reynolds MR; Akosa A; Carr CP; Anderson KN; Mulkey SB; DeBiasi RL; Biddle C; Lee EH; Elmore AL; Scotland SJ; Sowunmi S; Longcore ND; Ahmed M; Langlois PH; Khuwaja S; Browne SE; Lind L; Shim K; Gosciminski M; Blumenfeld R; Khuntia S; Halai UA; Locklear A; Chan M; Willabus T; Tonzel J; Marzec NS; Barreto NA; Sanchez C; Fornoff J; Hale S; Nance A; Iguchi L; Adibhatla SN; Potts E; Schiffman E; Raman D; McDonald MF; Stricklin B; Ludwig E; Denson L; Contreras D; Romitti PA; Ferrell E; Marx M; Signs K; Cook A; Leedom VO; Beauregard S; Orantes LC; Cronquist L; Roush L; Godfred-Cato S; Gilboa SM; Meaney-Delman D; Honein MA; Moore CA; Tong VT,2024,1/1/24,https://pubmed.ncbi.nlm.nih.gov/37658124/,Pediatric research,10.1038/s41390-023-02787-9,N/A,
37610119,"Recent Advances in the Use of the Mortality Syndromic Surveillance System-New York City, 2015-2020.",Castro AF; Li W; Bernard-Davila B; Huynh M; Van Wye G,2024,1/1/24,https://pubmed.ncbi.nlm.nih.gov/37610119/,"Public health reports (Washington, D.C. : 1974)",10.1177/00333549231190115,epidemiology; forecasting; mortality; surveillance,
38091537,Antibody Titers against Mpox Virus after Vaccination.,Kottkamp AC; Samanovic MI; Duerr R; Oom AL; Belli HM; Zucker JR; Rosen JB; Mulligan MJ; NYC OSMI Study Group,2023,12/14/23,https://pubmed.ncbi.nlm.nih.gov/38091537/,The New England journal of medicine,10.1056/NEJMc2306239,N/A,
37944678,The longitudinal association between asthma severity and physical fitness by neighborhood factors among New York City public school youth.,Kumar A; Zhang S; Neshteruk CD; Day SE; Konty KJ; Armstrong S; Skinner AC; Lang JE; D'Agostino EM,2023,12/1/23,https://pubmed.ncbi.nlm.nih.gov/37944678/,Annals of epidemiology,10.1016/j.annepidem.2023.11.003,Asthma; Children; Environment; Fitness; Neighborhood; Physical activity; School health; Youth,
37863320,Restaurant and Staff Characteristics Related to Practices that Could Contribute to Cross-Contamination.,Rickamer Hoover E; Masters M; Johnson J; McKelvey W; Hedeen N; Ripley D; Brown L,2023,12/1/23,https://pubmed.ncbi.nlm.nih.gov/37863320/,Journal of food protection,10.1016/j.jfp.2023.100182,Contamination; Food safety; Restaurants,
37746817,Cancer incidence in World Trade Center rescue and recovery workers by race and ethnicity.,Khalifeh M; Goldfarb DG; Zeig-Owens R; Todd AC; Shapiro MZ; Carwile M; Dasaro CR; Li J; Yung J; Farfel MR; Brackbill RM; Cone JE; Qiao B; Schymura MJ; Prezant DJ; Hall C; Boffetta P,2023,12/1/23,https://pubmed.ncbi.nlm.nih.gov/37746817/,American journal of industrial medicine,10.1002/ajim.23539,cancer incidence; race/ethnicity; world trade center,
37534822,COVID-19 Outcomes Among People With HIV and COVID-19 in New York City.,Braunstein SL; Wahnich A; Lazar R,2023,11/28/23,https://pubmed.ncbi.nlm.nih.gov/37534822/,The Journal of infectious diseases,10.1093/infdis/jiad311,COVID-19; HIV; hospitalization; mortality; population-level surveillance,
37402645,Mycoplasma genitalium in the US (MyGeniUS): Surveillance Data From Sexual Health Clinics in 4 US Regions.,Manhart LE; Leipertz G; Soge OO; Jordan SJ; McNeil C; Pathela P; Reno H; Wendel K; Parker A; Geisler WM; Getman D; Golden MR; MyGeniUS Study Team,2023,11/17/23,https://pubmed.ncbi.nlm.nih.gov/37402645/,Clinical infectious diseases : an official publication of the Infectious Diseases Society of America,10.1093/cid/ciad405,Mycoplasma genitalium; antimicrobial resistance; epidemiology; surveillance,
37877276,"Improvement in CD4+ cell count among people with HIV in New York City, 2007-2021.",Xia Q; Farovitch L; Bertolino D; Romano A; Huang J; Misra K; Torian LV,2023,11/15/23,https://pubmed.ncbi.nlm.nih.gov/37877276/,"AIDS (London, England)",10.1097/QAD.0000000000003685,N/A,
37951687,ART initiation for people living with HIV with severe mpox.,Wong M; Damon IK; Zucker J; Foote MMK; El-Sadr W,2023,11/11/23,https://pubmed.ncbi.nlm.nih.gov/37951687/,"Lancet (London, England)",10.1016/S0140-6736(23)01674-4,N/A,
37915079,Community transmission of SARS-CoV-2 during the Delta wave in New York City.,Dai K; Foerster S; Vora NM; Blaney K; Keeley C; Hendricks L; Varma JK; Long T; Shaman J; Pei S,2023,11/2/23,https://pubmed.ncbi.nlm.nih.gov/37915079/,BMC infectious diseases,10.1186/s12879-023-08735-6,Community transmission; Contact tracing; Delta variant; SARS-CoV-2; Transmission networks,
37824786,"Patient-Reported Experiences Filling Expedited Partner Therapy Prescriptions for Chlamydia, Including Recommendations for Mitigating Encountered Obstacles, New York City, 2019 to 2020.",Gary DE; Klingler EJ; Slutsker JS,2023,11/1/23,https://pubmed.ncbi.nlm.nih.gov/37824786/,Sexually transmitted diseases,10.1097/OLQ.0000000000001855,N/A,
37800195,Urine Toxicology Test for Children With Altered Mental Status.,Van Oyen A; Barney N; Grabinski Z; Chang J; Oliff Z; Nogar J; Su MK,2023,11/1/23,https://pubmed.ncbi.nlm.nih.gov/37800195/,Pediatrics,10.1542/peds.2022-060861,N/A,
37887662,Trace and Major Element Concentrations in Cadaveric Lung Tissues from World Trade Center Health Registry Decedents and Community Controls.,Marmor M; Burcham JL; Chen LC; Chillrud SN; Graham JK; Jordan HT; Zhong M; Halzack E; Cone JE; Shao Y,2023,10/14/23,https://pubmed.ncbi.nlm.nih.gov/37887662/,International journal of environmental research and public health,10.3390/ijerph20206923,World Trade Center disaster; arsenic; autopsy; chromium; epidemiology; exposure estimation; iron; lung; molybdenum; national technical information services (NTIS) standards; titanium; trace elements,
37249079,"Implementation of Bedaquiline, Pretomanid, and Linezolid in the United States: Experience Using a Novel All-Oral Treatment Regimen for Treatment of Rifampin-Resistant or Rifampin-Intolerant Tuberculosis Disease.",Haley CA; Schechter MC; Ashkin D; Peloquin CA; Peter Cegielski J; Andrino BB; Burgos M; Caloia LA; Chen L; Colon-Semidey A; DeSilva MB; Dhanireddy S; Dorman SE; Dworkin FF; Hammond-Epstein H; Easton AV; Gaensbauer JT; Ghassemieh B; Gomez ME; Horne D; Jasuja S; Jones BA; Kaplan LJ; Khan AE; Kracen E; Labuda S; Landers KM; Lardizabal AA; Lasley MT; Letzer DM; Lopes VK; Lubelchek RJ; Patricia Macias C; Mihalyov A; Misch EA; Murray JA; Narita M; Nilsen DM; Ninneman MJ; Ogawa L; Oladele A; Overman M; Ray SM; Ritger KA; Rowlinson MC; Sabuwala N; Schiller TM; Schwartz LE; Spitters C; Thomson DB; Tresgallo RR; Valois P; Goswami ND; BPaL Implementation Group,2023,10/5/23,https://pubmed.ncbi.nlm.nih.gov/37249079/,Clinical infectious diseases : an official publication of the Infectious Diseases Society of America,10.1093/cid/ciad312,bedaquiline; drug resistance; linezolid; pretomanid; tuberculosis,
37810942,"An Exploratory Study to Describe Transgender People with HIV Who Accessed Medicaid and Their Viral Suppression Over Time in New York City, 2013-2017.",Rodriguez-Hart C; Zhao G; Goldstein Z; Radix A; Torian L,2023,10/1/23,https://pubmed.ncbi.nlm.nih.gov/37810942/,Transgender health,10.1089/trgh.2021.0195,HIV; Medicaid; gender-affirming surgery; surveillance; transgender people; viral suppression,
37734242,Post-traumatic stress disorder and risk of first-time and repeated opioid-related hospitalizations among World Trade Center Health Registry enrollees.,Garrey SK; Locke S; Pollari C; Li J; Takemoto E,2023,10/1/23,https://pubmed.ncbi.nlm.nih.gov/37734242/,Psychiatry research,10.1016/j.psychres.2023.115462,9/11; Hospitalization; Opioid use disorder; PTSD; World Trade Center disaster,
37593357,COVID-19 vaccines for children: Racial and ethnic disparities in New York City.,Elbel B; Heng L; Konty KJ; Day SE; Rothbart MW; Abrams C; Lee DC; Thorpe LE; Ellen Schwartz A,2023,10/1/23,https://pubmed.ncbi.nlm.nih.gov/37593357/,Preventive medicine reports,10.1016/j.pmedr.2023.102357,COVID-19; COVID-19 Vaccines; Child; Ethnicity; Neighborhood Characteristics; New York City; Race; Students; Vaccination,
37432999,Sociodemographic and Behavioral Predictors of Recurrent Bacterial Vaginosis Among Sexual Health Clinic Patients in New York City From 2014 to 2018.,Davis A; Crawley A; Ashmore M; Landers SE; Pathela P,2023,10/1/23,https://pubmed.ncbi.nlm.nih.gov/37432999/,Sexually transmitted diseases,10.1097/OLQ.0000000000001844,N/A,
37255255,"Trends in Patient's Use of Sexual Health Services During COVID-19 in a Network of STD Clinics, STD Surveillance Network, 2019 to 2021.",Llata E; Schumacher C; Grigorov I; Danforth B; Pathela P; Asbel L; Nguyen TQ; Berzkalns A; Kreisel KM,2023,10/1/23,https://pubmed.ncbi.nlm.nih.gov/37255255/,Sexually transmitted diseases,10.1097/OLQ.0000000000001837,N/A,
37084103,Durable Viral Suppression Among Young Adults Living with HIV Receiving Ryan White Services in New York City.,Feldman MB; Montero N; Thomas JA; Hoffman S; Nguyen N; Lentz CL; Sukumaran S; Mellins CA,2023,10/1/23,https://pubmed.ncbi.nlm.nih.gov/37084103/,AIDS and behavior,10.1007/s10461-023-04040-0,Durable viral suppression; Young adults; Youth,
37770939,"Immediate initiation of antiretroviral treatment: knowledge, attitudes, and practices among clinic staff in New York City.",Bertolino D; Baim-Lance A; D'Aquila E; Coren F; Abraham B,2023,9/28/23,https://pubmed.ncbi.nlm.nih.gov/37770939/,BMC health services research,10.1186/s12913-023-09896-5,ART; Antiretroviral treatment; HIV; KAP; Mixed methods; Rapid treatment,
37730883,Author Correction: Individual-level precision diagnosis for coronavirus disease 2019 related severe outcome: an early study in New York.,Huang CC; Xu H,2023,9/20/23,https://pubmed.ncbi.nlm.nih.gov/37730883/,Scientific reports,10.1038/s41598-023-40792-4,N/A,
37318287,"A Systematic Review of Intervention Studies That Address HIV-Related Stigmas Among US Healthcare Workers and Health Systems: Applying a Theory-Based Ontology to Link Intervention Types, Techniques, and Mechanisms of Action to Potential Effectiveness.",Kutner BA; Vaughn MP; Giguere R; Rodriguez-Hart C; McKinnon K; Kaighobadi F; Felix B; Akakpo A; Cournos F; Mikaelian M; Knox J; Boccher-Lattimore D; Mack KA; LaForest M; Sandfort TGM; STAR (Stigma and Resilience) Coalition Compendium Team,2023,9/13/23,https://pubmed.ncbi.nlm.nih.gov/37318287/,Annals of behavioral medicine : a publication of the Society of Behavioral Medicine,10.1093/abm/kaad022,Behaviour change wheel; HIV/AIDS; Health services; Stigma; Systematic review,
37764728,Household Food Security and Consumption of Sugar-Sweetened Beverages among New York City (NYC) Children: A Cross-Sectional Analysis of 2017 NYC Kids' Data.,Flórez KR; Albrecht SS; Hwang N; Chambers E; Li Y; Gany FM; Davila M,2023,9/12/23,https://pubmed.ncbi.nlm.nih.gov/37764728/,Nutrients,10.3390/nu15183945,Latinos; NYC kids’ data; food security; immigrants; social inequities; sugar-sweetened beverages; sugary drinks,
37590481,"New York State, New York City, New Jersey, Puerto Rico, and the US Virgin Islands' Health Department Experiences Promoting Health Equity During the Initial COVID-19 Omicron Variant Period, 2021-2022.",Cox H; Gebru Y; Horter L; Palomeque FS; Myers K; Stowell D; Easterling T; de Noguera NS; Medina-Forrester A; Bravo J; Pérez S; Chaparro J; Ekpo LP; Cranford H; Santibañez S; Valencia D,2023,9/1/23,https://pubmed.ncbi.nlm.nih.gov/37590481/,Health security,10.1089/hs.2023.0001,COVID-19; Epidemic management/response; Health equity; Partnerships; Public health preparedness/response,
37544313,Transmission of yellow fever vaccine virus through blood transfusion and organ transplantation in the USA in 2021: report of an investigation.,Gould CV; Free RJ; Bhatnagar J; Soto RA; Royer TL; Maley WR; Moss S; Berk MA; Craig-Shapiro R; Kodiyanplakkal RPL; Westblade LF; Muthukumar T; Puius YA; Raina A; Hadi A; Gyure KA; Trief D; Pereira M; Kuehnert MJ; Ballen V; Kessler DA; Dailey K; Omura C; Doan T; Miller S; Wilson MR; Lehman JA; Ritter JM; Lee E; Silva-Flannery L; Reagan-Steiner S; Velez JO; Laven JJ; Fitzpatrick KA; Panella A; Davis EH; Hughes HR; Brault AC; St George K; Dean AB; Ackelsberg J; Basavaraju SV; Chiu CY; Staples JE; Yellow Fever Vaccine Virus Transplant and Transfusion Investigation Team,2023,9/1/23,https://pubmed.ncbi.nlm.nih.gov/37544313/,The Lancet. Microbe,10.1016/S2666-5247(23)00170-2,N/A,
37543009,Mycobacterium tuberculosis complex whole-genome sequencing in New York State: Implementation of a reduced phenotypic drug susceptibility testing algorithm.,Shea J; Halse TA; Modestil H; Kearns C; Fowler RC; Da Costa-Carter CA; Siemetzki-Kapoor U; Leisner M; Lapierre P; Kohlerschmidt D; Rowlinson MC; Escuyer V; Musser KA,2023,9/1/23,https://pubmed.ncbi.nlm.nih.gov/37543009/,"Tuberculosis (Edinburgh, Scotland)",10.1016/j.tube.2023.102380,Algorithm; Bioinformatic pipeline; Molecular DST; Mycobacterium tuberculosis; Phenotypic DST; Prediction of resistance; Susceptibility; Whole genome sequencing,
37451556,School-level self-reported versus objective measurements of body mass index in public high school students.,Thompson HR; Madsen KA; Nguyen C; Argenio K; D'Agostino E; Konty K; Day S,2023,9/1/23,https://pubmed.ncbi.nlm.nih.gov/37451556/,Preventive medicine,10.1016/j.ypmed.2023.107616,Adolescent health; Body mass index (BMI); Obesity; Population health; School health; Weight status,
37410983,"Benefits of Frequent HIV Testing in the THRIVE Demonstration Project: United States, 2015-2020.",Kimball AA; Zhu W; Yu L; Tanner MR; Iqbal K; Dominguez KL; Shankar A; Drezner K; Musgrove K; Mayes E; Robinson WT; Schumacher C; Delaney KP; Hoover KW; THRIVE Project Team,2023,9/1/23,https://pubmed.ncbi.nlm.nih.gov/37410983/,American journal of public health,10.2105/AJPH.2023.307341,N/A,
37880884,Adverse events among persons with TB using in-person vs. electronic directly observed therapy.,Salerno MM; Burzynski J; Mangan JM; Hill A; deCastro BR; Goswami ND; Lam CK; Macaraig M; Schluger NW; Vernon AA,2023,8/1/23,https://pubmed.ncbi.nlm.nih.gov/37880884/,The international journal of tuberculosis and lung disease : the official journal of the International Union against Tuberculosis and Lung Disease,10.5588/ijtld.22.0594,N/A,
37643295,Client preferences for HIV Care Coordination Program features in New York City: latent class analysis of a discrete choice experiment.,Conte M; Zimba R; Fong C; Carmona J; Gambone G; Robertson M; Kozlowski S; Abdelqader F; Nash D; Irvine M,2023,8/1/23,https://pubmed.ncbi.nlm.nih.gov/37643295/,Journal of the International AIDS Society,10.1002/jia2.26162,DCE; HIV care; adherence; care continuum; care coordination; implementation science,
37554154,Modelling the impact of a high-uptake bivalent booster scenario on the COVID-19 burden and healthcare costs in New York City.,Pandey A; Fitzpatrick MC; Moghadas SM; Vilches TN; Ko C; Vasan A; Galvani AP,2023,8/1/23,https://pubmed.ncbi.nlm.nih.gov/37554154/,Lancet regional health. Americas,10.1016/j.lana.2023.100555,Bivalent booster; COVID-19; New York City; School absenteeism,
37468611,Association of World Trade Center (WTC) Occupational Exposure Intensity with Chronic Obstructive Pulmonary Disease (COPD) and Asthma COPD Overlap (ACO).,de la Hoz RE; Shapiro M; Nolan A; Sood A; Lucchini RG; Cone JE; Celedón JC,2023,8/1/23,https://pubmed.ncbi.nlm.nih.gov/37468611/,Lung,10.1007/s00408-023-00636-4,"Chronic obstructive pulmonary disease; Longitudinal changes in lung function; Occupational lung disease; Smoke inhalation injury; Spirometry; World Trade Center Attack, 2001",
36872151,"HIV Prevention Services for Hispanic/Latino Persons in THRIVE, 2015-2020.",Bonacci RA; Tanner MR; Zhu W; Hayes T; Dominguez KL; Iqbal K; Wiener J; Drezner K; Jennings JM; Tsoi B; Wendell D; Hoover KW; THRIVE Project Team,2023,8/1/23,https://pubmed.ncbi.nlm.nih.gov/36872151/,American journal of preventive medicine,10.1016/j.amepre.2023.01.042,N/A,
36727718,Two Models for Increasing the Scope and Activities of Human Immunodeficiency Virus Partner Services Programs: Preliminary Findings From the Fast Track Project.,Golub SA; Price DM; Starbuck L; Kim C; Strock L; Misra K; Mikati T; Udeagu CC,2023,8/1/23,https://pubmed.ncbi.nlm.nih.gov/36727718/,Sexually transmitted diseases,10.1097/OLQ.0000000000001776,N/A,
36538873,Population-based prevalence and incidence estimates of mixed connective tissue disease from the Manhattan Lupus Surveillance Program.,Hasan G; Ferucci ED; Buyon JP; Belmont HM; Salmon JE; Askanase A; Bathon JM; Geraldino-Pardilla L; Ali Y; Ginzler EM; Putterman C; Gordon C; Helmick CG; Parton H; Izmirly PM,2023,8/1/23,https://pubmed.ncbi.nlm.nih.gov/36538873/,"Rheumatology (Oxford, England)",10.1093/rheumatology/keac703,MCTD; epidemiology; incidence; prevalence,
35969847,Modernizing the Objectives and Organization of Case Investigation and Contact Tracing for the 21st Century.,Golden MR; Narita M; Jones L; Kerndt P; Duchin J,2023,8/1/23,https://pubmed.ncbi.nlm.nih.gov/35969847/,Sexually transmitted diseases,10.1097/OLQ.0000000000001697,N/A,
33906489,The Association of School Nurse Workload With Student Health and Academic Outcomes: A Cross-Sectional Study.,Schroeder K; Young A; Adman G; Ashmeade AM; Bonas E; Day SE; Konty K,2023,8/1/23,https://pubmed.ncbi.nlm.nih.gov/33906489/,The Journal of school nursing : the official publication of the National Association of School Nurses,10.1177/10598405211012957,nurse staffing; nurse workload; school health; school nursing; student health,
37451738,"Study protocol for data to suppression (D2S): a cluster-randomised, stepped-wedge effectiveness trial of a reporting and capacity-building intervention to improve HIV viral suppression in housing and behavioural health programmes in New York City.",Irvine MK; Abdelqader F; Levin B; Thomas J; Avoundjian T; Peterson M; Zimba R; Braunstein SL; Robertson MM; Nash D,2023,7/14/23,https://pubmed.ncbi.nlm.nih.gov/37451738/,BMJ open,10.1136/bmjopen-2023-076716,HIV & AIDS; Health informatics; Patient Navigation; Public health; Quality in health care; Randomized Controlled Trial,
37443363,Individual-level precision diagnosis for coronavirus disease 2019 related severe outcome: an early study in New York.,Huang CC; Xu H,2023,7/13/23,https://pubmed.ncbi.nlm.nih.gov/37443363/,Scientific reports,10.1038/s41598-023-35966-z,N/A,
37829614,Experiences Administering Naloxone Among People in Different Social Roles: People Who Use Opioids and Family Members and Friends.,Urmanche AA; Harocopos A,2023,7/1/23,https://pubmed.ncbi.nlm.nih.gov/37829614/,Journal of drug issues,10.1177/00220426221133024,family members; naloxone; overdose; qualitative,
37141555,"Evaluation of Public Health Contact Tracing for Mpox Among Gay, Bisexual, and Other Men Who Have Sex With Men-10 US Jurisdictions, May 17-July 31, 2022.",Cope AB; Kirkcaldy RD; Weidle PJ; Jackson DA; Laramee N; Weber R; Rowse J; Mangla A; Fox B; Saunders KE; Taniguchi K; Usagawa L; Cahill ME; Harrington P; Ricketts EK; Harbi K; Malec L; Templin TG; Drociuk D; Hannibal T; Klos R; Bernstein KT,2023,7/1/23,https://pubmed.ncbi.nlm.nih.gov/37141555/,American journal of public health,10.2105/AJPH.2023.307301,N/A,
37383762,Data on location and retail price of a standard food basket in supermarkets across New York City.,Crossa A; Cooperman E; James B; Ma S; Baquero M,2023,6/1/23,https://pubmed.ncbi.nlm.nih.gov/37383762/,Data in brief,10.1016/j.dib.2023.109222,Food access; Food pricing; Standard food basket,
37333721,Understanding the Relationship Between Antiviral Prescription Data and COVID-19 Incidence in New York City: A Retrospective Cohort Study.,Kaul CM; Cohen GM; Silverstein M; Wallach AB; Diago-Navarro E; Holzman RS; Foote MK,2023,6/1/23,https://pubmed.ncbi.nlm.nih.gov/37333721/,Open forum infectious diseases,10.1093/ofid/ofad281,COVID-19; antivirals; modeling; public health,
37306998,Neighborhood Food Environment and Birth Weight Outcomes in New York City.,Kinsey EW; Widen EM; Quinn JW; Huynh M; Van Wye G; Lovasi GS; Neckerman KM; Caniglia EC; Rundle AG,2023,6/1/23,https://pubmed.ncbi.nlm.nih.gov/37306998/,JAMA network open,10.1001/jamanetworkopen.2023.17952,N/A,
37266312,Global Social Medicine for an Equitable and Just Future.,Piñones-Rivera C; Martínez-Hernáez Á; Morse ME; Nambiar K; Ferrall J; Holmes SM,2023,6/1/23,https://pubmed.ncbi.nlm.nih.gov/37266312/,Health and human rights,N/A,N/A,
37037392,Practice facilitation for scale up of clinical decision support for hypertension management: study protocol for a cluster randomized control trial.,Blecker S; Gannon M; De Leon S; Shelley D; Wu WY; Tabaei B; Magno J; Pham-Singer H,2023,6/1/23,https://pubmed.ncbi.nlm.nih.gov/37037392/,Contemporary clinical trials,10.1016/j.cct.2023.107177,N/A,
36863060,Healthy Vaccinee Bias and MenB-FHbp Vaccine Effectiveness Against Gonorrhea.,Abara WE; Bernstein KT; Lewis FMT; Pathela P; Islam A; Eberhart M; Cheng I; Ternier A; Sanderson Slutsker J; Madera R; Kirkcaldy R,2023,6/1/23,https://pubmed.ncbi.nlm.nih.gov/36863060/,Sexually transmitted diseases,10.1097/OLQ.0000000000001793,N/A,
36749905,Health Care Provider Decisions to Initiate Oral HIV Preexposure Prophylaxis in New York City Public Sexual Health Clinics.,Hoffman S; Jamison K; Pathela P; Gonzalez-Argoti T; Rivera A; Leu CS; Hubbard S; Castro M; Borges C; Gandhi A; Edelstein Z; Myers J; Mantell JE; Bauman LJ,2023,6/1/23,https://pubmed.ncbi.nlm.nih.gov/36749905/,Sexually transmitted diseases,10.1097/OLQ.0000000000001782,N/A,
36417093,The Effect of Navigation on Linkage to a PrEP Provider Among PrEP-Eligible Men who have Sex with Men in a U.S. Demonstration Project.,Kimball AA; Zhu W; Tanner MR; Iqbal K; Dominguez KL; Henny KD; James A; Elamin F; Drezner K; Bruce J; Torres ME; Price A; Hubbard SJ; Hoover KW; THRIVE Project Team,2023,6/1/23,https://pubmed.ncbi.nlm.nih.gov/36417093/,AIDS and behavior,10.1007/s10461-022-03931-y,HIV; Patient navigation; Pre-exposure prophylaxis; Sexual and gender minorities,
37259081,Facilitation of team-based care to improve HTN management and outcomes: a protocol for a randomized stepped wedge trial.,Shelley DR; Brown D; Cleland CM; Pham-Singer H; Zein D; Chang JE; Wu WY,2023,5/31/23,https://pubmed.ncbi.nlm.nih.gov/37259081/,BMC health services research,10.1186/s12913-023-09533-1,Cardiovascular diseases; Hypertension; Implementation; Practice facilitation; Primary care; Team-based care,
37212435,Public Health's Role in a Post-<i>Dobbs</i> World - The New York City Abortion Access Hub.,Stein TB; Vasan A,2023,5/25/23,https://pubmed.ncbi.nlm.nih.gov/37212435/,The New England journal of medicine,10.1056/NEJMp2301278,N/A,
37292718,Racial/Ethnic differences in receipt of naloxone distributed by opioid overdose prevention programs in New York City.,Nolen S; Trinidad AJ; Jordan AE; Green TC; Jalali A; Murphy SM; Zang X; Marshall BDL; Schackman BR,2023,5/17/23,https://pubmed.ncbi.nlm.nih.gov/37292718/,Research square,10.21203/rs.3.rs-2934002/v1,Naloxone; New York City; opioid overdose prevention programs; racial/ethnic disparities,
37119694,The application of intersectional multilevel analysis of individual heterogeneity and discriminatory accuracy (MAIHDA) to examine birthweight inequities in New York City.,Nieves CI; Borrell LN; Evans CR; Jones HE; Huynh M,2023,5/1/23,https://pubmed.ncbi.nlm.nih.gov/37119694/,Health & place,10.1016/j.healthplace.2023.103029,Birthweight; Health inequities; Intersectionality; MAIHDA; Multilevel models,
36931475,The longitudinal association between asthma severity and physical fitness among new York City public school youth.,D'Agostino EM; Zhang S; Day SE; Konty KJ; Armstrong S; Skinner A; Neshteruk CD,2023,5/1/23,https://pubmed.ncbi.nlm.nih.gov/36931475/,Preventive medicine,10.1016/j.ypmed.2023.107486,Asthma; Children; Fitness; Health; Physical activity; School; Youth,
36574185,Exploring the Association Between Gender Affirmation and PrEP use Among Transgender Women in New York City.,Rivera AV; Lopez JM; Braunstein SL,2023,5/1/23,https://pubmed.ncbi.nlm.nih.gov/36574185/,AIDS and behavior,10.1007/s10461-022-03944-7,Gender affirmation; PrEP; Race/ethnicity; Transgender women,
35638708,Evaluation of the EULAR/American College of Rheumatology Classification Criteria for Systemic Lupus Erythematosus in a Population-Based Registry.,Guttmann A; Denvir B; Aringer M; Buyon JP; Belmont HM; Sahl S; Salmon JE; Askanase A; Bathon JM; Geraldino-Pardilla L; Ali Y; Ginzler EM; Putterman C; Gordon C; Helmick CG; Parton H; Izmirly PM,2023,5/1/23,https://pubmed.ncbi.nlm.nih.gov/35638708/,Arthritis care & research,10.1002/acr.24960,N/A,
37390013,Vaccine Confidence in NYC: Thematic Analysis of Community Stories.,Ige O; Sakas Z; Kang M; Green C; Brown D,2023,4/7/23,https://pubmed.ncbi.nlm.nih.gov/37390013/,Journal of health communication,10.1080/10810730.2023.2191226,N/A,
37390011,Comparison of Current Attitudes Toward COVID-19 Vaccination in New York City and the US Nationally.,El-Mohandes A; Wyka K; White TM; El-Sadr WM; Rauh L; Vasan A; Greene D; Rabin K; Ratzan SC; Chaudhri S; Kimball S; Lazarus JV,2023,4/7/23,https://pubmed.ncbi.nlm.nih.gov/37390011/,Journal of health communication,10.1080/10810730.2023.2208071,N/A,
37035970,Challenges associated with electronic and in-person directly observed therapy during a randomized trial.,Mangan JM; Burzynski J; deCastro BR; Salerno MM; Lam CK; Macaraig M; Reaves M; Kiskadden-Bechtel S; Bowers S; Sathi C; Dias MP; Goswami ND; Vernon A,2023,4/1/23,https://pubmed.ncbi.nlm.nih.gov/37035970/,The international journal of tuberculosis and lung disease : the official journal of the International Union against Tuberculosis and Lung Disease,10.5588/ijtld.22.0583,N/A,
37016269,The Nation's First Publicly Recognized Overdose Prevention Centers: Lessons Learned in New York City.,Giglio RE; Mantha S; Harocopos A; Saha N; Reilly J; Cipriano C; Kennelly M; Landau L; McRae M; Chokshi DA,2023,4/1/23,https://pubmed.ncbi.nlm.nih.gov/37016269/,Journal of urban health : bulletin of the New York Academy of Medicine,10.1007/s11524-023-00717-y,Opioid overdose; Overdose prevention centers; Substance use; Supervised consumption,
36764060,Evaluation of New York/New York III permanent supportive housing program.,Gouse I; Walters S; Miller-Archie S; Singh T; Lim S,2023,4/1/23,https://pubmed.ncbi.nlm.nih.gov/36764060/,Evaluation and program planning,10.1016/j.evalprogplan.2023.102245,Cost analysis; Health outcomes; Housing stability; Permanent Supportive Housing,
36759422,Extreme Heat and COVID-19 in New York City: An Evaluation of a Large Air Conditioner Distribution Program to Address Compounded Public Health Risks in Summer 2020.,Lane K; Smalls-Mantey L; Hernández D; Watson S; Jessel S; Jack D; Spaulding L; Olson C,2023,4/1/23,https://pubmed.ncbi.nlm.nih.gov/36759422/,Journal of urban health : bulletin of the New York Academy of Medicine,10.1007/s11524-022-00704-9,COVID-19; Climate change adaptation; Extreme heat,
36729538,"Evaluation of the Revised Versus Original Ryan White Part A HIV Care Coordination Program in a Cluster-Randomized, Stepped-Wedge Trial.",Irvine MK; Levin B; Abdelqader F; Carmona J; Avoundjian T; Thomas J; Braunstein SL; Robertson M; Nash D,2023,4/1/23,https://pubmed.ncbi.nlm.nih.gov/36729538/,Journal of acquired immune deficiency syndromes (1999),10.1097/QAI.0000000000003139,N/A,
36700517,Diabetes-Related Quality of Life: Learning From Individuals Making Lifestyle Changes to Improve Type 2 Diabetes Control.,Fishman SR; Fernandez Galvis MA; Linnell J; Iribarren P; Jonas VH; Gittleman JM; Tanenbaum M; Scherer M; Weiss L; Walker EA; Crespo-Ramos G; Hoogendoorn CJ; Pham-Singer H; Wu WY; Gonzalez JS,2023,4/1/23,https://pubmed.ncbi.nlm.nih.gov/36700517/,The science of diabetes self-management and care,10.1177/26350106221149665,N/A,
36484556,"HIV Pre-exposure Prophylaxis Services for Black and Hispanic or Latino Gay, Bisexual, and Other Men Who Have Sex With Men and Transgender Women in THRIVE, 2015-2020.",Tanner MR; Zhu W; Iqbal K; Dominguez KL; Yu L; Hayes TD; Wiener J; Koenig LJ; Batey S; Burgess S; Elamin F; Fox A; Price A; Wood L; Hoover KW,2023,4/1/23,https://pubmed.ncbi.nlm.nih.gov/36484556/,Journal of acquired immune deficiency syndromes (1999),10.1097/QAI.0000000000003138,N/A,
36462106,"Addressing Financial Barriers to Health Care Among People Who are Low-Income and Insured in New York City, 2014-2017.",Frazier TL; Lopez PM; Islam N; Wilson A; Earle K; Duliepre N; Zhong L; Bendik S; Drackett E; Manyindo N; Seidl L; Thorpe LE,2023,4/1/23,https://pubmed.ncbi.nlm.nih.gov/36462106/,Journal of community health,10.1007/s10900-022-01173-6,Community health worker; Financial barriers; Financial distress; Health care; Health disparities; Health insurance; Healthcare costs; New York city; Policy; Social determinants of health,
35758762,"Longitudinal Association between Weight Status, Aerobic Capacity, Muscular Strength, and Endurance among New York City Youth, 2010-2017.",D'Agostino EM; Day SE; Konty KJ; Armstrong SC; Skinner AC; Neshteruk CD,2023,4/1/23,https://pubmed.ncbi.nlm.nih.gov/35758762/,Childhood obesity (Print),10.1089/chi.2022.0034,cardiovascular; curl-up; exercise; fitness; obesity; pacer; push-up; school; youth,
36966342,A mixed-methods analysis of risk-reduction strategies adopted by syringe services program participants and non-syringe services program participants in New York City.,Beharie N; Urmanche A; Harocopos A,2023,3/25/23,https://pubmed.ncbi.nlm.nih.gov/36966342/,Harm reduction journal,10.1186/s12954-023-00772-3,Fentanyl; People who use drugs; Syringe services programs,
36048507,Climate Change and the Epidemiology of Infectious Diseases in the United States.,Edelson PJ; Harold R; Ackelsberg J; Duchin JS; Lawrence SJ; Manabe YC; Zahn M; LaRocque RC,2023,3/4/23,https://pubmed.ncbi.nlm.nih.gov/36048507/,Clinical infectious diseases : an official publication of the Infectious Diseases Society of America,10.1093/cid/ciac697,One Health; climate change; epidemiology; infectious diseases; public health,
36877900,Increases In COVID-19 Vaccination Among NYC Municipal Employees After Implementation Of Vaccination Requirements.,Rubenstein BL; Amiel PJ; Ternier A; Helmy H; Lim S; Chokshi DA; Zucker JR,2023,3/1/23,https://pubmed.ncbi.nlm.nih.gov/36877900/,Health affairs (Project Hope),10.1377/hlthaff.2022.00809,N/A,
36750746,Why we need a national repository of consumer product lead surveillance data.,Alex-Oni K; Sedlar S; Hore P,2023,3/1/23,https://pubmed.ncbi.nlm.nih.gov/36750746/,Journal of exposure science & environmental epidemiology,10.1038/s41370-023-00525-1,N/A,
36746325,Study protocol for a multisite randomized controlled trial of a peer navigator intervention for emergency department patients with nonfatal opioid overdose.,Doran KM; Welch AE; Jeffers A; Kepler KL; Chambless D; Cowan E; Wittman I; Regina A; Chang TE; Parraga S; Tapia J; Diaz C; Gwadz M; Cleland CM; McNeely J,2023,3/1/23,https://pubmed.ncbi.nlm.nih.gov/36746325/,Contemporary clinical trials,10.1016/j.cct.2023.107111,Addiction; Emergency care; Opioid use disorder; Overdose; Peer intervention; Randomized controlled trial,
36707325,Marketing Sustainability Analysis of Stores Participating in a Healthier Retail Food Program.,Del Signore Dresser I; Crossa A; Dannefer R; Brathwaite C; Céspedes A; Bedell J,2023,3/1/23,https://pubmed.ncbi.nlm.nih.gov/36707325/,Journal of nutrition education and behavior,10.1016/j.jneb.2022.10.012,corner store intervention; food environment; marketing; unhealthy food promotion,
36633306,Neighbourhood walkability is associated with risk of gestational diabetes: A cross-sectional study in New York City.,Rundle AG; Kinsey EW; Widen EM; Quinn JW; Huynh M; Lovasi GS; Neckerman KM; Van Wye G,2023,3/1/23,https://pubmed.ncbi.nlm.nih.gov/36633306/,Paediatric and perinatal epidemiology,10.1111/ppe.12952,gestational diabetes; neighbourhood walkability; poverty rate; urban design,
36625505,"Birth equity on the front lines: Impact of a community-based doula program in Brooklyn, NY.",Thomas MP; Ammann G; Onyebeke C; Gomez TK; Lobis S; Li W; Huynh M,2023,3/1/23,https://pubmed.ncbi.nlm.nih.gov/36625505/,"Birth (Berkeley, Calif.)",10.1111/birt.12701,Healthy Start; birth justice; doula support; health equity; low birthweight; preterm birth,
36621618,Impact of new labor management guidelines on Cesarean rates among low-risk births at New York City hospitals: A controlled interrupted time series analysis.,Brazier E; Borrell LN; Huynh M; Kelly EA; Nash D,2023,3/1/23,https://pubmed.ncbi.nlm.nih.gov/36621618/,Annals of epidemiology,10.1016/j.annepidem.2023.01.001,Cesarean delivery; Interrupted time series analysis; Labor management; Racial/ethnic disparities,
36576876,"Effects of Return-to-Office, Public Schools Reopening, and Vaccination Mandates on COVID-19 Cases Among Municipal Employee Residents of New York City.",Greene SK; Tabaei BP; Culp GM; Levin-Rector A; Kishore N; Baumgartner J,2023,3/1/23,https://pubmed.ncbi.nlm.nih.gov/36576876/,Journal of occupational and environmental medicine,10.1097/JOM.0000000000002776,N/A,
36305669,Association between jail-based methadone or buprenorphine treatment for opioid use disorder and overdose mortality after release from New York City jails 2011-17.,Lim S; Cherian T; Katyal M; Goldfeld KS; McDonald R; Wiewel E; Khan M; Krawczyk N; Braunstein S; Murphy SM; Jalali A; Jeng PJ; MacDonald R; Lee JD,2023,3/1/23,https://pubmed.ncbi.nlm.nih.gov/36305669/,"Addiction (Abingdon, England)",10.1111/add.16071,All-cause mortality; drug-related mortality; jail; medication for opioid use disorder; opioid use disorder; urban population,
36901178,Association of Rheumatoid Arthritis with Opioid Pain Medication Overuse among Persons Exposed to the 9/11 World Trade Center Disaster.,Dhanya AS; Yung J; Cone JE; Li J,2023,2/25/23,https://pubmed.ncbi.nlm.nih.gov/36901178/,International journal of environmental research and public health,10.3390/ijerph20054166,World Trade Center (WTC) disaster; opioids; pain medication; posttraumatic stress disorder (PTSD); rheumatoid arthritis,
36821721,"Notes from the Field: Epidemiologic Characteristics of SARS-CoV-2 Recombinant Variant XBB.1.5 - New York City, November 1, 2022-January 4, 2023.",Luoma E; Rohrer R; Parton H; Hughes S; Omoregie E; Taki F; Wang JC; Akther S; Amin H; Chang C; Cheng I; Di Lonardo S; Eddy M; Firestein L; Li W; Su M; Lee EH,2023,2/24/23,https://pubmed.ncbi.nlm.nih.gov/36821721/,MMWR. Morbidity and mortality weekly report,10.15585/mmwr.mm7208a4,N/A,
36811598,"Direct and indirect mortality impacts of the COVID-19 pandemic in the United States, March 1, 2020 to January 1, 2022.",Lee WE; Woo Park S; Weinberger DM; Olson D; Simonsen L; Grenfell BT; Viboud C,2023,2/22/23,https://pubmed.ncbi.nlm.nih.gov/36811598/,eLife,10.7554/eLife.77562,"COVID-19 pandemic; age-specific excess mortality; direct and indirect pandemic impacts; epidemiology; global health; human; mortality from opioids, accidents, and homicides; respiratory mortality; time series models",
36797700,"Severe obesity and fitness in New York City public school youth, 2010-2018.",Neshteruk CD; Day SE; Konty KJ; Armstrong SC; Skinner AC; D'Agostino EM,2023,2/16/23,https://pubmed.ncbi.nlm.nih.gov/36797700/,BMC public health,10.1186/s12889-023-15267-w,Cardiovascular health; Children; Exercise; Fitness; Fitnessgram; Obesity; Pediatrics; Physical activity,
36549491,A 15-year follow-up study of mortality in a pooled cohort of World Trade Center rescue and recovery workers.,Li J; Hall CB; Yung J; Kehm RD; Zeig-Owens R; Singh A; Cone JE; Brackbill RM; Farfel MR; Qiao B; Schymura MJ; Shapiro MZ; Dasaro CR; Todd AC; Prezant DJ; Boffetta P,2023,2/15/23,https://pubmed.ncbi.nlm.nih.gov/36549491/,Environmental research,10.1016/j.envres.2022.115116,9/11; Cause of death; Mortality; Rescue and recovery workers; Terrorist attacks; World Trade Center (WTC),
36626187,"Pfizer-BioNTech Coronavirus Disease 2019 Vaccine Effectiveness Against Severe Acute Respiratory Syndrome Coronavirus 2 Infection Among Long-term Care Facility Staff With and Without Prior Infection in New York City, January-June 2021.",Peebles K; Arciuolo RJ; Romano AS; Sell J; Greene SK; Lim S; Mulready-Ward C; Ternier A; Badenhop B; Blaney K; Real JE; Spencer M; McPherson TD; Ahuja SD; Sullivan Meissner J; Zucker JR; Rosen JB,2023,2/14/23,https://pubmed.ncbi.nlm.nih.gov/36626187/,The Journal of infectious diseases,10.1093/infdis/jiac448,COVID-19 vaccine effectiveness; SARS-CoV-2 reinfection; long-term care facilities,
35723267,Delayed Recognition of Coronavirus Disease 2019 (COVID-19) in New York City: A Descriptive Analysis of COVID-19 Illness Prior to 29 February 2020.,Keating P; Sell J; Chen J; Ackelsberg J; Wu W; Tsoi B; Weiss D,2023,2/8/23,https://pubmed.ncbi.nlm.nih.gov/35723267/,Clinical infectious diseases : an official publication of the Infectious Diseases Society of America,10.1093/cid/ciac490,COVID-19; COVID-19 testing; New York City; pandemic; surveillance,
35594552,"Reduced Odds of Severe Acute Respiratory Syndrome Coronavirus 2 Reinfection After Vaccination Among New York City Adults, July 2021-November 2021.",Levin-Rector A; Firestein L; McGibbon E; Sell J; Lim S; Lee EH; Weiss D; Geevarughese A; Zucker JR; Greene SK,2023,2/8/23,https://pubmed.ncbi.nlm.nih.gov/35594552/,Clinical infectious diseases : an official publication of the Infectious Diseases Society of America,10.1093/cid/ciac380,COVID-19; Delta variant; SARS-CoV-2; reinfection; vaccination,
36724378,Facing the New Covid-19 Reality.,El-Sadr WM; Vasan A; El-Mohandes A,2023,2/2/23,https://pubmed.ncbi.nlm.nih.gov/36724378/,The New England journal of medicine,10.1056/NEJMp2213920,N/A,
36695725,Transnational Trans Woman Inspires and Informs Evidence-Informed Interventions.,Cruzado-Quiñones J; Huibregtse RC; Jordan AO,2023,2/1/23,https://pubmed.ncbi.nlm.nih.gov/36695725/,Journal of correctional health care : the official journal of the National Commission on Correctional Health Care,10.1089/jchc.21.11.0124,correctional health; evidence-informed intervention; implementation science; linkages to care; transitional care coordination,
36478134,Exploring Factors Affecting Patient-Provider Interactions and Healthcare Engagement Among a Diverse Sample of Women Who Have Sex with Women in New York City.,Rahman M; Fikslin RA; Matthews E; Vazquez Sanchez MA; Ahn GO; Kobrak PH; Lovinger ES; Golub SA,2023,2/1/23,https://pubmed.ncbi.nlm.nih.gov/36478134/,Archives of sexual behavior,10.1007/s10508-022-02478-2,Health engagement; LGBTQ health; Patient–provider interaction; Race; Sexual orientation; Women,
36459775,A process and impact evaluation of a peer-led HIV self-management program.,Feldman MB; Tran TT; Boucher LM; Abdelqader F; Raker AR; Hile SJ,2023,2/1/23,https://pubmed.ncbi.nlm.nih.gov/36459775/,Evaluation and program planning,10.1016/j.evalprogplan.2022.102175,HIV; Impact evaluation; Process evaluation; Program; Self-management,
36239980,"Posttraumatic stress disorder and functional impairment among World Trade Center Health Registry enrollees 14-15 years after the September 11, 2001, terrorist attacks.",Trivedi NU; Gargano LM; Brackbill RM; Jacobson MH,2023,2/1/23,https://pubmed.ncbi.nlm.nih.gov/36239980/,Journal of traumatic stress,10.1002/jts.22887,N/A,
35293833,Improving childhood asthma outcomes in East Harlem: the East Harlem Asthma Center of Excellence's Asthma Counselor Program.,Dreisbach N; Wang H; Campbell S; Correa H; Dickson T; Brown-Dudley L; Escoffery D; Evtimova T; Fonseca A; Myers C; Plasencia S; Manyindo N,2023,2/1/23,https://pubmed.ncbi.nlm.nih.gov/35293833/,The Journal of asthma : official journal of the Association for the Care of Asthma,10.1080/02770903.2022.2051543,Health equity; asthma control; children; intervention; program evaluation; social workers,
38076219,<i>Health Equity</i> Journal: Special Issue Guest Editorial.,Morse M; Joseph A; Ford C; Yearby R; Davis N,2023,1/1/23,https://pubmed.ncbi.nlm.nih.gov/38076219/,Health equity,10.1089/heq.2023.29038.mmo,N/A,
38046550,Continuity of Early Intervention Services in New York City During the COVID-19 Pandemic.,Kasamba S; McVeigh KH; Moraes A; Huang Y; Puffett N; Lednyak L,2023,1/1/23,https://pubmed.ncbi.nlm.nih.gov/38046550/,International journal of telerehabilitation,10.5195/ijt.2023.6553,COVID-19; Children with disabilities; Early intervention services; Health services research; Teletherapy,
37954043,"""Be honest and gain trust"": a population health study to understand the factors associated with building trust in local government related to COVID-19 and vaccination in three historically disinvested neighborhoods in New York City.",Shiman LJ; Diallo F; Nieves CI; Brooks B; Dannefer R; Dorvil S; Lejano M; Pierre J,2023,1/1/23,https://pubmed.ncbi.nlm.nih.gov/37954043/,Frontiers in public health,10.3389/fpubh.2023.1285152,COVID-19; local government; population health; trust; vaccines,
37905997,"Disruption of Healthcare in New York City During the COVID-19 Pandemic: Findings From Residents Living in North and Central Brooklyn, the South Bronx, and East and Central Harlem.",Dorvil S; Nieves C; Pierre J; Valdez J; Dannefer R; Shiman LJ; Diallo F,2023,1/1/23,https://pubmed.ncbi.nlm.nih.gov/37905997/,Journal of primary care & community health,10.1177/21501319231205992,COVID-19; NYC; community health; healthcare access; neighborhood,
37729332,Application of a life table approach to assess duration of BNT162b2 vaccine-derived immunity by age using COVID-19 case surveillance data during the Omicron variant period.,Sternberg MR; Johnson A; King J; Ali AR; Linde L; Awofeso AO; Baker JS; Bayoumi NS; Broadway S; Busen K; Chang C; Cheng I; Cima M; Collingwood A; Dorabawila V; Drenzek C; Fleischauer A; Gent A; Hartley A; Hicks L; Hoskins M; Jara A; Jones A; Khan SI; Kamal-Ahmed I; Kangas S; Kanishka F; Kleppinger A; Kocharian A; León TM; Link-Gelles R; Lyons BC; Masarik J; May A; McCormick D; Meyer S; Milroy L; Morris KJ; Nelson L; Omoike E; Patel K; Pietrowski M; Pike MA; Pilishvili T; Peterson Pompa X; Powell C; Praetorius K; Rosenberg E; Schiller A; Smith-Coronado ML; Stanislawski E; Strand K; Tilakaratne BP; Vest H; Wiedeman C; Zaldivar A; Silk B; Scobie HM,2023,1/1/23,https://pubmed.ncbi.nlm.nih.gov/37729332/,PloS one,10.1371/journal.pone.0291678,N/A,
37186110,"Cohort study of the mortality among patients in New York City with tuberculosis and COVID-19, March 2020 to June 2022.",Easton AV; Salerno MM; Trieu L; Humphrey E; Kaba F; Macaraig M; Dworkin F; Nilsen DM; Burzynski J,2023,1/1/23,https://pubmed.ncbi.nlm.nih.gov/37186110/,PLOS global public health,10.1371/journal.pgph.0001758,N/A,
37172065,"Homelessness and housing assistance among persons with HIV, and associations with HIV care and viral suppression, New York City 2018.",Wiewel EW; Zhong Y; Xia Q; Beattie CM; Brown PA; Farquhar PX; Rojas JF,2023,1/1/23,https://pubmed.ncbi.nlm.nih.gov/37172065/,PloS one,10.1371/journal.pone.0285765,N/A,
37134045,"Sodium content of menu items in New York City chain restaurants following enforcement of the sodium warning icon rule, 2015-2017.",Sisti JS; Prasad D; Niederman S; Mezzacca TA; Anekwe AV; Clapp J; Farley SM,2023,1/1/23,https://pubmed.ncbi.nlm.nih.gov/37134045/,PloS one,10.1371/journal.pone.0274648,N/A,
37093825,"Changes in consumer purchasing patterns at New York City chain restaurants following adoption of the sodium warning icon rule, 2015-2017.",Prasad D; Jasek JP; Anekwe AV; Dominianni C; Mezzacca TA; Sisti JS; Farley SM; Kessler K,2023,1/1/23,https://pubmed.ncbi.nlm.nih.gov/37093825/,PloS one,10.1371/journal.pone.0274044,N/A,
37018221,"Can changing neighborhoods influence mental health? An ecological analysis of gentrification and neighborhood-level serious psychological distress-New York City, 2002-2015.",Alroy KA; Cavalier H; Crossa A; Wang SM; Liu SY; Norman C; Sanderson M; Gould LH; Lim SW,2023,1/1/23,https://pubmed.ncbi.nlm.nih.gov/37018221/,PloS one,10.1371/journal.pone.0283191,N/A,
36989218,"Travel history among persons infected with SARS-CoV-2 variants of concern in the United States, December 2020-February 2021.",Dunajcik A; Haire K; Thomas JD; Moriarty LF; Springer Y; Villanueva JM; MacNeil A; Silk B; Nemhauser JB; Byrkit R; Taylor M; Queen K; Tong S; Lee J; Batra D; Paden C; Henderson T; Kunkes A; Ojo M; Firestone M; Martin Webb L; Freeland M; Brown CM; Williams T; Allen K; Kauerauf J; Wilson E; Jain S; McDonald E; Silver E; Stous S; Wadford D; Radcliffe R; Marriott C; Owes JP; Bart SM; Sosa LE; Oakeson K; Wodniak N; Shaffner J; Brown Q; Westergaard R; Salinas A; Hallyburton S; Ogale Y; Offutt-Powell T; Bonner K; Tubach S; Van Houten C; Hughes V; Reeb V; Galeazzi C; Khuntia S; McGee S; Hicks JT; Dinesh Patel D; Krueger A; Hughes S; Jeanty F; Wang JC; Lee EH; Assanah-Deane T; Tompkins M; Dougherty K; Naqvi O; Donahue M; Frederick J; Abdalhamid B; Powers AM; Anderson M,2023,1/1/23,https://pubmed.ncbi.nlm.nih.gov/36989218/,PLOS global public health,10.1371/journal.pgph.0001252,N/A,
36862506,The Role of a Tertiary Level Safety Net Hospital in New York City's 2022 Mpox Outbreak.,Lo Piccolo AJ; Wallach A; McPherson TD; Mgbako O; Fagan I; Pitts RA; Klinger A; Foote M; Garcia EA; Zucker JE; Chan J; Bails DB; Cohen GM; Tennill PA; Wong M; Mukherjee V,2023,1/1/23,https://pubmed.ncbi.nlm.nih.gov/36862506/,Health security,10.1089/hs.2022.0120,Diagnostic testing; Hospital preparedness/response; Monkeypox; Mpox; Patient-centered care; Special pathogen preparedness; Tecovirimat,
36701347,Assessing targeted invitation and response modes to improve survey participation in a diverse New York City panel: Healthy NYC.,Dasgupta S; Perlman SE; Levanon Seligson A; Dumas SE; Seil K; Bholanath T,2023,1/1/23,https://pubmed.ncbi.nlm.nih.gov/36701347/,PloS one,10.1371/journal.pone.0280911,N/A,
36533439,The World Trade Center Health Program: an introduction to best practices.,Calvert GM; Anderson K; Cochran J; Cone JE; Harrison DJ; Haugen PT; Lilly G; Lowe SM; Luft BJ; Moline JM; Reibman J; Rosen R; Udasin IG; Werth AS,2023,1/1/23,https://pubmed.ncbi.nlm.nih.gov/36533439/,Archives of environmental & occupational health,10.1080/19338244.2022.2156975,9/11; September 11; World Trade Center; adults; chemical exposure; chemical mixtures; clinical practice guideline; exposure; occupational diseases; quality; respiratory diseases; workers,
36377731,World Trade Center Health Program best practices for diagnosing and treating chronic obstructive pulmonary disease.,Cone JE; de la Hoz RE,2023,1/1/23,https://pubmed.ncbi.nlm.nih.gov/36377731/,Archives of environmental & occupational health,10.1080/19338244.2022.2146040,2001; Chronic bronchitis; World Trade Center Attack; chronic obstructive pulmonary disease; occupational lung disease; smoke inhalation injury,
36317297,"Comparative hospitalization risk for SARS-CoV-2 Omicron and Delta variant infections, by variant predominance periods and patient-level sequencing results, New York City, August 2021-January 2022.",Greene SK; Levin-Rector A; Kyaw NTT; Luoma E; Amin H; McGibbon E; Mathes RW; Ahuja SD,2023,1/1/23,https://pubmed.ncbi.nlm.nih.gov/36317297/,Influenza and other respiratory viruses,10.1111/irv.13062,COVID-19; SARS-CoV-2; epidemiology; hospitalization; informatics; public health; selection bias; whole genome sequencing,
36107389,Mortality after the 9/11 terrorist attacks among world trade center health registry enrollees with cancer.,Kehm RD; Li J; Takemoto E; Yung J; Qiao B; Farfel MR; Cone JE,2023,1/1/23,https://pubmed.ncbi.nlm.nih.gov/36107389/,Cancer medicine,10.1002/cam4.4992,9/11-disaster; PTSD; cancer; mortality; trauma,
35733292,Early intervention and special education in New York City: Patterns of service use and disparities affecting children of colour.,Romo ML; Jordan P; McVeigh KH; Chan PY; Stingone JA; Lim S; Askew GL,2023,1/1/23,https://pubmed.ncbi.nlm.nih.gov/35733292/,"Child: care, health and development",10.1111/cch.13024,infants and toddlers; kindergartners and early elementary; part C services; preschoolers; quantitative methods,
34969334,Years Since Diagnosis Among People Living With Diagnosed HIV in New York City.,Xia Q; Torian LV; Braunstein SL; Blackstock OJ,2023,1/1/23,https://pubmed.ncbi.nlm.nih.gov/34969334/,"Public health reports (Washington, D.C. : 1974)",10.1177/00333549211061325,HIV; New York City; diagnosis,
40402579,Fostering Community-Led Climate Action.,Watkins JL,2025,,https://pubmed.ncbi.nlm.nih.gov/40402579/,Journal of public health management and practice : JPHMP,10.1097/PHH.0000000000002172,N/A,
40262177,Creating a Probability Survey Panel for Population Health Research: The Experience of the NYC Health Panel.,Reardon L; Perlman SE; Dumas SE; Bholanath T; Chan PY; Crossa A; Dasgupta S; Gould LH; Kanneh N; Lejano M; Seligson AL; Lim S; Norvila N; Seil K; Shaheen T; Solomon A; Gwynn RC,2025,,https://pubmed.ncbi.nlm.nih.gov/40262177/,Journal of public health management and practice : JPHMP,10.1097/PHH.0000000000002160,epidemiology; population health; survey methodology; survey panel; surveys,
39964184,Evaluating a User-centered Redesign of the NYC Environment and Health Data Portal Website.,Montesano M; Gettings C; Torem E,2025,,https://pubmed.ncbi.nlm.nih.gov/39964184/,Journal of public health management and practice : JPHMP,10.1097/PHH.0000000000002136,data communication; data visualization; evaluation; public health; usability,
39680744,Advancing Public Health Interventions: A Novel Surveillance System for Hazardous Consumer Products.,Nam YS; Alex-Oni K; Fitzstevens M; Patel K; Hore P,2025,,https://pubmed.ncbi.nlm.nih.gov/39680744/,Journal of public health management and practice : JPHMP,10.1097/PHH.0000000000002092,N/A,
39413771,Validation of a Simplified Laboratory-Based HCV Clearance Definition Using New York City Hepatitis C Program and Surveillance Data.,Hwang CS; Montgomery MP; Diaz Munoz DI; Yin S; Teshale EH; Bocour A,2025,,https://pubmed.ncbi.nlm.nih.gov/39413771/,Journal of public health management and practice : JPHMP,10.1097/PHH.0000000000002077,N/A,
39041762,Late Identification of Perinatal Transmission of HIV in an Infant at High Risk.,O'Grady TJ; Kaufman S; Stolz A; Styer LM; Haskin L; Suresh P; Ryman NL; Shah D; Sullivan TJ; Torian L; Gonzalez C; Parker MM; Swain CA,2025,,https://pubmed.ncbi.nlm.nih.gov/39041762/,Journal of public health management and practice : JPHMP,10.1097/PHH.0000000000001976,N/A,
39041752,Engaging Nonphysician Staff in Practice Facilitation-Mediated Quality Improvement to Improve Health Outcomes in Under-Resourced Clinical Practices in New York City.,De Leon S; Tabaei BP; Glenn L; Das S; Fana E; Pham-Singer H,2025,,https://pubmed.ncbi.nlm.nih.gov/39041752/,Journal of public health management and practice : JPHMP,10.1097/PHH.0000000000001924,N/A,
38989883,Using Civic Service Design Methods to Redevelop a Data Communication Website With a Health Literacy Lens.,Montesano M; Porter M; Olson C; Gettings C; Torem E; Pezeshki G,2025,,https://pubmed.ncbi.nlm.nih.gov/38989883/,Journal of public health management and practice : JPHMP,10.1097/PHH.0000000000001912,N/A,
38870366,Practice Facilitation and Clinical Performance Feedback Using the Electronic Health Record Improved Blood Pressure and Cholesterol Management in Small Primary Care Practices in New York City.,Tabaei BP; De Leon S; Glenn L; Pham-Singer H,2025,,https://pubmed.ncbi.nlm.nih.gov/38870366/,Journal of public health management and practice : JPHMP,10.1097/PHH.0000000000001895,N/A,
37874972,Using Public Health Detailing to Increase Access and Confidence in COVID-19 Vaccines and Reinvest in Disproportionately Impacted NYC Communities.,Shabbat N; Dresser MG; Petrsoric LJ; Bhatnagar Ansari A; Morse ME,2025,,https://pubmed.ncbi.nlm.nih.gov/37874972/,Journal of public health management and practice : JPHMP,10.1097/PHH.0000000000001819,N/A,
37290128,"Integrating Contact Tracers Into Point-of-Care Testing Workflow to Accelerate the Tracing of People With Exposure to COVID-19, August-December 2020, New York City.",Udeagu CN; Gbedemah M; Pitiranggon M; Feldman S; Cordoba E; Goldenberg S; Keeley C; Blaney K; Vora NM; Long T,2025,,https://pubmed.ncbi.nlm.nih.gov/37290128/,Journal of public health management and practice : JPHMP,10.1097/PHH.0000000000001748,N/A,
36943404,"Clustering of SARS-CoV-2 in Households in New York City: A Building-Level Analysis, March-December 2020.",Gulley C; Kepler KL; Ngai S; Waechter H; Fitzhenry R; Thompson CN; Fine A; Reddy V,2025,,https://pubmed.ncbi.nlm.nih.gov/36943404/,Journal of public health management and practice : JPHMP,10.1097/PHH.0000000000001728,N/A,
36943341,Collateral Impacts of the COVID-19 Pandemic: The New York City Experience.,Davies EG; Gould LH; Le K; Helmy H; Lall R; Li W; Mathes R; Levanon Seligson A; Van Wye G; Chokshi DA,2025,,https://pubmed.ncbi.nlm.nih.gov/36943341/,Journal of public health management and practice : JPHMP,10.1097/PHH.0000000000001701,N/A,
36715600,PH WINS: A Fundamental Resource for Workforce Development.,Meredith G; Blake J,2025,,https://pubmed.ncbi.nlm.nih.gov/36715600/,Journal of public health management and practice : JPHMP,10.1097/PHH.0000000000001710,N/A,
36448749,Operationalizing PH WINS 2021: Pathways to Resilience for Public Health.,Shaff J; Ray M; Bleus T,2025,,https://pubmed.ncbi.nlm.nih.gov/36448749/,Journal of public health management and practice : JPHMP,10.1097/PHH.0000000000001668,N/A,
36112356,"Data for Equity: Creating an Antiracist, Intersectional Approach to Data in a Local Health Department.",Gould LH; Farquhar SE; Greer S; Travers M; Ramadhar L; Tantay L; Gurr D; Baquero M; Vasquez A,2025,,https://pubmed.ncbi.nlm.nih.gov/36112356/,Journal of public health management and practice : JPHMP,10.1097/PHH.0000000000001579,N/A,
41825354,Using drug checking data to model the relationship between the prevalence of fentanyl and xylazine to drug overdose deaths in New York City.,Sauer J; Estrada Y; Gomez LD; Zaidi I; Okon B; Helmy H; Tuazon E,2026,5/1/26,https://pubmed.ncbi.nlm.nih.gov/41825354/,The International journal on drug policy,10.1016/j.drugpo.2026.105206,Drug Supply Monitoring; Drug checking; Drug overdose; Generalized Additive Models; Harm reduction; Surveillance,
41716295,U.S. Health department roles and challenges in conducting contact evaluation for tuberculosis aircraft contact investigations.,Swisher S; Salerno MM; Gertz A; Toren KG; Gearhart S; Wang SH; Weigelt D; Young L; Zaborowski E; Squire EF; Hercules Y; Wegener DH; Mase S,2026,5/1/26,https://pubmed.ncbi.nlm.nih.gov/41716295/,Journal of clinical tuberculosis and other mycobacterial diseases,10.1016/j.jctube.2026.100589,Air travel; Border health; Health security; Tuberculosis contact investigation; Tuberculosis transmission risk,
42026518,"Dietary behaviors, lifestyle habits, food insecurity risk and depressive symptoms among New York City adolescents: a cross-sectional study.",Jackson J; Conigliaro T; Fenlon J; Solomon E; A Dowling E; Dreisbach N; Hamwey M,2026,4/23/26,https://pubmed.ncbi.nlm.nih.gov/42026518/,BMC pediatrics,10.1186/s12887-026-06819-1,Dietary behaviors; Food insecurity risk; Lifestyle habits; New York City; Self-reported depressive symptoms; Students,
41990278,Age Adjustment in Racial Disparity Analyses.,Xia Q; Torian LV; Edelstein ZR,2026,4/16/26,https://pubmed.ncbi.nlm.nih.gov/41990278/,American journal of public health,10.2105/AJPH.2026.308515,N/A,
41979329,"Electrical power outages and asthma-related emergency department visits in New York City, 2018-2022.",Flores NM; Rudolph KE; Spira-Cohen A; Walters S; Do V; Northrop AJ; Hernández D; Lovinsky-Desir S; Perzanowski MS; Casey JA,2026,4/14/26,https://pubmed.ncbi.nlm.nih.gov/41979329/,"Epidemiology (Cambridge, Mass.)",10.1097/EDE.0000000000001991,asthma exacerbations; climate change; energy justice; housing and health; power outages,
41785680,Does human papillomavirus vaccination status differ by disability status in New York city public schools?,Lyons AJ; Mhatre MM; Argenio K; Day S; Ternier A; McDermott S; Jones HE,2026,4/11/26,https://pubmed.ncbi.nlm.nih.gov/41785680/,Vaccine,10.1016/j.vaccine.2026.128404,Autism; Developmental disability; Intellectual disability; Vaccination,
41962141,Emergence of Medetomidine in New York's Illicit Drug Supply.,Angles JS; Zamboni LM; Sauer J; Fallico M; Dominguez-Gomez L; Delvecchio A; Helmy H; Reinicke S; Zaidi I; Okon B; Tuazon E; Cooper G; Linn-Walton R; Holtgrave DR,2026,4/10/26,https://pubmed.ncbi.nlm.nih.gov/41962141/,NEJM evidence,10.1056/EVIDpha2600045,N/A,
41944558,Antiracism Pedagogy in Medical Education.,Abbasi H; Fleuristal J; Legros NC; Eyssallenne AP,2026,4/9/26,https://pubmed.ncbi.nlm.nih.gov/41944558/,The New England journal of medicine,10.1056/NEJMp2602091,N/A,
41920471,"National HIV Behavioral Surveillance Among Women of Transgender Experience and Transfeminine People in Nine Cities in the United States, 2023-2024.",Al-Tayyib A; Glick SN; Wilson EC; Olsson T; Rivera AV; Ma Y; Leonard CM; Nassau T; Barak N; McFarland W,2026,4/1/26,https://pubmed.ncbi.nlm.nih.gov/41920471/,AIDS and behavior,10.1007/s10461-026-05116-3,Behavioral factors; HIV; Prevention; Transfeminine; Transgender,
41918451,Blood Lead Levels ≥ 45 mcg/dL in Pregnancy: An Observational Study.,Trim A; Ehrlich J; Sedlar S,2026,4/1/26,https://pubmed.ncbi.nlm.nih.gov/41918451/,BJOG : an international journal of obstetrics and gynaecology,10.1111/1471-0528.70220,ayurvedic remedies; blood lead level; chelation; lead poisoning in pregnancy; pica,
41748129,Addressing Unintended Teen Pregnancy Through Reproductive Health Service Delivery by School Nurses and Physicians.,Fisher R; Haller PS; Danza P; Collier KL; Tiezzi L,2026,4/1/26,https://pubmed.ncbi.nlm.nih.gov/41748129/,The Journal of school health,10.1111/josh.70080,contraception; program evaluation; reproductive health; school nursing; teenagers,
41618638,Measurement and Correlates of Peer Social Support During Brief Psychiatric Treatment: The Fellow Travelers in Treatment Scale.,Peckham AD; Winer JP; Dattolico DB; Björgvinsson T; Beard C,2026,4/1/26,https://pubmed.ncbi.nlm.nih.gov/41618638/,Journal of clinical psychology,10.1002/jclp.70086,partial hospitalization; peer support; social connection; social contact; social support,
41449496,Integrating Hepatitis C Virus Services for People Who Use Drugs into Inpatient Substance Use Disorder Treatment Programs Via Telehealth.,Riazi F; Green C; Smalls S; Hunter A; Diaz Munoz D; Fuseau I; Giardina M; Herrera J; Idlett R; Khatun U; Kutscher E; Weiss JJ,2026,4/1/26,https://pubmed.ncbi.nlm.nih.gov/41449496/,Telemedicine journal and e-health : the official journal of the American Telemedicine Association,10.1177/15305627251406807,People Who Inject Drugs (PWID); community health worker; hepatitis C virus (HCV); homelessness; inpatient substance use treatment; telehealth; telemedicine,
41261884,Piloting a Point-of-Care Drug-Checking Service at Syringe Service Programs in New York City.,Estrada Y; Helmy HL; Jordan AE; Trinidad AJ; Dominguez Gomez L; Zaidi I; Sauer J; Harocopos A,2026,4/1/26,https://pubmed.ncbi.nlm.nih.gov/41261884/,Substance use & addiction journal,10.1177/29767342251376805,Fourier-transform infrared; drug checking; drug overdose; harm reduction; spectroscopy,
40184265,Worker and Restaurant Characteristics Associated with Food Safety Culture: An Environmental Health Specialists Network Study.,Kramer AJ; Hedeen N; Viveiros B; DiPrete L; Irving DJ; Nicholas DC; McKelvey W; Monroy JA; Tuttle J; Brown LG,2026,4/1/26,https://pubmed.ncbi.nlm.nih.gov/40184265/,Foodborne pathogens and disease,10.1089/fpd.2024.0132,food safety culture; food safety management systems; restaurant food safety,
41910950,Health Care Providers' Reported Barriers to Pre-Exposure Prophylaxis Initiation Among Cisgender Women.,Goldberg AJ; Flores RA; Desir A; Hickmon M; Ball T; Purtle J; Operario D; Golub SA; Price DM; Pellowski JA,2026,3/30/26,https://pubmed.ncbi.nlm.nih.gov/41910950/,Health education & behavior : the official publication of the Society for Public Health Education,10.1177/10901981261435602,HIV; health care; pre-exposure prophylaxis; sexual health; women’s health,
41889251,"Evaluation of the Newborn Metabolic Screening Form for Surveillance of Postpartum Patients for Hepatitis B Infection in New York City, 2019-2022.",Matalka O; Lazaroff J; Rosen JB; Arciuolo RJ,2026,3/27/26,https://pubmed.ncbi.nlm.nih.gov/41889251/,"Public health reports (Washington, D.C. : 1974)",10.1177/00333549261429354,hepatitis B; perinatal; surveillance,
41899770,Post-Traumatic Growth and Quality of Life Among World Trade Center Health Registry Enrollees 16 Years After 9/11.,Alper HE; Feliciano L; Millien L; Pollari C; Locke S,2026,3/20/26,https://pubmed.ncbi.nlm.nih.gov/41899770/,International journal of environmental research and public health,10.3390/ijerph23030393,9/11; SF-12; World Trade Center; mental function; physical function; post-traumatic growth; quality of life,
41865710,"The reach, effectiveness, implementation, and maintenance of a New York City harm reduction program enrolling priority populations who use meth, 2017-2022.",Reynolds C; Montero N; Ramsdell E; Silva F; Knox J; Irvine M; Rodriguez-Hart C,2026,3/18/26,https://pubmed.ncbi.nlm.nih.gov/41865710/,Drug and alcohol dependence,10.1016/j.drugalcdep.2026.113134,Evaluation; HIV/AIDS; Harm reduction; Implementation science; Methamphetamine; RE-AIM,
41840620,Whole genome sequencing for Mycobacterium tuberculosis in public health responses: a review of current practice and enablers in select low-incidence jurisdictions.,Denholm JT; de Vries G; Anthony R; Robinson E; Backx M; Laurenson IF; Seagar AL; Trieu L; Modestil H; Meissner JS; Ng DHL; Tay JY; Marais BJ; Sintchenko V; Lee R; Donnan EJ,2026,3/17/26,https://pubmed.ncbi.nlm.nih.gov/41840620/,BMC public health,10.1186/s12889-026-26979-0,Cluster analysis; Computational biology; Genomics; Mycobacterium tuberculosis; Policy making; Public health,
40069944,Modeling the impact of vaccine dose prioritization strategies during the 2022 mpox outbreak.,Clay PA; Pollock ED; Saldarriaga EM; Pathela P; Macaraig M; Zucker JR; Crouch B; Kracalik I; Spicknall IH,2026,3/17/26,https://pubmed.ncbi.nlm.nih.gov/40069944/,American journal of epidemiology,10.1093/aje/kwaf054,JYNNEOS; STI; epidemic; mathematical modeling; mpox; network; vaccination,
41801177,Wait Time Modifications for Black Transplant Candidates Affected by Race-Based Kidney Function Estimation.,Khazanchi R; Fleishman A; Eneanya ND; Michelson KA; Diao JA; Morse M; Pavlakis M,2026,3/9/26,https://pubmed.ncbi.nlm.nih.gov/41801177/,JAMA internal medicine,10.1001/jamainternmed.2026.0001,N/A,
41776118,"Factors Associated with Mpox Vaccination Uptake Among Women of Transgender Experience and Transfeminine People in New York City, 2024.",Rivera AV; Rodriguez K; Shelton M; Edelstein Z,2026,3/3/26,https://pubmed.ncbi.nlm.nih.gov/41776118/,AIDS and behavior,10.1007/s10461-026-05090-w,HIV; Mpox; Vaccine; Women of transgender experience,
41847584,The return on investment of TB contact tracing in New York City.,Goldwater J; Harris Y; Neustrom K; Trieu L; Chuck C; Gao L,2026,3/1/26,https://pubmed.ncbi.nlm.nih.gov/41847584/,Public health action,10.5588/pha.25.0054,TBI; cost-effectiveness; public health infrastructure; tuberculosis,
41649417,Childhood Sleep Duration and Academic Achievement: Effect Modification of Sociodemographic and Environmental Factors.,Cheon YM; Lorenzo KB; Deng WQ; Seligson AL; Yip T,2026,3/1/26,https://pubmed.ncbi.nlm.nih.gov/41649417/,"Child: care, health and development",10.1111/cch.70243,academic achievement; childhood sleep duration; sociodemographic and environmental factors,
41619826,Effect of World Trade Center Health Program on mortality among 9/11 responders.,Parvin A; Kehm RD; Qiao B; Cone JE; Farfel MR; Zeig-Owens R; Goldfarb DG; Shapiro MZ; Todd AC; Insaf T; Hall CB; Boffetta P; Li J,2026,3/1/26,https://pubmed.ncbi.nlm.nih.gov/41619826/,Annals of epidemiology,10.1016/j.annepidem.2026.01.014,9/11 responders; Mortality; Specific cause of death; Terrorist attacks; WTC Health Program; World Trade Center (WTC),
41539059,"Serious psychological distress, unmet mental health treatment needs, and help-seeking among Asian American adults in New York City: A population-based study.",Vu TT; Lian Z; Ngo VK; Suss R; Caton JA; Norman C,2026,3/1/26,https://pubmed.ncbi.nlm.nih.gov/41539059/,Social science & medicine (1982),10.1016/j.socscimed.2026.118931,Asian Americans; Help-seeking; Mental health; New York City; Psychosocial factors; Serious psychological distress; Unmet needs,
41461023,Public health surveillance and outbreak preparedness for mpox.,Pathela P; Nagao K; Braunstein S,2026,3/1/26,https://pubmed.ncbi.nlm.nih.gov/41461023/,Current opinion in HIV and AIDS,10.1097/COH.0000000000001005,mpox outbreak preparedness; mpox surveillance; mpox surveillance systems,
41382990,Relationship between patient-rated cleanliness and <i>Clostridioides difficile</i> standardized infection ratios in U.S. medicare-certified hospitals.,Rocca AG; Greendyke WG; Furuya EY; Freedberg DE,2026,3/1/26,https://pubmed.ncbi.nlm.nih.gov/41382990/,Infection control and hospital epidemiology,10.1017/ice.2025.10336,N/A,
40934520,"Mpox Among Pregnant Women and Their Infants in the U.S. Outbreak, 2022-2023.",Roth NM; Hutcherson HM; Davis KM; Nguyen K; Oh H; Newton SM; Neelam V; Olsen EO; Merriweather A; Willabus T; Halai UA; Lee G; Chou J; Ricketts E; Aveni K; Shinall A; Sokale A; Tori M; Devasia R; McCollum AM; Shelus V; Yu PA; Yu Y; Tong VT; Fountain A; Meaney-Delman D,2026,3/1/26,https://pubmed.ncbi.nlm.nih.gov/40934520/,Obstetrics and gynecology,10.1097/AOG.0000000000006072,N/A,
41761719,Trends in Active Tuberculosis Cases Diagnosed in New York City During the COVID-19 Pandemic.,Bamforth EG; Jordan HT; Trieu L,2026,2/28/26,https://pubmed.ncbi.nlm.nih.gov/41761719/,"Public health reports (Washington, D.C. : 1974)",10.1177/00333549261420093,SARS-CoV-2; TB; delayed diagnosis; disease severity; tuberculosis epidemiology,
41014593,(Un)masking Tuberculosis.,Burzynski JN; Schluger NW,2026,2/25/26,https://pubmed.ncbi.nlm.nih.gov/41014593/,Clinical infectious diseases : an official publication of the Infectious Diseases Society of America,10.1093/cid/ciaf528,effective; intervention; isolation; transmission; tuberculosis,
41721145,School-Based Health Centers and Use of Effective Contraception among Sexually Active Female Teens in NYC Public High Schools.,Fisher R; Danza P; Collier KL; Tiezzi L,2026,2/20/26,https://pubmed.ncbi.nlm.nih.gov/41721145/,Journal of urban health : bulletin of the New York Academy of Medicine,10.1007/s11524-025-01037-z,Contraception; Long-acting reversible contraception; Program evaluation; School-based health centers; Teens,
41757214,HIV Treatment and Program Preferences Among Ryan White Clients in New York City in the Era of Long-Acting Injectable ART: A Discrete Choice Experiment.,Zimba R; Kelvin EA; Kulkarni S; Carmona J; Avoundjian T; Emmert C; Peterson M; Irvine M; Nash D,2026,2/16/26,https://pubmed.ncbi.nlm.nih.gov/41757214/,medRxiv : the preprint server for health sciences,10.64898/2026.02.13.26346257,HIV; New York City; antiretroviral therapy; discrete choice experiment; long-acting injectable; medical case management,
41232690,"Adverse childhood experiences, exposure to the World Trade Center attacks, and chronic symptoms of depression, PTSD, and unhealthy drinking.",Parcesepe AM; Sanborn J; Sisti JS; Metzler J,2026,2/15/26,https://pubmed.ncbi.nlm.nih.gov/41232690/,Journal of affective disorders,10.1016/j.jad.2025.120671,Adverse childhood events; Alcohol; Depression; Mental health; PTSD; Trauma,
41668330,Purchases of toddler formula in the USA: 17 years of household demographics and spending.,Kaidbey JH; Kuttamperoor JT; Sharkey AL; Dowling EA; Conigliaro T; Sylvetsky AC,2026,2/11/26,https://pubmed.ncbi.nlm.nih.gov/41668330/,Public health nutrition,10.1017/S1368980026102055,Child nutrition; Sugary beverages; Toddler drink; Toddler formula; Toddler milk,
40358245,"""I Didn't Know Him Before the Pandemic… Now He's on My Speed Dial"": Strengthening Collaboration Between Infectious Diseases Physicians and State and Local Public Health for Future Public Health Emergencies.",Valencia D; Edwards L; Horter L; Turner H; Kaur M; Vaidya M; Johnson T; Briggs E; Wollins D; Phua S; Chen AY; Felt-Lisk S; Werbel WA; Kim AI; Lim S; Lynch JB; Foote MMK; Wiley Z; Vaishampayan J; Patel P; Santibañez S,2026,2/9/26,https://pubmed.ncbi.nlm.nih.gov/40358245/,Clinical infectious diseases : an official publication of the Infectious Diseases Society of America,10.1093/cid/ciaf179,collaboration; infectious diseases; infectious diseases experts; preparedness; public health emergencies,
41652385,"New York City Neighborhood Wellness Survey: an expansive population-level behavioral health assessment of New York City residents, 2023.",Tuazon E; Millington M; Balasubramanian S; Harocopos A; Norman C; Fleary S,2026,2/6/26,https://pubmed.ncbi.nlm.nih.gov/41652385/,BMC public health,10.1186/s12889-026-26457-7,Mental health; Population surveys; Substance use,
41632368,The Critical Role of Community-Based National HIV Behavioral Surveillance in the United States' Response to HIV.,Glick SN; Al-Tayyib A; Wilson EC; McFarland W; Lipira L; Kuo I; German D; Leonard C; Mgbere O; Rivera AV; Sey EK; Wermuth PP,2026,2/3/26,https://pubmed.ncbi.nlm.nih.gov/41632368/,AIDS and behavior,10.1007/s10461-025-05027-9,N/A,
41661596,Early Intervention Developmental Programming and Childhood Academic Outcomes.,Stingone JA; McVeigh KH; Lednyak L,2026,2/2/26,https://pubmed.ncbi.nlm.nih.gov/41661596/,JAMA network open,10.1001/jamanetworkopen.2025.55890,N/A,
41649817,Peer Navigator Intervention and Opioid-Related Adverse Events for Emergency Department Patients: A Randomized Clinical Trial.,Doran KM; Welch AE; Kepler KL; Jeffers A; Chambless D; Cowan E; Wittman I; Regina A; Siu K; Bailey VS; Rostam-Abadi Y; Kennedy J; Kunins HV; Gwadz M; Shelley D; Cleland CM; McNeely J,2026,2/2/26,https://pubmed.ncbi.nlm.nih.gov/41649817/,JAMA network open,10.1001/jamanetworkopen.2025.55903,N/A,
41611990,Considerations of HIV PrEP Among Heterosexually Active Women and Men: Results from a Qualitative Study in New York City.,Meunier É; Ávila A; Kobrak P,2026,2/1/26,https://pubmed.ncbi.nlm.nih.gov/41611990/,Archives of sexual behavior,10.1007/s10508-025-03303-2,HIV/AIDS; Heterosexuality; Pre-Exposure Prophylaxis (PrEP); Sexual orientation,
41420992,Public reporting guidelines for outbreak data: Enabling accountability for effective outbreak response by developing standards for transparency and uniformity.,Grégoire V; Zhu AW; Brown CM; Brownstein JS; Cardo D; Cumming F; Danila R; Donnelly CA; Duchin JS; Fill MA; Fullerton K; Funk S; George D; Hopkins S; Kraemer MUG; Layton M; Lessler J; Lynfield R; McCaw JM; McPherson TD; Moore Z; Morgan O; Riley S; Rosenfeld R; Samoff E; Schaffner W; Shaffner J; Sturm R; Terashita D; Walke H; Washington RE; Rivers CM,2026,2/1/26,https://pubmed.ncbi.nlm.nih.gov/41420992/,Public health,10.1016/j.puhe.2025.106102,Data reporting; Epidemic; Outbreak; Public reporting; Reporting guidelines; Reporting standards,
41157825,"Probable posttraumatic stress disorder related to the September 11, 2001, terrorist attacks and self-inflicted injury-related hospitalizations and emergency department visits.",Locke S; Sisti J; Takemoto E; Seil K; Pollari C; Cone JE; Li J,2026,2/1/26,https://pubmed.ncbi.nlm.nih.gov/41157825/,Journal of traumatic stress,10.1002/jts.70023,N/A,
41646655,Synonymous substitution rate slowdown preceding the emergence of SARS-CoV-2 variants and during persistent infections.,Havens JL; Gangavarapu K; Wang JC; Taki F; Luoma E; Pekar JE; Amin H; Lonardo SD; Omoregie E; Hughes S; Andersen KG; Vasylyeva TI; Suchard MA; Wertheim JO,2026,1/28/26,https://pubmed.ncbi.nlm.nih.gov/41646655/,medRxiv : the preprint server for health sciences,10.64898/2026.01.26.26344861,N/A,
41646818,The HIV-treatment-as-prevention adoption cascade among U.S. men and gender-minority individuals who have sex with men.,Meunier É; Sauermilch D,2026,1/22/26,https://pubmed.ncbi.nlm.nih.gov/41646818/,medRxiv : the preprint server for health sciences,10.64898/2026.01.19.26344396,"HIV; Health Knowledge, Attitudes, Practice; Health Surveys; Precaution Adoption Process Model; Sexual and Gender Minorities; Treatment as Prevention; United States",
41569263,"Improvement and disparities in sustained viral suppression among people with HIV in New York City, 2014-2023.",Salim MS; Manandhar-Sasaki P; Bertolino D; Torian LV; Xia Q,2026,1/22/26,https://pubmed.ncbi.nlm.nih.gov/41569263/,AIDS care,10.1080/09540121.2025.2600648,HIV; New York City; SDG 10: reduced inequalities; SDG 3: good health and well-being; SDG 5: gender equality; disparity; viral load,
42038618,"Inappropriate antibiotic prescribing for acute respiratory illnesses in outpatient settings in New York City, 2019-2022.",Santiago CN; Devinney K; Kratz MM; Mantell E; Cave E; Alroy KA; Greendyke WG; Burton N,2026,1/1/26,https://pubmed.ncbi.nlm.nih.gov/42038618/,Antimicrobial stewardship & healthcare epidemiology : ASHE,10.1017/ash.2026.10351,N/A,
41788529,"Trends in 4th-12th grade students' aerobic capacity and muscular strength and endurance: New York City public school students, 2006-2019.",Day S; Nguyen C; Argenio K; Konty K; Dougan SS; D'Agostino E; Neshteruk CD; Wagner BE; Thompson HR,2026,1/1/26,https://pubmed.ncbi.nlm.nih.gov/41788529/,Frontiers in public health,10.3389/fpubh.2026.1682913,cardiorespiratory fitness (CRF); elementary students; muscular endurance; muscular strength; secondary students,
41779936,How do we promote methadone and buprenorphine initiation among people with opioid use disorder?,Welch A; Tuazon E; Mantha S,2026,1/1/26,https://pubmed.ncbi.nlm.nih.gov/41779936/,The American journal of drug and alcohol abuse,10.1080/00952990.2026.2639477,Buprenorphine; low threshold treatment; medication for opioid use disorder; methadone,
41538396,From law enforcement to public safety: Police officer experiences of naloxone administration to reverse opioid overdose in New York City.,Allen B; Harocopos A,2026,1/1/26,https://pubmed.ncbi.nlm.nih.gov/41538396/,PloS one,10.1371/journal.pone.0341062,N/A,
41442976,"Longitudinal study of smoking cessation among World Trade Center Health Registry enrollees, 2003-2021.",Sirbu L; Sisti JS; Cone JE,2026,1/1/26,https://pubmed.ncbi.nlm.nih.gov/41442976/,Drug and alcohol dependence,10.1016/j.drugalcdep.2025.113010,"9/11; PTSD; Post-traumatic stress disorder; Smoking; Smoking cessation; World Trade, Center",
41380170,Impact of a Revised Ryan White Part A HIV Care Coordination Program on Viral Suppression and Durable Viral Suppression.,Avoundjian T; Robertson MM; Abdelqader F; Braunstein SL; Nash D; Irvine MK,2026,1/1/26,https://pubmed.ncbi.nlm.nih.gov/41380170/,Journal of acquired immune deficiency syndromes (1999),10.1097/QAI.0000000000003768,HIV; care coordination; medical case management; viral suppression,
41351927,"A descriptive study of drug overdose epidemics, overdose prevention efforts, and opioid settlement fund distribution across six states.",Li Z; Chiddawar TV; Shaw LC; Dennis A; Lieberman A; Kingsepp A; Trinidad AJ; Tuazon E; Welch AE; Chatterjee A; Schackman BR; Enns EA; Walley AY; Green TC; Wagner KD; Winograd RP; Behrends CN; Crable EL; Marshall BDL; Zang X,2026,1/1/26,https://pubmed.ncbi.nlm.nih.gov/41351927/,The International journal on drug policy,10.1016/j.drugpo.2025.105100,Drug overdose; Drug paraphernalia laws; Harm reduction; Naloxone access laws; Opioid settlements,
41277010,"Characteristics of Inpatient Admission for Mpox Infection Control Isolation at 2 Large New York City Health Systems, 2022-2023.",DiLorenzo MA; Lo Piccolo A; Butler DS; Jano K; Oberoi A; Mansuri A; Nauth M; Bratu S; Meissner JS; Foote MMK; Mukherjee V; Postelnicu R; Chan J,2026,1/1/26,https://pubmed.ncbi.nlm.nih.gov/41277010/,"Public health reports (Washington, D.C. : 1974)",10.1177/00333549251385983,disease outbreaks; emerging infectious diseases; hospitalization; infection control; mpox,
41100804,"Opioid Overdose Mortality Among Patients Receiving a Peer-Delivered, Emergency Department-Based Nonfatal Opioid Overdose Intervention in New York City, 2017-2022.",Kepler KL; Welch AE; Tuazon E; Chambless D; Kennedy J; Jeffers A,2026,1/1/26,https://pubmed.ncbi.nlm.nih.gov/41100804/,American journal of public health,10.2105/AJPH.2025.308270,N/A,
41538401,Embedding Racial Equity in a Health Access Campaign in New York City: The Importance of Tailored Engagement.,Hyland J; Cohodes M; Glenn L; De Leon S; Shakya S; Herrera E,,-2,https://pubmed.ncbi.nlm.nih.gov/41538401/,Journal of public health management and practice : JPHMP,10.1097/PHH.0000000000002320,cultural beliefs; health communications; health insurance; racial equity,
,The Associations Between Sensitivity and Specificity With Prevalence in Data Matching.,Xia Q; Seil K; Manandhar-Sasaki P; Bertolino D; Mara V; Torian LV; Li W,2026,2026-05-05,https://pubmed.ncbi.nlm.nih.gov/42085690/,Journal of public health management and practice : JPHMP,10.1097/PHH.0000000000002355,data matching; prevalence; sensitivity; specificity,42085690
,Emergence of Medetomidine in New York's Illicit Drug Supply.,Angles JS; Zamboni LM; Sauer J; Fallico M; Dominguez-Gomez L; Delvecchio A; Helmy H; Reinicke S; Zaidi I; Okon B; Tuazon E; Cooper G; Linn-Walton R; Holtgrave DR,2026,2026-05-01,https://pubmed.ncbi.nlm.nih.gov/41962141/,NEJM evidence,10.1056/EVIDpha2600045,N/A,41962141
,Using drug checking data to model the relationship between the prevalence of fentanyl and xylazine to drug overdose deaths in New York City.,Sauer J; Estrada Y; Gomez LD; Zaidi I; Okon B; Helmy H; Tuazon E,2026,2026-05-01,https://pubmed.ncbi.nlm.nih.gov/41825354/,The International journal on drug policy,10.1016/j.drugpo.2026.105206,Drug Supply Monitoring; Drug checking; Drug overdose; Generalized Additive Models; Harm reduction; Surveillance,41825354
,U.S. Health department roles and challenges in conducting contact evaluation for tuberculosis aircraft contact investigations.,Swisher S; Salerno MM; Gertz A; Toren KG; Gearhart S; Wang SH; Weigelt D; Young L; Zaborowski E; Squire EF; Hercules Y; Wegener DH; Mase S,2026,2026-05-01,https://pubmed.ncbi.nlm.nih.gov/41716295/,Journal of clinical tuberculosis and other mycobacterial diseases,10.1016/j.jctube.2026.100589,Air travel; Border health; Health security; Tuberculosis contact investigation; Tuberculosis transmission risk,41716295
,"Repeat Gonorrhea Diagnosis Rates and Associated Characteristics, STI Surveillance Network, 2016-2022.",Schumacher CM; Fernando R; Rampe T; Klingler EJ; Nguyen TQ; Amiya RM,2026,2026-05-01,https://pubmed.ncbi.nlm.nih.gov/41439759/,Sexually transmitted diseases,10.1097/OLQ.0000000000002289,N/A,41439759
,Menu Changes Under NYC's Revised Food Standards Were Associated With A Reduction In Greenhouse Gas Emissions.,Moore ERH; Moran AJ; Stadler L; Solomon E; Angell SY; Neff RA,2026,2026-05-01,https://pubmed.ncbi.nlm.nih.gov/42081764/,Health affairs (Project Hope),10.1377/hlthaff.2025.01669,N/A,42081764
,Social determinants of health and recommended A1C monitoring among women with postpartum-onset diabetes: results from a retrospective cohort.,Boychuk NA; McCarthy KJ; Liu SH; Howell FM; Wu B; Albrecht SS; Chan HT; Kennedy J; Seil K; Tabaei B; Vieira L; Mayer V; Janevic T,2026,2026-04-30,https://pubmed.ncbi.nlm.nih.gov/42061970/,BMJ open diabetes research & care,10.1136/bmjdrc-2025-005745,"Diabetes Mellitus, Type 2; Health Services; Healthcare Disparities; Women's Health",42061970
,Using a life table to quantify survival-related selection bias in studies of racial health disparities.,Xia Q; Manandhar-Sasaki P; Bertolino D; Torian LV; Edelstein ZR; Zheng Y,2026,2026-04-27,https://pubmed.ncbi.nlm.nih.gov/42054918/,Social science & medicine (1982),10.1016/j.socscimed.2026.119341,N/A,42054918
,"Dietary behaviors, lifestyle habits, food insecurity risk and depressive symptoms among New York City adolescents: a cross-sectional study.",Jackson J; Conigliaro T; Fenlon J; Solomon E; A Dowling E; Dreisbach N; Hamwey M,2026,2026-04-23,https://pubmed.ncbi.nlm.nih.gov/42026518/,BMC pediatrics,10.1186/s12887-026-06819-1,Dietary behaviors; Food insecurity risk; Lifestyle habits; New York City; Self-reported depressive symptoms; Students,42026518
,Exploring provider preferences in the design of HIV treatment packages integrating long-acting injectable antiretroviral therapy in New York Ryan White Part A medical case management programs: A discrete choice experiment.,Zimba R; Kelvin EA; Kulkarni S; Carmona J; Avoundjian T; Emmert C; Peterson M; Irvine M; Nash D,2026,2026-04-23,https://pubmed.ncbi.nlm.nih.gov/42078344/,medRxiv : the preprint server for health sciences,10.64898/2026.04.22.26351494,Antiretroviral therapy; Discrete choice experiment; HIV; Healthcare providers; Long-acting injectables; New York,42078344
,Age Adjustment in Racial Disparity Analyses.,Xia Q; Torian LV; Edelstein ZR,2026,2026-04-16,https://pubmed.ncbi.nlm.nih.gov/41990278/,American journal of public health,10.2105/AJPH.2026.308515,N/A,41990278
,"Electrical power outages and asthma-related emergency department visits in New York City, 2018-2022.",Flores NM; Rudolph KE; Spira-Cohen A; Walters S; Do V; Northrop AJ; Hernández D; Lovinsky-Desir S; Perzanowski MS; Casey JA,2026,2026-04-14,https://pubmed.ncbi.nlm.nih.gov/41979329/,"Epidemiology (Cambridge, Mass.)",10.1097/EDE.0000000000001991,asthma exacerbations; climate change; energy justice; housing and health; power outages,41979329
,Does human papillomavirus vaccination status differ by disability status in New York city public schools?,Lyons AJ; Mhatre MM; Argenio K; Day S; Ternier A; McDermott S; Jones HE,2026,2026-04-11,https://pubmed.ncbi.nlm.nih.gov/41785680/,Vaccine,10.1016/j.vaccine.2026.128404,Autism; Developmental disability; Intellectual disability; Vaccination,41785680
,Antiracism Pedagogy in Medical Education.,Abbasi H; Fleuristal J; Legros NC; Eyssallenne AP,2026,2026-04-09,https://pubmed.ncbi.nlm.nih.gov/41944558/,The New England journal of medicine,10.1056/NEJMp2602091,N/A,41944558
,"National HIV Behavioral Surveillance Among Women of Transgender Experience and Transfeminine People in Nine Cities in the United States, 2023-2024.",Al-Tayyib A; Glick SN; Wilson EC; Olsson T; Rivera AV; Ma Y; Leonard CM; Nassau T; Barak N; McFarland W,2026,2026-04-01,https://pubmed.ncbi.nlm.nih.gov/41920471/,AIDS and behavior,10.1007/s10461-026-05116-3,Behavioral factors; HIV; Prevention; Transfeminine; Transgender,41920471
,Blood Lead Levels ≥ 45 mcg/dL in Pregnancy: An Observational Study.,Trim A; Ehrlich J; Sedlar S,2026,2026-04-01,https://pubmed.ncbi.nlm.nih.gov/41918451/,BJOG : an international journal of obstetrics and gynaecology,10.1111/1471-0528.70220,ayurvedic remedies; blood lead level; chelation; lead poisoning in pregnancy; pica,41918451
,Addressing Unintended Teen Pregnancy Through Reproductive Health Service Delivery by School Nurses and Physicians.,Fisher R; Haller PS; Danza P; Collier KL; Tiezzi L,2026,2026-04-01,https://pubmed.ncbi.nlm.nih.gov/41748129/,The Journal of school health,10.1111/josh.70080,contraception; program evaluation; reproductive health; school nursing; teenagers,41748129
,Measurement and Correlates of Peer Social Support During Brief Psychiatric Treatment: The Fellow Travelers in Treatment Scale.,Peckham AD; Winer JP; Dattolico DB; Björgvinsson T; Beard C,2026,2026-04-01,https://pubmed.ncbi.nlm.nih.gov/41618638/,Journal of clinical psychology,10.1002/jclp.70086,partial hospitalization; peer support; social connection; social contact; social support,41618638
,Integrating Hepatitis C Virus Services for People Who Use Drugs into Inpatient Substance Use Disorder Treatment Programs Via Telehealth.,Riazi F; Green C; Smalls S; Hunter A; Diaz Munoz D; Fuseau I; Giardina M; Herrera J; Idlett R; Khatun U; Kutscher E; Weiss JJ,2026,2026-04-01,https://pubmed.ncbi.nlm.nih.gov/41449496/,Telemedicine journal and e-health : the official journal of the American Telemedicine Association,10.1177/15305627251406807,People Who Inject Drugs (PWID); community health worker; hepatitis C virus (HCV); homelessness; inpatient substance use treatment; telehealth; telemedicine,41449496
,Piloting a Point-of-Care Drug-Checking Service at Syringe Service Programs in New York City.,Estrada Y; Helmy HL; Jordan AE; Trinidad AJ; Dominguez Gomez L; Zaidi I; Sauer J; Harocopos A,2026,2026-04-01,https://pubmed.ncbi.nlm.nih.gov/41261884/,Substance use & addiction journal,10.1177/29767342251376805,Fourier-transform infrared; drug checking; drug overdose; harm reduction; spectroscopy,41261884
,Worker and Restaurant Characteristics Associated with Food Safety Culture: An Environmental Health Specialists Network Study.,Kramer AJ; Hedeen N; Viveiros B; DiPrete L; Irving DJ; Nicholas DC; McKelvey W; Monroy JA; Tuttle J; Brown LG,2026,2026-04-01,https://pubmed.ncbi.nlm.nih.gov/40184265/,Foodborne pathogens and disease,10.1089/fpd.2024.0132,food safety culture; food safety management systems; restaurant food safety,40184265
,Health Care Providers' Reported Barriers to Pre-Exposure Prophylaxis Initiation Among Cisgender Women.,Goldberg AJ; Flores RA; Desir A; Hickmon M; Ball T; Purtle J; Operario D; Golub SA; Price DM; Pellowski JA,2026,2026-03-30,https://pubmed.ncbi.nlm.nih.gov/41910950/,Health education & behavior : the official publication of the Society for Public Health Education,10.1177/10901981261435602,HIV; health care; pre-exposure prophylaxis; sexual health; women’s health,41910950
,"Evaluation of the Newborn Metabolic Screening Form for Surveillance of Postpartum Patients for Hepatitis B Infection in New York City, 2019-2022.",Matalka O; Lazaroff J; Rosen JB; Arciuolo RJ,2026,2026-03-27,https://pubmed.ncbi.nlm.nih.gov/41889251/,"Public health reports (Washington, D.C. : 1974)",10.1177/00333549261429354,hepatitis B; perinatal; surveillance,41889251
,Post-Traumatic Growth and Quality of Life Among World Trade Center Health Registry Enrollees 16 Years After 9/11.,Alper HE; Feliciano L; Millien L; Pollari C; Locke S,2026,2026-03-20,https://pubmed.ncbi.nlm.nih.gov/41899770/,International journal of environmental research and public health,10.3390/ijerph23030393,9/11; SF-12; World Trade Center; mental function; physical function; post-traumatic growth; quality of life,41899770
,Care trajectories among people with opioid use disorder after release from New York City jails: A state sequence analysis approach.,Cherian T; Bórquez I; Krawczyk N; Katyal M; Goldfeld KS; Wiewel E; Khan M; Braunstein SL; Murphy SM; Jalali A; Oyemakinde B; Jeng PJ; Rosner Z; MacDonald R; Lee JD; Lim S,2026,2026-03-19,https://pubmed.ncbi.nlm.nih.gov/42066528/,Drug and alcohol dependence,10.1016/j.drugalcdep.2026.113135,Buprenorphine; Care trajectories; Criminal legal system; Jail; Methadone; Opioid use disorder; State sequence analysis,42066528
,"The reach, effectiveness, implementation, and maintenance of a New York City harm reduction program enrolling priority populations who use meth, 2017-2022.",Reynolds C; Montero N; Ramsdell E; Silva F; Knox J; Irvine M; Rodriguez-Hart C,2026,2026-03-18,https://pubmed.ncbi.nlm.nih.gov/41865710/,Drug and alcohol dependence,10.1016/j.drugalcdep.2026.113134,Evaluation; HIV/AIDS; Harm reduction; Implementation science; Methamphetamine; RE-AIM,41865710
,Whole genome sequencing for Mycobacterium tuberculosis in public health responses: a review of current practice and enablers in select low-incidence jurisdictions.,Denholm JT; de Vries G; Anthony R; Robinson E; Backx M; Laurenson IF; Seagar AL; Trieu L; Modestil H; Meissner JS; Ng DHL; Tay JY; Marais BJ; Sintchenko V; Lee R; Donnan EJ,2026,2026-03-17,https://pubmed.ncbi.nlm.nih.gov/41840620/,BMC public health,10.1186/s12889-026-26979-0,Cluster analysis; Computational biology; Genomics; Mycobacterium tuberculosis; Policy making; Public health,41840620
,Modeling the impact of vaccine dose prioritization strategies during the 2022 mpox outbreak.,Clay PA; Pollock ED; Saldarriaga EM; Pathela P; Macaraig M; Zucker JR; Crouch B; Kracalik I; Spicknall IH,2026,2026-03-17,https://pubmed.ncbi.nlm.nih.gov/40069944/,American journal of epidemiology,10.1093/aje/kwaf054,JYNNEOS; STI; epidemic; mathematical modeling; mpox; network; vaccination,40069944
,Wait Time Modifications for Black Transplant Candidates Affected by Race-Based Kidney Function Estimation.,Khazanchi R; Fleishman A; Eneanya ND; Michelson KA; Diao JA; Morse M; Pavlakis M,2026,2026-03-09,https://pubmed.ncbi.nlm.nih.gov/41801177/,JAMA internal medicine,10.1001/jamainternmed.2026.0001,N/A,41801177
,"Factors Associated with Mpox Vaccination Uptake Among Women of Transgender Experience and Transfeminine People in New York City, 2024.",Rivera AV; Rodriguez K; Shelton M; Edelstein Z,2026,2026-03-03,https://pubmed.ncbi.nlm.nih.gov/41776118/,AIDS and behavior,10.1007/s10461-026-05090-w,HIV; Mpox; Vaccine; Women of transgender experience,41776118
,The return on investment of TB contact tracing in New York City.,Goldwater J; Harris Y; Neustrom K; Trieu L; Chuck C; Gao L,2026,2026-03-01,https://pubmed.ncbi.nlm.nih.gov/41847584/,Public health action,10.5588/pha.25.0054,TBI; cost-effectiveness; public health infrastructure; tuberculosis,41847584
,Childhood Sleep Duration and Academic Achievement: Effect Modification of Sociodemographic and Environmental Factors.,Cheon YM; Lorenzo KB; Deng WQ; Seligson AL; Yip T,2026,2026-03-01,https://pubmed.ncbi.nlm.nih.gov/41649417/,"Child: care, health and development",10.1111/cch.70243,academic achievement; childhood sleep duration; sociodemographic and environmental factors,41649417
,Effect of World Trade Center Health Program on mortality among 9/11 responders.,Parvin A; Kehm RD; Qiao B; Cone JE; Farfel MR; Zeig-Owens R; Goldfarb DG; Shapiro MZ; Todd AC; Insaf T; Hall CB; Boffetta P; Li J,2026,2026-03-01,https://pubmed.ncbi.nlm.nih.gov/41619826/,Annals of epidemiology,10.1016/j.annepidem.2026.01.014,9/11 responders; Mortality; Specific cause of death; Terrorist attacks; WTC Health Program; World Trade Center (WTC),41619826
,"Serious psychological distress, unmet mental health treatment needs, and help-seeking among Asian American adults in New York City: A population-based study.",Vu TT; Lian Z; Ngo VK; Suss R; Caton JA; Norman C,2026,2026-03-01,https://pubmed.ncbi.nlm.nih.gov/41539059/,Social science & medicine (1982),10.1016/j.socscimed.2026.118931,Asian Americans; Help-seeking; Mental health; New York City; Psychosocial factors; Serious psychological distress; Unmet needs,41539059
,Public health surveillance and outbreak preparedness for mpox.,Pathela P; Nagao K; Braunstein S,2026,2026-03-01,https://pubmed.ncbi.nlm.nih.gov/41461023/,Current opinion in HIV and AIDS,10.1097/COH.0000000000001005,mpox outbreak preparedness; mpox surveillance; mpox surveillance systems,41461023
,Relationship between patient-rated cleanliness and <i>Clostridioides difficile</i> standardized infection ratios in U.S. medicare-certified hospitals.,Rocca AG; Greendyke WG; Furuya EY; Freedberg DE,2026,2026-03-01,https://pubmed.ncbi.nlm.nih.gov/41382990/,Infection control and hospital epidemiology,10.1017/ice.2025.10336,N/A,41382990
,"Mpox Among Pregnant Women and Their Infants in the U.S. Outbreak, 2022-2023.",Roth NM; Hutcherson HM; Davis KM; Nguyen K; Oh H; Newton SM; Neelam V; Olsen EO; Merriweather A; Willabus T; Halai UA; Lee G; Chou J; Ricketts E; Aveni K; Shinall A; Sokale A; Tori M; Devasia R; McCollum AM; Shelus V; Yu PA; Yu Y; Tong VT; Fountain A; Meaney-Delman D,2026,2026-03-01,https://pubmed.ncbi.nlm.nih.gov/40934520/,Obstetrics and gynecology,10.1097/AOG.0000000000006072,N/A,40934520
,Trends in Active Tuberculosis Cases Diagnosed in New York City During the COVID-19 Pandemic.,Bamforth EG; Jordan HT; Trieu L,2026,2026-02-28,https://pubmed.ncbi.nlm.nih.gov/41761719/,"Public health reports (Washington, D.C. : 1974)",10.1177/00333549261420093,SARS-CoV-2; TB; delayed diagnosis; disease severity; tuberculosis epidemiology,41761719
,(Un)masking Tuberculosis.,Burzynski JN; Schluger NW,2026,2026-02-25,https://pubmed.ncbi.nlm.nih.gov/41014593/,Clinical infectious diseases : an official publication of the Infectious Diseases Society of America,10.1093/cid/ciaf528,effective; intervention; isolation; transmission; tuberculosis,41014593
,School-Based Health Centers and Use of Effective Contraception among Sexually Active Female Teens in NYC Public High Schools.,Fisher R; Danza P; Collier KL; Tiezzi L,2026,2026-02-20,https://pubmed.ncbi.nlm.nih.gov/41721145/,Journal of urban health : bulletin of the New York Academy of Medicine,10.1007/s11524-025-01037-z,Contraception; Long-acting reversible contraception; Program evaluation; School-based health centers; Teens,41721145
,HIV Treatment and Program Preferences Among Ryan White Clients in New York City in the Era of Long-Acting Injectable ART: A Discrete Choice Experiment.,Zimba R; Kelvin EA; Kulkarni S; Carmona J; Avoundjian T; Emmert C; Peterson M; Irvine M; Nash D,2026,2026-02-16,https://pubmed.ncbi.nlm.nih.gov/41757214/,medRxiv : the preprint server for health sciences,10.64898/2026.02.13.26346257,HIV; New York City; antiretroviral therapy; discrete choice experiment; long-acting injectable; medical case management,41757214
,"Adverse childhood experiences, exposure to the World Trade Center attacks, and chronic symptoms of depression, PTSD, and unhealthy drinking.",Parcesepe AM; Sanborn J; Sisti JS; Metzler J,2026,2026-02-15,https://pubmed.ncbi.nlm.nih.gov/41232690/,Journal of affective disorders,10.1016/j.jad.2025.120671,Adverse childhood events; Alcohol; Depression; Mental health; PTSD; Trauma,41232690
,Purchases of toddler formula in the USA: 17 years of household demographics and spending.,Kaidbey JH; Kuttamperoor JT; Sharkey AL; Dowling EA; Conigliaro T; Sylvetsky AC,2026,2026-02-11,https://pubmed.ncbi.nlm.nih.gov/41668330/,Public health nutrition,10.1017/S1368980026102055,Child nutrition; Sugary beverages; Toddler drink; Toddler formula; Toddler milk,41668330
,"""I Didn't Know Him Before the Pandemic… Now He's on My Speed Dial"": Strengthening Collaboration Between Infectious Diseases Physicians and State and Local Public Health for Future Public Health Emergencies.",Valencia D; Edwards L; Horter L; Turner H; Kaur M; Vaidya M; Johnson T; Briggs E; Wollins D; Phua S; Chen AY; Felt-Lisk S; Werbel WA; Kim AI; Lim S; Lynch JB; Foote MMK; Wiley Z; Vaishampayan J; Patel P; Santibañez S,2026,2026-02-09,https://pubmed.ncbi.nlm.nih.gov/40358245/,Clinical infectious diseases : an official publication of the Infectious Diseases Society of America,10.1093/cid/ciaf179,collaboration; infectious diseases; infectious diseases experts; preparedness; public health emergencies,40358245
,"New York City Neighborhood Wellness Survey: an expansive population-level behavioral health assessment of New York City residents, 2023.",Tuazon E; Millington M; Balasubramanian S; Harocopos A; Norman C; Fleary S,2026,2026-02-06,https://pubmed.ncbi.nlm.nih.gov/41652385/,BMC public health,10.1186/s12889-026-26457-7,Mental health; Population surveys; Substance use,41652385
,The Critical Role of Community-Based National HIV Behavioral Surveillance in the United States' Response to HIV.,Glick SN; Al-Tayyib A; Wilson EC; McFarland W; Lipira L; Kuo I; German D; Leonard C; Mgbere O; Rivera AV; Sey EK; Wermuth PP,2026,2026-02-03,https://pubmed.ncbi.nlm.nih.gov/41632368/,AIDS and behavior,10.1007/s10461-025-05027-9,N/A,41632368
,Early Intervention Developmental Programming and Childhood Academic Outcomes.,Stingone JA; McVeigh KH; Lednyak L,2026,2026-02-02,https://pubmed.ncbi.nlm.nih.gov/41661596/,JAMA network open,10.1001/jamanetworkopen.2025.55890,N/A,41661596
,Peer Navigator Intervention and Opioid-Related Adverse Events for Emergency Department Patients: A Randomized Clinical Trial.,Doran KM; Welch AE; Kepler KL; Jeffers A; Chambless D; Cowan E; Wittman I; Regina A; Siu K; Bailey VS; Rostam-Abadi Y; Kennedy J; Kunins HV; Gwadz M; Shelley D; Cleland CM; McNeely J,2026,2026-02-02,https://pubmed.ncbi.nlm.nih.gov/41649817/,JAMA network open,10.1001/jamanetworkopen.2025.55903,N/A,41649817
,Considerations of HIV PrEP Among Heterosexually Active Women and Men: Results from a Qualitative Study in New York City.,Meunier É; Ávila A; Kobrak P,2026,2026-02-01,https://pubmed.ncbi.nlm.nih.gov/41611990/,Archives of sexual behavior,10.1007/s10508-025-03303-2,HIV/AIDS; Heterosexuality; Pre-Exposure Prophylaxis (PrEP); Sexual orientation,41611990
,Public reporting guidelines for outbreak data: Enabling accountability for effective outbreak response by developing standards for transparency and uniformity.,Grégoire V; Zhu AW; Brown CM; Brownstein JS; Cardo D; Cumming F; Danila R; Donnelly CA; Duchin JS; Fill MA; Fullerton K; Funk S; George D; Hopkins S; Kraemer MUG; Layton M; Lessler J; Lynfield R; McCaw JM; McPherson TD; Moore Z; Morgan O; Riley S; Rosenfeld R; Samoff E; Schaffner W; Shaffner J; Sturm R; Terashita D; Walke H; Washington RE; Rivers CM,2026,2026-02-01,https://pubmed.ncbi.nlm.nih.gov/41420992/,Public health,10.1016/j.puhe.2025.106102,Data reporting; Epidemic; Outbreak; Public reporting; Reporting guidelines; Reporting standards,41420992
,"Probable posttraumatic stress disorder related to the September 11, 2001, terrorist attacks and self-inflicted injury-related hospitalizations and emergency department visits.",Locke S; Sisti J; Takemoto E; Seil K; Pollari C; Cone JE; Li J,2026,2026-02-01,https://pubmed.ncbi.nlm.nih.gov/41157825/,Journal of traumatic stress,10.1002/jts.70023,N/A,41157825
,Synonymous substitution rate slowdown preceding the emergence of SARS-CoV-2 variants and during persistent infections.,Havens JL; Gangavarapu K; Wang JC; Taki F; Luoma E; Pekar JE; Amin H; Lonardo SD; Omoregie E; Hughes S; Andersen KG; Vasylyeva TI; Suchard MA; Wertheim JO,2026,2026-01-28,https://pubmed.ncbi.nlm.nih.gov/41646655/,medRxiv : the preprint server for health sciences,10.64898/2026.01.26.26344861,N/A,41646655
,The HIV-treatment-as-prevention adoption cascade among U.S. men and gender-minority individuals who have sex with men.,Meunier É; Sauermilch D,2026,2026-01-22,https://pubmed.ncbi.nlm.nih.gov/41646818/,medRxiv : the preprint server for health sciences,10.64898/2026.01.19.26344396,"HIV; Health Knowledge, Attitudes, Practice; Health Surveys; Precaution Adoption Process Model; Sexual and Gender Minorities; Treatment as Prevention; United States",41646818
,"Improvement and disparities in sustained viral suppression among people with HIV in New York City, 2014-2023.",Salim MS; Manandhar-Sasaki P; Bertolino D; Torian LV; Xia Q,2026,2026-01-22,https://pubmed.ncbi.nlm.nih.gov/41569263/,AIDS care,10.1080/09540121.2025.2600648,HIV; New York City; SDG 10: reduced inequalities; SDG 3: good health and well-being; SDG 5: gender equality; disparity; viral load,41569263
,"Inappropriate antibiotic prescribing for acute respiratory illnesses in outpatient settings in New York City, 2019-2022.",Santiago CN; Devinney K; Kratz MM; Mantell E; Cave E; Alroy KA; Greendyke WG; Burton N,2026,2026-01-01,https://pubmed.ncbi.nlm.nih.gov/42038618/,Antimicrobial stewardship & healthcare epidemiology : ASHE,10.1017/ash.2026.10351,N/A,42038618
,"Trends in 4th-12th grade students' aerobic capacity and muscular strength and endurance: New York City public school students, 2006-2019.",Day S; Nguyen C; Argenio K; Konty K; Dougan SS; D'Agostino E; Neshteruk CD; Wagner BE; Thompson HR,2026,2026-01-01,https://pubmed.ncbi.nlm.nih.gov/41788529/,Frontiers in public health,10.3389/fpubh.2026.1682913,cardiorespiratory fitness (CRF); elementary students; muscular endurance; muscular strength; secondary students,41788529
,How do we promote methadone and buprenorphine initiation among people with opioid use disorder?,Welch A; Tuazon E; Mantha S,2026,2026-01-01,https://pubmed.ncbi.nlm.nih.gov/41779936/,The American journal of drug and alcohol abuse,10.1080/00952990.2026.2639477,Buprenorphine; low threshold treatment; medication for opioid use disorder; methadone,41779936
,From law enforcement to public safety: Police officer experiences of naloxone administration to reverse opioid overdose in New York City.,Allen B; Harocopos A,2026,2026-01-01,https://pubmed.ncbi.nlm.nih.gov/41538396/,PloS one,10.1371/journal.pone.0341062,N/A,41538396
,"Longitudinal study of smoking cessation among World Trade Center Health Registry enrollees, 2003-2021.",Sirbu L; Sisti JS; Cone JE,2026,2026-01-01,https://pubmed.ncbi.nlm.nih.gov/41442976/,Drug and alcohol dependence,10.1016/j.drugalcdep.2025.113010,"9/11; PTSD; Post-traumatic stress disorder; Smoking; Smoking cessation; World Trade, Center",41442976
,Impact of a Revised Ryan White Part A HIV Care Coordination Program on Viral Suppression and Durable Viral Suppression.,Avoundjian T; Robertson MM; Abdelqader F; Braunstein SL; Nash D; Irvine MK,2026,2026-01-01,https://pubmed.ncbi.nlm.nih.gov/41380170/,Journal of acquired immune deficiency syndromes (1999),10.1097/QAI.0000000000003768,HIV; care coordination; medical case management; viral suppression,41380170
,"A descriptive study of drug overdose epidemics, overdose prevention efforts, and opioid settlement fund distribution across six states.",Li Z; Chiddawar TV; Shaw LC; Dennis A; Lieberman A; Kingsepp A; Trinidad AJ; Tuazon E; Welch AE; Chatterjee A; Schackman BR; Enns EA; Walley AY; Green TC; Wagner KD; Winograd RP; Behrends CN; Crable EL; Marshall BDL; Zang X,2026,2026-01-01,https://pubmed.ncbi.nlm.nih.gov/41351927/,The International journal on drug policy,10.1016/j.drugpo.2025.105100,Drug overdose; Drug paraphernalia laws; Harm reduction; Naloxone access laws; Opioid settlements,41351927
,"Characteristics of Inpatient Admission for Mpox Infection Control Isolation at 2 Large New York City Health Systems, 2022-2023.",DiLorenzo MA; Lo Piccolo A; Butler DS; Jano K; Oberoi A; Mansuri A; Nauth M; Bratu S; Meissner JS; Foote MMK; Mukherjee V; Postelnicu R; Chan J,2026,2026-01-01,https://pubmed.ncbi.nlm.nih.gov/41277010/,"Public health reports (Washington, D.C. : 1974)",10.1177/00333549251385983,disease outbreaks; emerging infectious diseases; hospitalization; infection control; mpox,41277010
,"Opioid Overdose Mortality Among Patients Receiving a Peer-Delivered, Emergency Department-Based Nonfatal Opioid Overdose Intervention in New York City, 2017-2022.",Kepler KL; Welch AE; Tuazon E; Chambless D; Kennedy J; Jeffers A,2026,2026-01-01,https://pubmed.ncbi.nlm.nih.gov/41100804/,American journal of public health,10.2105/AJPH.2025.308270,N/A,41100804
,Characterizing complex opioid use disorder care trajectories and outcomes following acute service utilization: A protocol for a population-based data linkage study.,Krawczyk N; Bórquez I; Miller M; Lim SW; Cherian T; Schatz D; Harocopos A; Carter E; Scott M; Henry BF; Frank D; Cerdá M; Williams AR,2026,2026-01-01,https://pubmed.ncbi.nlm.nih.gov/42060640/,PloS one,10.1371/journal.pone.0345769,N/A,42060640
,Embedding Racial Equity in a Health Access Campaign in New York City: The Importance of Tailored Engagement.,Hyland J; Cohodes M; Glenn L; De Leon S; Shakya S; Herrera E,,-01-01,https://pubmed.ncbi.nlm.nih.gov/41538401/,Journal of public health management and practice : JPHMP,10.1097/PHH.0000000000002320,cultural beliefs; health communications; health insurance; racial equity,41538401
